x,y,planta,planta-numero,id,id_vell,DN,OD mm,WT mm,material,area m2,Flow velocity ms,volume flow rate m3s,volume flow rate m3h
350.0,131.0,AT,AT-01,BV-10501,AT-1,150,168.3,4.8,acer,0.02099546005348144,3.0,0.06298638016044432,226.75096857759954
370.0,134.0,AT,AT-02,-10702,AT-2,150,168.3,4.8,acer,0.02099546005348144,3.0,0.06298638016044432,226.75096857759954
398.0,135.0,AT,AT-03,-10603,AT-3,150,168.3,4.8,acer,0.02099546005348144,3.0,0.06298638016044432,226.75096857759954
413.0,137.0,AT,AT-04,-10804,AT-4,150,168.3,4.8,acer,0.02099546005348144,3.4,0.07138456418183689,256.9844310546128
430.0,140.0,AT,AT-05,-10405,AT-5,150,168.3,4.8,acer,0.02099546005348144,3.4,0.07138456418183689,256.9844310546128
482.0,118.0,AT,AT-06,-10906,AT-6,-,204.0,4.8,inox,0.03116510177843532,1.35,0.04207288740088769,151.46239464319567
600.0,215.0,AT,AT-07,-07,AT-7,350,355.6,8.0,acer,0.09489632999510088,2.35,0.22300637548848706,802.8229517585535
1042.0,785.0,E-700,E-700-01,E-70001,E700,200,220.0,,acer,0.0380132711084365,,0.0,0.0
928.0,746.0,E-700,E-700-02,E-73302,EI733,80,88.9,4.0,acer,0.005661157815750442,,0.0,0.0
820.0,1017.0,E-700,E-700-07,E-75207,EI752,80,88.9,4.0,acer,0.005661157815750442,,0.0,0.0
819.0,982.8,E-700,E-700-06,E-77206,EI772,65,76.1,3.6,acer,0.004128249096357837,,0.0,0.0
813.0,935.0,E-700,E-700-05,E-7x205,EI7X2,100,114.0,4.5,acer,0.009417120328676254,,0.0,0.0
926.0,838.0,E-700,E-700-03,E-75003,ER750,,,,acer,0.0,,0.0,0.0
882.0,845.0,E-700,E-700-04,E-77004,ER770,,,,acer,0.0,,0.0,0.0
1073.0,1081.0,E-700,E-700-08,E-12008,Y120,125,141.0,5.0,acer,0.014526724430199206,,0.0,0.0
1515.0,911.0,E-800,E-800-01,E-80001,E800,155,155.0,1.8,inox,0.018433483390497326,0.7,0.012903438373348128,46.45237814405326
1504.0,967.0,E-800,E-800-02,E-80102,EI801,80,88.9,2.0,inox,0.005931020624693805,0.5,0.0029655103123469024,10.675837124448849
1525.0,952.0,E-800,E-800-03,E-80603,EI806,125,139.7,2.0,inox,0.0148921623416464,0.62,0.009233140651820768,33.23930634655476
1340.0,912.0,E-900/E-1000,E-900/E-1000-06,E-100106,EI-1001,80,88.9,2.0,inox,0.005931020624693805,,0.0,0.0
1346.0,1187.0,E-900/E-1000,E-900/E-1000-09,E-100609,EI1006,125,139.7,2.0,inox,0.0148921623416464,0.9,0.01340294610748176,48.25060598693434
1121.0,827.0,E-900/E-1000,E-900/E-1000-01,E-90001,EI-9001000,204,204.0,2.0,inox,0.03204738665926948,,0.0,0.0
1359.0,956.0,E-900/E-1000,E-900/E-1000-02,E-90002,EI-9001006,204,204.0,2.0,inox,0.03204738665926948,2.0,0.06409477331853897,230.74118394674028
1337.0,1003.0,E-900/E-1000,E-900/E-1000-07,E-90107,EI-901,80,88.9,2.0,inox,0.005931020624693805,,0.0,0.0
1346.0,1260.0,E-900/E-1000,E-900/E-1000-08,E-90608,EI906,125,139.7,2.0,inox,0.0148921623416464,1.8,0.02680589221496352,96.50121197386868
1359.0,1228.0,E-900/E-1000,E-900/E-1000-05,E-90605,EI-906,155,154.0,2.0,inox,0.018145839167134643,2.5,0.045364597917836605,163.31255250421177
1359.0,1108.0,E-900/E-1000,E-900/E-1000-03,E-90003,EI-9061006,204,204.0,2.0,inox,0.03204738665926948,1.8,0.05768529598668507,207.66706555206625
1359.0,1163.0,E-900/E-1000,E-900/E-1000-04,E-90004,EI-9061006,155,154.0,2.0,inox,0.018145839167134643,2.8,0.050808349667976996,182.91005880471718
1049.0,913.0,GF,GF-01,Y-10001,Y100,204,204.0,2.0,inox,0.03204738665926948,,0.0,0.0
,,GF,GF-04,Y-12004,Y120,129,129.0,2.0,inox,0.012667686977437444,,0.0,0.0
1020.0,1174.0,GF,GF-05,Y-16005,Y160,129,129.0,2.0,inox,0.012667686977437444,,0.0,0.0
1024.0,1148.0,GF,GF-02,Y-10002,Y160170,204,204.0,2.0,inox,0.03204738665926948,,0.0,0.0
1024.0,1233.0,GF,GF-03,Y-17003,Y170,100,114.0,2.0,inox,0.009852034561657593,,0.0,0.0
933.0,1204.0,liq-liq,liq-liq-01,L-65001,L650,65,76.1,3.6,acer,0.004128249096357837,,0.0,0.0
926.0,1092.0,liq-liq,liq-liq-04,L-67004,L670,125,139.0,5.0,acer,0.014102609421964583,,0.0,0.0
923.0,1292.0,liq-liq,liq-liq-02,L-65102,LI651,43,43.0,2.0,acer,0.0013202543126711107,,0.0,0.0
778.0,1285.0,liq-liq,liq-liq-03,L-66003,LI660,50,60.3,3.6,acer,0.002524968701524822,,0.0,0.0
888.0,1109.0,liq-liq,liq-liq-06,L-67106,LI671,50,60.3,3.6,acer,0.002524968701524822,,0.0,0.0
823.0,1093.0,liq-liq,liq-liq-05,L-67005,SB670,100,114.0,4.5,acer,0.009417120328676254,,0.0,0.0
1390.0,1248.0,P-400,P-400-01,P-40001,P400,80,88.9,4.0,acer,0.005661157815750442,,0.0,0.0
1454.0,1130.0,P-400,P-400-03,P-40103,PI401A,50,60.3,3.6,acer,0.002524968701524822,,0.0,0.0
1574.0,1150.0,P-400,P-400-04,P-40204,PI402A,50,60.3,3.6,acer,0.002524968701524822,,0.0,0.0
1416.0,1175.0,P-400,P-400-02,P-40102,PR401,40,48.3,3.2,acer,0.0015975077183320431,,0.0,0.0
1629.0,1132.0,P-400,P-400-05,P-40205,PR402,40,48.3,3.2,acer,0.0015975077183320431,,0.0,0.0
1234.0,1271.0,P-600,P-600-01,P-60001,P600,50,60.3,3.6,acer,0.002524968701524822,,0.0,0.0
1216.0,1184.0,P-600,P-600-03,P-60103,PI601,50,60.3,3.6,acer,0.002524968701524822,,0.0,0.0
1217.0,1237.0,P-600,P-600-02,P-60102,PR601,50,60.3,3.6,acer,0.002524968701524822,,0.0,0.0
1570.0,380.0,PEC,PEC-05,E-15005,E150,200,220.0,,acer,0.0380132711084365,,0.0,0.0
1600.0,446.0,PEC,PEC-06,ED-15006,ED150,50,60.3,3.6,acer,0.002524968701524822,,0.0,0.0
1553.0,345.0,PEC,PEC-02,EI-10002,EI-100,125,141.0,5.0,acer,0.014526724430199206,1.9,0.02760077641737849,99.36279510256256
1534.0,436.0,PEC,PEC-03,EI-10103,EI101,80,88.9,4.0,acer,0.005661157815750442,3.0,0.016983473447251325,61.14050441010477
1541.0,476.0,PEC,PEC-04,EI-10204,EI102,80,88.9,4.0,acer,0.005661157815750442,0.46,0.0026041325952452033,9.374877342882732
1702.0,463.0,PEC,PEC-07,EI-15007,EI150,50,60.3,3.6,acer,0.002524968701524822,3.0,0.0075749061045744664,27.26966197646808
1490.0,311.0,PEC,PEC-01,E-10001,PEC,200,220.0,,acer,0.0380132711084365,0.9,0.03421194399759285,123.16299839133426
,,PEC,PEC-08,E-10008,,80,88.9,4.0,acer,0.005661157815750442,,0.0,0.0
1754.0,894.7,sil-pel,sil-pel-01,P-20001,P200,100,114.0,4.5,acer,0.009417120328676254,,0.0,0.0
1739.0,957.0,sil-pel,sil-pel-02,P-20102,P201,65,76.1,3.6,acer,0.004128249096357837,,0.0,0.0
1748.0,918.0,sil-pel,sil-pel-03,P-20203,P202,65,76.1,3.6,acer,0.004128249096357837,,0.0,0.0
1887.0,897.0,sil-pel,sil-pel-01,P-30001,P300,65,76.1,3.6,acer,0.004128249096357837,,0.0,0.0
1873.0,986.0,sil-pel,sil-pel-03,P-30303,P303,50,60.3,3.6,acer,0.002524968701524822,,0.0,0.0
1872.0,944.0,sil-pel,sil-pel-02,P-30402,P304,50,60.3,3.6,acer,0.002524968701524822,,0.0,0.0
1920.0,1000.0,sil-pel,sil-pel-04,P-500304,SI5003,32,42.2,3.2,inox,0.001194590606527519,,0.0,0.0
,,V-700/V-800,V-700/V-800-02,V-70002,V700,100,114.0,5.0,acer,0.009331315579325082,,0.0,0.0
983.0,952.0,V-700/V-800,V-700/V-800-01,V-70001,V700800,150,168.3,5.0,acer,0.020944126429521787,,0.0,0.0
,,V-700/V-800,V-700/V-800-03,V-80003,V800,100,114.0,4.5,acer,0.009417120328676254,,0.0,0.0
1035.0,1023.0,V-700/V-800,V-700/V-800-04,V-71004,VI710,65,73.0,3.6,acer,0.003782760298260934,,0.0,0.0
1031.0,931.0,V-700/V-800,V-700/V-800-06,V-81006,VI810,65,76.1,3.6,acer,0.004128249096357837,,0.0,0.0
,,V-700/V-800,V-700/V-800-05,V-71005,VR710,50,60.3,3.6,acer,0.002524968701524822,,0.0,0.0
,,V-700/V-800,V-700/V-800-07,V-81007,VR810,50,60.3,3.6,acer,0.002524968701524822,,0.0,0.0
,,,-01,R-70101,EI701,100,114.0,4.5,acer,0.009417120328676254,,0.0,0.0
,,,-02,R-70102,EI701,80,88.9,4.0,acer,0.005661157815750442,,0.0,0.0
