Filename;POINTNAME;Type;DATE;TIME;Avg;Median;Mode;Max;Min;DEVICE;MODE;Par.Record;Meas. Point No.;Outer Diameter;Wall Thickness;Roughness;Pipe Material;Lining;Medium;Medium Temperat.;Transducer Type;Sound Path;Transd. Distance;Damping;Full-Scale Val.;Current Loop;Physic. Quant.;Unit Of Measure;Numb.Of Meas.Val;c-Material;c-Medium     MIN;c-Medium     MAX;Kinem.Viscosity;Density;Storage Rate
251007_0000_573-04_Type6.csv;573-04;Type6;251007;0000;8.9040;8.7687;8.8476;19.0271;4.9287;;;;;;;;;;;;;;;;;;;;;;;;;;
251007_1003_573-04_Type6.csv;573-04;Type6;251007;1003;8.9040;8.7687;8.8476;19.0271;4.9287;;;;;;;;;;;;;;;;;;;;;;;;;;
251008_0951_573-04_Type7.csv;573-04;Type7;251008;0951;8.1207;10.0859;0.0000;14.7239;0.0000;;;;;;;;;;;;;;;;;;;;;;;;;;
251008_1151_573-04_Type7.csv;573-04;Type7;251008;1151;3.2554;3.2197;0.0000;8.4863;-4.1414;;;;;;;;;;;;;;;;;;;;;;;;;;
251013_0000_8100_Type2.csv;8100;Type2;251013;0000;10.9468;49.2735;-60.3008;57.7602;-60.3008;;;;;;;;;;;;;;;;;;;;;;;;;;
251013_0841_8100_Type2.csv;8100;Type2;251013;0841;10.9468;49.2735;-60.3008;57.7602;-60.3008;;;;;;;;;;;;;;;;;;;;;;;;;;
251013_0900_8100_Type2.csv;8100;Type2;251013;0900;55.0995;56.0454;57.3582;63.7889;48.7237;;;;;;;;;;;;;;;;;;;;;;;;;;
251013_1020_8100_Type2.csv;8100;Type2;251013;1020;54.4065;56.4305;49.8867;60.6337;48.9010;;;;;;;;;;;;;;;;;;;;;;;;;;
251014_0000_8105_Type2.csv;8105;Type2;251014;0000;58.9829;59.0007;53.5592;59.8443;53.5592;;;;;;;;;;;;;;;;;;;;;;;;;;
251014_0000_8107_Type2.csv;8107;Type2;251014;0000;52.9585;52.9645;52.5601;53.6234;52.4391;;;;;;;;;;;;;;;;;;;;;;;;;;
251014_0000_8109_Type2.csv;8109;Type2;251014;0000;47.1307;47.1408;47.8145;47.8145;46.4208;;;;;;;;;;;;;;;;;;;;;;;;;;
251014_1048_8109_Type2.csv;8109;Type2;251014;1048;47.1307;47.1408;47.8145;47.8145;46.4208;;;;;;;;;;;;;;;;;;;;;;;;;;
251014_1215_8105_Type2.csv;8105;Type2;251014;1215;58.9829;59.0007;53.5592;59.8443;53.5592;;;;;;;;;;;;;;;;;;;;;;;;;;
251014_1308_8105_Type2.csv;8105;Type2;251014;1308;52.9585;52.9645;52.5601;53.6234;52.4391;;;;;;;;;;;;;;;;;;;;;;;;;;
251015_0902_8109_Type2.csv;8109;Type2;251015;0902;41.4233;41.2725;46.6283;46.6283;40.2184;;;;;;;;;;;;;;;;;;;;;;;;;;
251015_0910_8109_Type2.csv;8109;Type2;251015;0910;37.1900;37.0668;36.9031;38.2993;36.4981;;;;;;;;;;;;;;;;;;;;;;;;;;
251015_0916_8105_Type2.csv;8105;Type2;251015;0916;57.4569;57.6701;53.3239;57.8896;53.3239;;;;;;;;;;;;;;;;;;;;;;;;;;
251015_0917_8105_Type2.csv;8105;Type2;251015;0917;57.4569;57.6701;53.3239;57.8896;53.3239;;;;;;;;;;;;;;;;;;;;;;;;;;
251015_0922_8105_Type2.csv;8105;Type2;251015;0922;57.7998;57.5012;57.2441;61.8962;55.5013;;;;;;;;;;;;;;;;;;;;;;;;;;
251015_0922_8107_Type2.csv;8107;Type2;251015;0922;57.7998;57.5012;57.2441;61.8962;55.5013;;;;;;;;;;;;;;;;;;;;;;;;;;
251015_0931_8106_Type2.csv;8106;Type2;251015;0931;50.2857;49.3671;49.0162;63.3781;48.4629;;;;;;;;;;;;;;;;;;;;;;;;;;
251015_0939_8108_Type2.csv;8108;Type2;251015;0939;62.6569;62.9674;62.1045;63.6180;56.6087;;;;;;;;;;;;;;;;;;;;;;;;;;
251015_0945_8104_Type2.csv;8104;Type2;251015;0945;56.8551;56.8979;55.3276;57.3275;55.3276;;;;;;;;;;;;;;;;;;;;;;;;;;
251015_1000_8109_Type2.csv;8109;Type2;251015;1000;46.6633;46.4406;45.8111;48.5459;45.7425;;;;;;;;;;;;;;;;;;;;;;;;;;
251015_1002_8109_Type2.csv;8109;Type2;251015;1002;46.6633;46.4406;45.8111;48.5459;45.7425;;;;;;;;;;;;;;;;;;;;;;;;;;
251015_1005_8109_Type2.csv;8109;Type2;251015;1005;40.3673;40.9364;43.3340;43.3340;36.9532;;;;;;;;;;;;;;;;;;;;;;;;;;
251015_1012_8105_Type2.csv;8105;Type2;251015;1012;54.5397;54.7896;51.4268;55.9388;51.4268;;;;;;;;;;;;;;;;;;;;;;;;;;
251015_1019_8105_Type2.csv;8105;Type2;251015;1019;53.6514;53.7019;52.3977;54.0719;52.3977;;;;;;;;;;;;;;;;;;;;;;;;;;
251015_1021_8100_Type2.csv;8100;Type2;251015;1021;54.4001;50.6587;49.1510;64.3239;49.1510;;;;;;;;;;;;;;;;;;;;;;;;;;
251015_1021_8106_Type2.csv;8106;Type2;251015;1021;49.6999;49.7310;49.1510;49.8519;49.1510;;;;;;;;;;;;;;;;;;;;;;;;;;
251015_1021_8107_Type2.csv;8107;Type2;251015;1021;53.6514;53.7019;52.3977;54.0719;52.3977;;;;;;;;;;;;;;;;;;;;;;;;;;
251015_1026_8100_Type2.csv;8100;Type2;251015;1026;54.4001;50.6587;49.1510;64.3239;49.1510;;;;;;;;;;;;;;;;;;;;;;;;;;
251015_1026_8106_Type2.csv;8106;Type2;251015;1026;49.6999;49.7310;49.1510;49.8519;49.1510;;;;;;;;;;;;;;;;;;;;;;;;;;
251015_1029_8108_Type2.csv;8108;Type2;251015;1029;62.5391;63.2666;61.1643;64.3239;59.7344;;;;;;;;;;;;;;;;;;;;;;;;;;
251015_1030_8108_Type2.csv;8108;Type2;251015;1030;62.5391;63.2666;61.1643;64.3239;59.7344;;;;;;;;;;;;;;;;;;;;;;;;;;
251015_1033_8104_Type2.csv;8104;Type2;251015;1033;50.6173;50.6299;50.0829;50.8615;50.0829;;;;;;;;;;;;;;;;;;;;;;;;;;
251027_0000_573-03_Type2.csv;573-03;Type2;251027;0000;0.1081;0.1079;0.1257;0.1257;0.0965;;;;;;;;;;;;;;;;;;;;;;;;;;
251027_1439_573-03_Type2.csv;573-03;Type2;251027;1439;0.1081;0.1079;0.1257;0.1257;0.0965;;;;;;;;;;;;;;;;;;;;;;;;;;
251028_0000_573-03_Type2.csv;573-03;Type2;251028;0000;0.1382;0.1357;0.1431;0.1482;0.1334;;;;;;;;;;;;;;;;;;;;;;;;;;
251028_1108_573-03_Type2.csv;573-03;Type2;251028;1108;0.1382;0.1357;0.1431;0.1482;0.1334;;;;;;;;;;;;;;;;;;;;;;;;;;
251103_0000_573-03_Type3.csv;573-03;Type3;251103;0000;362.4596;357.1021;422.4675;685.1006;269.7904;;;;;;;;;;;;;;;;;;;;;;;;;;
251103_1252_573-03_Type3.csv;573-03;Type3;251103;1252;362.4596;357.1021;422.4675;685.1006;269.7904;;;;;;;;;;;;;;;;;;;;;;;;;;
251104_0000_373-02_Type3.csv;373-02;Type3;251104;0000;505.4009;498.1847;564.1803;911.2873;235.4879;;;;;;;;;;;;;;;;;;;;;;;;;;
251104_1036_573-02_Type3.csv;573-02;Type3;251104;1036;505.4009;498.1847;564.1803;911.2873;235.4879;;;;;;;;;;;;;;;;;;;;;;;;;;
251110_0000_573-03_Type3.csv;573-03;Type3;251110;0000;48.0612;45.7181;0.0000;181.9261;-4.8774;;;;;;;;;;;;;;;;;;;;;;;;;;
251110_0953_573-03_Type3.csv;573-03;Type3;251110;0953;48.0612;45.7181;0.0000;181.9261;-4.8774;;;;;;;;;;;;;;;;;;;;;;;;;;
251111_0000_573-03_Type3.csv;573-03;Type3;251111;0000;467.7749;493.2196;441.9559;533.2049;365.2910;;;;;;;;;;;;;;;;;;;;;;;;;;
251111_1109_573-03_Type3.csv;573-03;Type3;251111;1109;467.7749;493.2196;441.9559;533.2049;365.2910;;;;;;;;;;;;;;;;;;;;;;;;;;
251112_1147_573-03_Type3.csv;573-03;Type3;251112;1147;357.9389;355.4934;349.6330;447.1567;237.5674;;;;;;;;;;;;;;;;;;;;;;;;;;
251112_1226_573-03_Type3.csv;573-03;Type3;251112;1226;549.9457;639.1222;319.0274;879.7118;-424.2171;;;;;;;;;;;;;;;;;;;;;;;;;;
251112_1303_573-04_Type8.csv;573-04;Type8;251112;1303;-10.6163;-10.8354;-9.6165;-8.9172;-11.3025;;;;;;;;;;;;;;;;;;;;;;;;;;
251114_0000_373-02_Type3.csv;373-02;Type3;251114;0000;355.0570;341.8507;653.4428;668.5131;144.5790;;;;;;;;;;;;;;;;;;;;;;;;;;
251114_1121_573-02_Type3.csv;573-02;Type3;251114;1121;355.0570;341.8507;653.4428;668.5131;144.5790;;;;;;;;;;;;;;;;;;;;;;;;;;
251117_0000_373-02_Type3.csv;373-02;Type3;251117;0000;440.4223;425.1394;408.5847;891.8024;123.2996;;;;;;;;;;;;;;;;;;;;;;;;;;
251117_0924_573-02_Type3.csv;573-02;Type3;251117;0924;440.4223;425.1394;408.5847;891.8024;123.2996;;;;;;;;;;;;;;;;;;;;;;;;;;
251118_0000_573-08_Type3.csv;573-08;Type3;251118;0000;73.7939;58.5161;0.0000;369.8070;-41.5653;;;;;;;;;;;;;;;;;;;;;;;;;;
251118_0249_573-08_Type3.csv;573-08;Type3;251118;0249;73.7939;58.5161;0.0000;369.8070;-41.5653;;;;;;;;;;;;;;;;;;;;;;;;;;
251119_0000_573-10_Type3.csv;573-10;Type3;251119;0000;-3.6520;-4.1120;0.0000;2.3703;-6.2819;;;;;;;;;;;;;;;;;;;;;;;;;;
251119_1123_573-10_Type3.csv;573-10;Type3;251119;1123;-3.6520;-4.1120;0.0000;2.3703;-6.2819;;;;;;;;;;;;;;;;;;;;;;;;;;
251120_0923_573-10_Type3.csv;573-10;Type3;251120;0923;-1952.4991;-2190.2666;-1425.8285;-1344.5768;-2311.9884;;;;;;;;;;;;;;;;;;;;;;;;;;
251120_0932_573-10_Type3.csv;573-10;Type3;251120;0932;-2.8307;0.0000;0.0000;1.1944;-12.5432;;;;;;;;;;;;;;;;;;;;;;;;;;
251121_0000_573-11_Type3.csv;573-11;Type3;251121;0000;53.3381;53.9094;63.3809;106.1155;2.9003;;;;;;;;;;;;;;;;;;;;;;;;;;
251121_0256_573-11_Type3.csv;573-11;Type3;251121;0256;53.3381;53.9094;63.3809;106.1155;2.9003;;;;;;;;;;;;;;;;;;;;;;;;;;
251122_0000_573-03_Type7.csv;573-03;Type7;251122;0000;577.2579;570.8534;735.6841;1239.0944;-315.5518;;;;;;;;;;;;;;;;;;;;;;;;;;
251122_0031_573-03_Type7.csv;573-03;Type7;251122;0031;577.2579;570.8534;735.6841;1239.0944;-315.5518;;;;;;;;;;;;;;;;;;;;;;;;;;
251126_0000_573-03_Type3.csv;573-03;Type3;251126;0000;691.1404;704.4498;486.7092;1802.7101;51.6351;;;;;;;;;;;;;;;;;;;;;;;;;;
251126_1417_573-03_Type3.csv;573-03;Type3;251126;1417;691.1404;704.4498;486.7092;1802.7101;51.6351;;;;;;;;;;;;;;;;;;;;;;;;;;
251127_1243_00.01_Type3.csv;00.01;Type3;251127;1243;743261.0051;742524.3896;754580.4016;758347.0642;726111.2549;;;;;;;;;;;;;;;;;;;;;;;;;;
251127_1244_00.01_Type4.csv;00.01;Type4;251127;1244;779.8918;780.6645;787.6712;794.0103;763.7581;;;;;;;;;;;;;;;;;;;;;;;;;;
251127_1311_8105_Type4.csv;8105;Type4;251127;1311;245.7269;251.0252;251.9445;254.1322;237.7607;;;;;;;;;;;;;;;;;;;;;;;;;;
251127_1311_8107_Type4.csv;8107;Type4;251127;1311;245.7269;251.0252;251.9445;254.1322;237.7607;;;;;;;;;;;;;;;;;;;;;;;;;;
251127_1314_8105_Type4.csv;8105;Type4;251127;1314;233.7418;234.0908;234.1284;236.1334;231.1802;;;;;;;;;;;;;;;;;;;;;;;;;;
251127_1314_8107_Type4.csv;8107;Type4;251127;1314;233.7418;234.0908;234.1284;236.1334;231.1802;;;;;;;;;;;;;;;;;;;;;;;;;;
251127_1315_8106_Type4.csv;8106;Type4;251127;1315;233.1697;232.8639;235.2527;235.2527;231.4889;;;;;;;;;;;;;;;;;;;;;;;;;;
251127_1316_8108_Type4.csv;8108;Type4;251127;1316;268.9148;268.8870;272.4672;273.3260;264.0399;;;;;;;;;;;;;;;;;;;;;;;;;;
251127_1329_573-03_Type4.csv;573-03;Type4;251127;1329;179.0888;179.1968;181.9840;187.1238;168.0466;;;;;;;;;;;;;;;;;;;;;;;;;;
251127_1330_573-03_Type3.csv;573-03;Type3;251127;1330;707.1779;706.3704;763.1163;788.0087;606.9944;;;;;;;;;;;;;;;;;;;;;;;;;;
251201_0000_3906_Type3.csv;3906;Type3;251201;0000;137629.7916;137285.1837;138388.8840;140398.4344;136095.9274;;;;;;;;;;;;;;;;;;;;;;;;;;
251201_0000_573-03_Type3.csv;573-03;Type3;251201;0000;524.3277;510.7311;413.7448;1196.9707;46.6686;;;;;;;;;;;;;;;;;;;;;;;;;;
251201_0229_3906_Type3.csv;3906;Type3;251201;0229;-132020.1657;-132079.4083;-132029.2831;-130505.5893;-133454.4983;;;;;;;;;;;;;;;;;;;;;;;;;;
251201_0230_3906_Type3.csv;3906;Type3;251201;0230;139018.1866;137691.9388;141154.8294;157019.8425;134015.4190;;;;;;;;;;;;;;;;;;;;;;;;;;
251201_0233_3900.03_Type3.csv;3900.03;Type3;251201;0233;206706.3117;207594.9440;211249.8688;211249.8688;201499.0356;;;;;;;;;;;;;;;;;;;;;;;;;;
251201_0234_3900.03_Type3.csv;3900.03;Type3;251201;0234;204145.6095;205701.1139;193256.3782;207321.0342;193256.3782;;;;;;;;;;;;;;;;;;;;;;;;;;
251201_1200_31006_Type3.csv;31006;Type3;251201;1200;44801.8888;44691.0833;47034.3040;47440.6231;41920.1958;;;;;;;;;;;;;;;;;;;;;;;;;;
251201_1416_31006_Type3.csv;31006;Type3;251201;1416;44801.8888;44691.0833;47034.3040;47440.6231;41920.1958;;;;;;;;;;;;;;;;;;;;;;;;;;
251201_1418_3906_Type3.csv;3906;Type3;251201;1418;137629.7916;137285.1837;138388.8840;140398.4344;136095.9274;;;;;;;;;;;;;;;;;;;;;;;;;;
251201_1429_3906_Type3.csv;3906;Type3;251201;1429;-132020.1657;-132079.4083;-132029.2831;-130505.5893;-133454.4983;;;;;;;;;;;;;;;;;;;;;;;;;;
251201_1430_3906_Type3.csv;3906;Type3;251201;1430;139018.1866;137691.9388;141154.8294;157019.8425;134015.4190;;;;;;;;;;;;;;;;;;;;;;;;;;
251201_1433_3900.03_Type3.csv;3900.03;Type3;251201;1433;206706.3117;207594.9440;211249.8688;211249.8688;201499.0356;;;;;;;;;;;;;;;;;;;;;;;;;;
251201_1434_3900.03_Type3.csv;3900.03;Type3;251201;1434;204145.6095;205701.1139;193256.3782;207321.0342;193256.3782;;;;;;;;;;;;;;;;;;;;;;;;;;
251201_1552_573-03_Type3.csv;573-03;Type3;251201;1552;524.3277;510.7311;413.7448;1196.9707;46.6686;;;;;;;;;;;;;;;;;;;;;;;;;;
251202_0951_3906_Type3.csv;3906;Type3;251202;0951;137188.4207;137544.5435;136587.4146;139840.1367;133768.9270;;;;;;;;;;;;;;;;;;;;;;;;;;
251202_0955_3906_Type3.csv;3906;Type3;251202;0955;-137667.4738;-137791.8594;-138881.1676;-134863.9206;-139695.6802;;;;;;;;;;;;;;;;;;;;;;;;;;
251202_0956_3906_Type3.csv;3906;Type3;251202;0956;140410.4737;140538.9084;137272.1375;141992.8665;137272.1375;;;;;;;;;;;;;;;;;;;;;;;;;;
251202_1000_31006_Type3.csv;31006;Type3;251202;1000;46403.0528;46038.5342;43640.4213;52241.0992;40454.8943;;;;;;;;;;;;;;;;;;;;;;;;;;
251202_1003_31006_Type3.csv;31006;Type3;251202;1003;47482.1864;47413.3736;47779.8946;54461.4395;44515.0772;;;;;;;;;;;;;;;;;;;;;;;;;;
251202_1006_3900.03_Type3.csv;3900.03;Type3;251202;1006;212736.3306;213437.1162;207584.9533;216471.3272;204110.9940;;;;;;;;;;;;;;;;;;;;;;;;;;
251202_1008_3900.03_Type3.csv;3900.03;Type3;251202;1008;210890.4844;211132.8781;208097.0673;214246.1014;205162.4680;;;;;;;;;;;;;;;;;;;;;;;;;;
251202_1021_3900.03_Type3.csv;3900.03;Type3;251202;1021;138425.2904;140065.7547;139163.3102;147711.9919;125682.7698;;;;;;;;;;;;;;;;;;;;;;;;;;
251202_1024_3900.03_Type3.csv;3900.03;Type3;251202;1024;88280.5310;138485.3851;139412.0682;144195.8313;-16569.9389;;;;;;;;;;;;;;;;;;;;;;;;;;
251202_1027_3906_Type3.csv;3906;Type3;251202;1027;133841.8654;134415.8844;121620.6024;141260.4904;118950.2243;;;;;;;;;;;;;;;;;;;;;;;;;;
251202_1030_3906_Type3.csv;3906;Type3;251202;1030;138641.2680;138385.2242;138334.3094;143237.7548;136181.3049;;;;;;;;;;;;;;;;;;;;;;;;;;
251202_1033_3906_Type3.csv;3906;Type3;251202;1033;42324.9208;45351.4561;43231.7471;49613.3034;17011.7849;;;;;;;;;;;;;;;;;;;;;;;;;;
251202_1037_3906_Type3.csv;3906;Type3;251202;1037;49095.1583;49106.4629;55784.3204;55784.3204;44511.8156;;;;;;;;;;;;;;;;;;;;;;;;;;
251202_1039_3900.03_Type3.csv;3900.03;Type3;251202;1039;176053.9675;192367.5705;148193.5226;237105.9448;143044.8898;;;;;;;;;;;;;;;;;;;;;;;;;;
251202_1050_3900.01_Type3.csv;3900.01;Type3;251202;1050;101131.0418;140076.6861;0.0000;165997.6501;0.0000;;;;;;;;;;;;;;;;;;;;;;;;;;
251202_1050_3900.03_Type3.csv;3900.03;Type3;251202;1050;101131.0418;140076.6861;0.0000;165997.6501;0.0000;;;;;;;;;;;;;;;;;;;;;;;;;;
251202_1101_3900.01_Type3.csv;3900.01;Type3;251202;1101;162343.0221;213818.4586;0.0000;219055.6961;0.0000;;;;;;;;;;;;;;;;;;;;;;;;;;
251202_1101_3900.03_Type3.csv;3900.03;Type3;251202;1101;162343.0221;213818.4586;0.0000;219055.6961;0.0000;;;;;;;;;;;;;;;;;;;;;;;;;;
251203_1131_8105_Type3.csv;8105;Type3;251203;1131;235424.4835;233144.5496;236088.2538;273352.9724;222287.4619;;;;;;;;;;;;;;;;;;;;;;;;;;
251203_1131_8107_Type3.csv;8107;Type3;251203;1131;235424.4835;233144.5496;236088.2538;273352.9724;222287.4619;;;;;;;;;;;;;;;;;;;;;;;;;;
251203_1136_8106_Type3.csv;8106;Type3;251203;1136;223085.5716;223165.7845;223300.1953;227107.0816;217768.6203;;;;;;;;;;;;;;;;;;;;;;;;;;
251203_1138_8108_Type3.csv;8108;Type3;251203;1138;238141.5495;236190.3717;238872.3541;250156.8787;228992.2394;;;;;;;;;;;;;;;;;;;;;;;;;;
251203_1142_8104_Type3.csv;8104;Type3;251203;1142;226025.3143;226104.2358;235557.8888;237781.6315;217519.7800;;;;;;;;;;;;;;;;;;;;;;;;;;
251204_0000_573-01_Type3.csv;573-01;Type3;251204;0000;223.7082;224.5332;225.1604;230.5343;214.9125;;;;;;;;;;;;;;;;;;;;;;;;;;
251204_0118_3800.01_Type3.csv;3800.01;Type3;251204;0118;45985.9482;46043.0265;44401.3447;47545.3262;44401.3447;;;;;;;;;;;;;;;;;;;;;;;;;;
251204_0119_3800.01_Type3.csv;3800.01;Type3;251204;0119;47140.7493;47086.5955;48849.5888;48849.5888;46051.1375;;;;;;;;;;;;;;;;;;;;;;;;;;
251204_0121_3800.01_Type3.csv;3800.01;Type3;251204;0121;45875.6965;45767.8310;46940.4774;48848.9502;42605.4577;;;;;;;;;;;;;;;;;;;;;;;;;;
251204_1318_3800.01_Type3.csv;3800.01;Type3;251204;1318;45985.9482;46043.0265;44401.3447;47545.3262;44401.3447;;;;;;;;;;;;;;;;;;;;;;;;;;
251204_1319_3800.01_Type3.csv;3800.01;Type3;251204;1319;47140.7493;47086.5955;48849.5888;48849.5888;46051.1375;;;;;;;;;;;;;;;;;;;;;;;;;;
251204_1321_3800.01_Type3.csv;3800.01;Type3;251204;1321;45875.6965;45767.8310;46940.4774;48848.9502;42605.4577;;;;;;;;;;;;;;;;;;;;;;;;;;
251204_1414_573-01_Type3.csv;573-01;Type3;251204;1414;223.7082;224.5332;225.1604;230.5343;214.9125;;;;;;;;;;;;;;;;;;;;;;;;;;
251205_0000_573-01_Type3.csv;573-01;Type3;251205;0000;176.9860;177.8411;206.3417;237.4131;81.8048;;;;;;;;;;;;;;;;;;;;;;;;;;
251205_0445_573-01_Type3.csv;573-01;Type3;251205;0445;176.9860;177.8411;206.3417;237.4131;81.8048;;;;;;;;;;;;;;;;;;;;;;;;;;
251209_0000_8104_Type3.csv;8104;Type3;251209;0000;164584.2860;165145.9900;156257.1579;174164.2273;150250.2319;;;;;;;;;;;;;;;;;;;;;;;;;;
251209_0000_8105_Type3.csv;8105;Type3;251209;0000;158228.4236;157328.8330;152737.0422;169070.8694;150090.8752;;;;;;;;;;;;;;;;;;;;;;;;;;
251209_0000_8106_Type3.csv;8106;Type3;251209;0000;148043.0197;148091.9266;147970.0058;149327.9709;144909.4070;;;;;;;;;;;;;;;;;;;;;;;;;;
251209_0000_8108_Type3.csv;8108;Type3;251209;0000;233229.5993;230122.5403;251893.5699;254213.1683;213962.6541;;;;;;;;;;;;;;;;;;;;;;;;;;
251209_1035_3100.01_Type3.csv;3100.01;Type3;251209;1035;119962.8258;121664.8499;125452.3590;129958.5388;106096.8933;;;;;;;;;;;;;;;;;;;;;;;;;;
251209_1038_3100.01_Type3.csv;3100.01;Type3;251209;1038;119962.8258;121664.8499;125452.3590;129958.5388;106096.8933;;;;;;;;;;;;;;;;;;;;;;;;;;
251209_1042_3100.01_Type3.csv;3100.01;Type3;251209;1042;102791.1625;101725.6805;101160.4408;110646.8262;96827.6733;;;;;;;;;;;;;;;;;;;;;;;;;;
251209_1105_3100.03_Type3.csv;3100.03;Type3;251209;1105;89611.0816;89602.4597;93239.4287;97128.7331;86131.2607;;;;;;;;;;;;;;;;;;;;;;;;;;
251209_1223_3100.01_Type3.csv;3100.01;Type3;251209;1223;-100156.6541;-99669.5515;-105734.6603;-93994.9448;-108226.1192;;;;;;;;;;;;;;;;;;;;;;;;;;
251209_1224_3100.01_Type3.csv;3100.01;Type3;251209;1224;123780.1874;125675.2441;104400.5493;130744.9539;104400.5493;;;;;;;;;;;;;;;;;;;;;;;;;;
251209_1231_3100.03_Type3.csv;3100.03;Type3;251209;1231;-82567.0895;-82889.2467;-75652.9266;-75652.9266;-86508.6891;;;;;;;;;;;;;;;;;;;;;;;;;;
251209_1235_3100.03_Type3.csv;3100.03;Type3;251209;1235;-95436.3259;-95312.8613;-97016.8854;-91964.5271;-101165.3091;;;;;;;;;;;;;;;;;;;;;;;;;;
251209_1236_3100.03_Type3.csv;3100.03;Type3;251209;1236;100106.6651;97556.6780;111576.6335;112015.2214;90730.9959;;;;;;;;;;;;;;;;;;;;;;;;;;
251209_1238_3100.03_Type3.csv;3100.03;Type3;251209;1238;-92279.2651;-94055.9841;-82047.1481;-70743.5349;-109569.7128;;;;;;;;;;;;;;;;;;;;;;;;;;
251209_1240_3100.03_Type3.csv;3100.03;Type3;251209;1240;92231.5060;92807.9544;84190.7387;98237.5145;84190.7387;;;;;;;;;;;;;;;;;;;;;;;;;;
251209_1253_3150_Type3.csv;3150;Type3;251209;1253;28154.9095;28445.5811;27142.6180;32330.9338;20898.2534;;;;;;;;;;;;;;;;;;;;;;;;;;
251209_1255_3150_Type3.csv;3150;Type3;251209;1255;4016.1096;925.2746;0.0000;29962.8101;-610.4325;;;;;;;;;;;;;;;;;;;;;;;;;;
251209_1302_3150_Type3.csv;3150;Type3;251209;1302;5853.6700;369.8324;0.0000;25652.4736;-1048.8231;;;;;;;;;;;;;;;;;;;;;;;;;;
251209_1315_3100.03_Type3.csv;3100.03;Type3;251209;1315;-94155.1259;-93822.0543;-97936.0153;-90704.8073;-97936.0153;;;;;;;;;;;;;;;;;;;;;;;;;;
251209_1317_3100.03_Type3.csv;3100.03;Type3;251209;1317;101977.4415;101767.1814;101140.6998;105586.3655;99860.8955;;;;;;;;;;;;;;;;;;;;;;;;;;
251209_1320_3102_Type3.csv;3102;Type3;251209;1320;-22009.6830;-22060.9520;-22407.0951;-21071.0529;-23143.5362;;;;;;;;;;;;;;;;;;;;;;;;;;
251209_1321_3102_Type3.csv;3102;Type3;251209;1321;23765.2352;23836.8834;22962.7424;25315.4629;18635.6295;;;;;;;;;;;;;;;;;;;;;;;;;;
251209_1331_8105_Type3.csv;8105;Type3;251209;1331;158228.4236;157328.8330;152737.0422;169070.8694;150090.8752;;;;;;;;;;;;;;;;;;;;;;;;;;
251209_1335_8106_Type3.csv;8106;Type3;251209;1335;148043.0197;148091.9266;147970.0058;149327.9709;144909.4070;;;;;;;;;;;;;;;;;;;;;;;;;;
251209_1337_8104_Type3.csv;8104;Type3;251209;1337;164584.2860;165145.9900;156257.1579;174164.2273;150250.2319;;;;;;;;;;;;;;;;;;;;;;;;;;
251209_1341_8108_Type3.csv;8108;Type3;251209;1341;233229.5993;230122.5403;251893.5699;254213.1683;213962.6541;;;;;;;;;;;;;;;;;;;;;;;;;;
251209_1343_8106_Type3.csv;8106;Type3;251209;1343;211313.0516;211683.5403;208502.7786;213178.8757;207564.7385;;;;;;;;;;;;;;;;;;;;;;;;;;
251209_1348_8104_Type3.csv;8104;Type3;251209;1348;225573.3513;219746.1044;221052.4750;278542.2546;214222.7280;;;;;;;;;;;;;;;;;;;;;;;;;;
251209_1352_8105_Type3.csv;8105;Type3;251209;1352;226301.0114;224800.7767;230660.7330;233256.4453;221650.8453;;;;;;;;;;;;;;;;;;;;;;;;;;
251209_1356_8105_Type3.csv;8105;Type3;251209;1356;224808.3657;225732.1564;220503.5431;227692.5980;215799.8428;;;;;;;;;;;;;;;;;;;;;;;;;;
251211_0000_573-04_Type8.csv;573-04;Type8;251211;0000;-10.6163;-10.8354;-9.6165;-8.9172;-11.3025;;;;;;;;;;;;;;;;;;;;;;;;;;
260108_1119_3806_Type4.csv;3806;Type4;260108;1119;32.8990;32.8597;32.8283;33.4432;32.2124;;;;;;;;;;;;;;;;;;;;;;;;;;
260108_1124_3801_Type4.csv;3801;Type4;260108;1124;10.1776;10.2229;10.2634;10.5120;9.8790;;;;;;;;;;;;;;;;;;;;;;;;;;
260205_0000_573-03_Type3.csv;573-03;Type3;260205;0000;521.7419;493.0883;357.4028;1270.3797;16.2465;;;;;;;;;;;;;;;;;;;;;;;;;;
260205_1314_573-03_Type3.csv;573-03;Type3;260205;1314;521.7419;493.0883;357.4028;1270.3797;16.2465;;;;;;;;;;;;;;;;;;;;;;;;;;
260206_1423_3800_Type4.csv;3800;Type4;260206;1423;49.4224;48.0193;46.3998;56.7520;44.4953;;;;;;;;;;;;;;;;;;;;;;;;;;
260206_1553_3900.02_Type4.csv;3900.02;Type4;260206;1553;205.2120;220.3973;232.1347;248.0880;118.4052;;;;;;;;;;;;;;;;;;;;;;;;;;
260206_1616_3900.02_Type4.csv;3900.02;Type4;260206;1616;176.0099;200.8039;218.8553;218.8553;112.1481;;;;;;;;;;;;;;;;;;;;;;;;;;
260206_1626_3900.02_Type4.csv;3900.02;Type4;260206;1626;176.0099;200.8039;218.8553;218.8553;112.1481;;;;;;;;;;;;;;;;;;;;;;;;;;
260206_1640_3906_Type4.csv;3906;Type4;260206;1640;109.5804;134.7531;79.5026;145.4837;27.5304;;;;;;;;;;;;;;;;;;;;;;;;;;
260206_1654_3906_Type4.csv;3906;Type4;260206;1654;109.5804;134.7531;79.5026;145.4837;27.5304;;;;;;;;;;;;;;;;;;;;;;;;;;
260219_0000_573-07_Type4.csv;573-07;Type4;260219;0000;15.2698;0.0000;0.0000;353.1713;-6.2465;;;;;;;;;;;;;;;;;;;;;;;;;;
260219_1123_573-07_Type4.csv;573-07;Type4;260219;1123;15.2698;0.0000;0.0000;353.1713;-6.2465;;;;;;;;;;;;;;;;;;;;;;;;;;
260219_1448_573-07_Type4.csv;573-07;Type4;260219;1448;106.7559;13.3913;0.0000;449.5158;-15.4924;;;;;;;;;;;;;;;;;;;;;;;;;;
260223_0000_573-07_Type4.csv;573-07;Type4;260223;0000;266.1360;265.6239;287.0629;319.7967;160.2990;;;;;;;;;;;;;;;;;;;;;;;;;;
260223_0753_573-07_Type4.csv;573-07;Type4;260223;0753;266.1360;265.6239;287.0629;319.7967;160.2990;;;;;;;;;;;;;;;;;;;;;;;;;;
260224_0000_573-07_Type4.csv;573-07;Type4;260224;0000;225.5593;226.8426;112.6717;300.9245;112.6717;;;;;;;;;;;;;;;;;;;;;;;;;;
260224_1349_573-07_Type4.csv;573-07;Type4;260224;1349;225.5593;226.8426;112.6717;300.9245;112.6717;;;;;;;;;;;;;;;;;;;;;;;;;;
260225_1406_573-07_Type4.csv;573-07;Type4;260225;1406;257.2519;259.0893;199.8139;334.4791;-10.4786;;;;;;;;;;;;;;;;;;;;;;;;;;
260309_1030_573-08_Type4.csv;573-08;Type4;260309;1030;2.6218;2.3530;0.3705;11.1313;-3.7557;;;;;;;;;;;;;;;;;;;;;;;;;;
260309_1333_573-08_Type4.csv;573-08;Type4;260309;1333;3.3749;3.5702;0.1981;12.4028;-2.2839;;;;;;;;;;;;;;;;;;;;;;;;;;
260316_0858_573-05_Type4.csv;573-05;Type4;260316;0858;0.0269;-0.0694;1.1093;2.7538;-0.9928;;;;;;;;;;;;;;;;;;;;;;;;;;
260316_1349_573-05_Type4.csv;573-05;Type4;260316;1349;0.9144;0.9148;-0.0795;1.5991;-0.4388;;;;;;;;;;;;;;;;;;;;;;;;;;
260324_0000_573-05_Type1.csv;573-05;Type1;24.03.2026;12:16:10;48.4388;2.4400;2.1900;223.0200;1.8300;G 608ST-60802901;STORED;;: A:573-5;60.3 mm;3.6 mm;0.1 mm;Carbon Steel;WITHOUT LINING;Steam low press.;150.0 C;GRM1SH3-186243;1 NUM;40.0 mm;10 s;m3/h;mA;Volume flow;[m3/h]/[m3];1692;;;;;;
260420_7357_23_Type1.csv;23;Type1;20.04.2026;11:00:23;nan;nan;nan;nan;nan;G 608ST-60802901;STORED;;: A:7357;80.0 mm;0.1 mm;0.1 mm;Other Material;WITHOUT LINING;Other Medium;150.0 C;GRM1SH3-186243;1 NUM;-62.6 mm;10 s;m3/h;mA;Volume flow;[m3/h]/[m3];1;330.0 m/s;330.0 m/s;330.0 m/s;3.3 mm2/s;0.00 g/cm3;
260420_7357_29_Type1.csv;29;Type1;20.04.2026;11:07:29;nan;nan;nan;nan;nan;G 608ST-60802901;STORED;;: A:7357;15.0 mm;0.1 mm;0.1 mm;Other Material;WITHOUT LINING;Other Medium;150.0 C;GRM1SH3-186243;1 NUM;-70.4 mm;10 s;kg/h;mA;Mass flow;[kg/h]/[kg];1;330.0 m/s;330.0 m/s;330.0 m/s;3.3 mm2/s;0.00 g/cm3;
260420_7357_33_Type1.csv;33;Type1;20.04.2026;11:02:33;nan;nan;nan;nan;nan;G 608ST-60802901;STORED;;: A:7357;80.0 mm;0.1 mm;0.1 mm;Other Material;WITHOUT LINING;Other Medium;150.0 C;GRM1SH3-186243;1 NUM;-62.6 mm;10 s;kg/h;mA;Mass flow;[kg/h]/[kg];4;330.0 m/s;330.0 m/s;330.0 m/s;3.3 mm2/s;0.00 g/cm3;
260504_0000_-200-02_Type1.csv;-200-02;Type1;04.05.2026;08:00:48;-14.6080;-15.6500;-9.3100;-9.3100;-16.7900;G 608ST-60802901;STORED;;: B:-200-02;76.1 mm;3.6 mm;0.1 mm;Carbon Steel;WITHOUT LINING;Water;20.0 C;CDM1N5213047;2 NUM;5.9 mm;10 s;m3/h;mA;Volume flow;[m3/h]/[m3];66;;;;;;00:00:01 SAMPLES
260504_0000_-710-01_Type1.csv;-710-01;Type1;04.05.2026;09:17:56;-27.6560;-33.0700;-33.0700;-13.3400;-33.2200;G 608ST-60802901;STORED;;: B:-710-01;168.3 mm;5.0 mm;0.1 mm;Carbon Steel;WITHOUT LINING;Water;20.0 C;CDM1N5213047;2 NUM;78.5 mm;10 s;m3/h;mA;Volume flow;[m3/h]/[m3];20;;;;;;00:00:01 SAMPLES
260504_0000_06.07_Type1.csv;06.07;Type1;04.05.2026;09:32:11;615.6184;619.0700;606.3700;640.6400;578.2800;G 608ST-60802901;STORED;;: B:323;323.0 mm;5.5 mm;0.1 mm;Carbon Steel;WITHOUT LINING;Water;20.0 C;CDM1N5213047;2 NUM;198.4 mm;10 s;m3/h;mA;Volume flow;[m3/h]/[m3];129;;;;;;00:00:01 SAMPLES
260504_0000_10.11_Type1.csv;10.11;Type1;04.05.2026;10:43:12;183.4950;181.0100;198.5800;205.2700;175.1300;G 608ST-60802901;STORED;;: B:273;273.0 mm;5.0 mm;0.1 mm;Carbon Steel;WITHOUT LINING;Water;20.0 C;CDM1N5213047;2 NUM;159.3 mm;10 s;m3/h;mA;Volume flow;[m3/h]/[m3];104;;;;;;00:00:01 SAMPLES
260504_0000_1120_Type1.csv;1120;Type1;04.05.2026;12:01:37;85.1523;85.4050;76.8700;91.6000;71.7300;G 608ST-60802901;STORED;;: B:1-120;141.0 mm;5.0 mm;0.1 mm;Carbon Steel;WITHOUT LINING;Water;20.0 C;CDM1N5213047;2 NUM;57.4 mm;10 s;m3/h;mA;Volume flow;[m3/h]/[m3];87;;;;;;00:00:01 SAMPLES
260504_0000_1160_Type1.csv;1160;Type1;04.05.2026;12:05:41;76.3362;74.4300;74.0900;84.5000;72.6100;G 608ST-60802901;STORED;;: B:1-160;129.0 mm;2.0 mm;0.0 mm;Stainless Steel;WITHOUT LINING;Water;20.0 C;CDM1N5213047;2 NUM;44.7 mm;10 s;m3/h;mA;Volume flow;[m3/h]/[m3];61;;;;;;00:00:01 SAMPLES
260504_0000_1170_Type1.csv;1170;Type1;04.05.2026;12:09:02;55.4357;64.1500;64.1500;64.9800;-66.4900;G 608ST-60802901;STORED;;: B:1-170;114.0 mm;2.0 mm;0.0 mm;Stainless Steel;WITHOUT LINING;Water;20.0 C;CDM1N5213047;2 NUM;33.1 mm;10 s;m3/h;mA;Volume flow;[m3/h]/[m3];53;;;;;;00:00:01 SAMPLES
260504_0000_3100.01_Type1.csv;3100.01;Type1;04.05.2026;11:13:05;72.5974;94.1450;-94.3600;97.6200;-94.3600;G 608ST-60802901;STORED;;: B:3-100-01;220.0 mm;5.5 mm;0.1 mm;Carbon Steel;WITHOUT LINING;Water;20.0 C;CDM1N5213047;2 NUM;118.9 mm;10 s;m3/h;mA;Volume flow;[m3/h]/[m3];132;;;;;;00:00:01 SAMPLES
260504_0000_3100.02_Type1.csv;3100.02;Type1;04.05.2026;11:18:12;37.7372;38.2750;19.8600;46.8700;19.8600;G 608ST-60802901;STORED;;: B:3-100-02;220.0 mm;5.5 mm;0.1 mm;Carbon Steel;WITHOUT LINING;Water;20.0 C;CDM1N5213047;2 NUM;118.9 mm;10 s;m3/h;mA;Volume flow;[m3/h]/[m3];68;;;;;;00:00:01 SAMPLES
260504_0000_3100.03_Type1.csv;3100.03;Type1;04.05.2026;11:21:42;67.2122;69.5900;71.8300;78.0300;54.2500;G 608ST-60802901;STORED;;: B:3-100-04;141.0 mm;4.0 mm;0.1 mm;Carbon Steel;WITHOUT LINING;Water;20.0 C;CDM1N5213047;2 NUM;56.4 mm;10 s;m3/h;mA;Volume flow;[m3/h]/[m3];114;;;;;;00:00:01 SAMPLES
260504_0000_31006_Type1.csv;31006;Type1;04.05.2026;08:39:47;nan;nan;nan;nan;nan;G 608ST-60802901;STORED;;: A:3-900-08;139.7 mm;2.0 mm;0.0 mm;Stainless Steel;WITHOUT LINING;Water;20.0 C;CDM1N5213047;2 NUM;52.9 mm;10 s;kg/h;mA;Mass flow;[kg/h]/[kg];2;;;;;;
260504_0000_3700.01_Type1.csv;3700.01;Type1;04.05.2026;09:25:26;77.5325;76.2750;84.4300;86.9900;71.8400;G 608ST-60802901;STORED;;: B:3-700-01;220.0 mm;5.0 mm;0.1 mm;Carbon Steel;WITHOUT LINING;Water;20.0 C;CDM1N5213047;2 NUM;118.4 mm;10 s;m3/h;mA;Volume flow;[m3/h]/[m3];34;;;;;;00:00:01 SAMPLES
260504_0000_3801_Type1.csv;3801;Type1;04.05.2026;08:30:03;nan;nan;nan;nan;nan;G 608ST-60802901;STORED;;: A:3-800-02;88.9 mm;2.0 mm;0.0 mm;Stainless Steel;WITHOUT LINING;Water;20.0 C;CDM1N5213047;2 NUM;13.7 mm;10 s;kg/h;mA;Mass flow;[kg/h]/[kg];1;;;;;;
260504_0000_3806_Type1.csv;3806;Type1;04.05.2026;08:24:45;nan;nan;nan;nan;nan;G 608ST-60802901;STORED;;: A:3-800-03;139.7 mm;2.0 mm;0.0 mm;Stainless Steel;WITHOUT LINING;Water;20.0 C;CDM1N5213047;2 NUM;52.9 mm;10 s;kg/h;mA;Mass flow;[kg/h]/[kg];3;;;;;;
260504_0000_3900.01_Type1.csv;3900.01;Type1;04.05.2026;09:14:37;225.6409;225.8000;226.4900;233.7700;208.6800;G 608ST-60802901;STORED;;: B:3-900-01;204.0 mm;2.0 mm;0.0 mm;Stainless Steel;WITHOUT LINING;Water;20.0 C;CDM1N5213047;2 NUM;102.6 mm;10 s;m3/h;mA;Volume flow;[m3/h]/[m3];65;;;;;;00:00:01 SAMPLES
260504_0000_3900.02_Type1.csv;3900.02;Type1;04.05.2026;08:53:55;76.1306;76.7950;83.2200;83.2200;68.6500;G 608ST-60802901;STORED;;: B:3-900-02;204.0 mm;2.0 mm;0.0 mm;Stainless Steel;WITHOUT LINING;Water;20.0 C;CDM1N5213047;2 NUM;102.6 mm;10 s;m3/h;mA;Volume flow;[m3/h]/[m3];52;;;;;;00:00:01 SAMPLES
260504_0000_3900.03_Type1.csv;3900.03;Type1;04.05.2026;08:59:51;119.3738;126.1600;63.7500;131.1100;40.0400;G 608ST-60802901;STORED;;: B:3-900-04;154.0 mm;2.0 mm;0.0 mm;Stainless Steel;WITHOUT LINING;Water;20.0 C;CDM1N5213047;2 NUM;64.0 mm;10 s;m3/h;mA;Volume flow;[m3/h]/[m3];143;;;;;;00:00:01 SAMPLES
260504_0000_3906_Type1.csv;3906;Type1;04.05.2026;08:37:04;nan;nan;nan;nan;nan;G 608ST-60802901;STORED;;: A:3-900-09;139.7 mm;2.0 mm;0.0 mm;Stainless Steel;WITHOUT LINING;Water;20.0 C;CDM1N5213047;2 NUM;52.9 mm;10 s;kg/h;mA;Mass flow;[kg/h]/[kg];1;;;;;;
260504_0000_4303_Type1.csv;4303;Type1;04.05.2026;08:07:55;0.4415;0.3700;0.0000;0.8800;-0.2200;G 608ST-60802901;STORED;;: B:-303;60.3 mm;3.6 mm;0.1 mm;Carbon Steel;WITHOUT LINING;Water;20.0 C;CDM1N5213047;4 NUM;34.7 mm;10 s;m3/h;mA;Volume flow;[m3/h]/[m3];64;;;;;;00:00:01 SAMPLES
260504_0000_5700_Type1.csv;5700;Type1;04.05.2026;09:21:29;2.4287;2.2000;2.5800;4.1000;1.5800;G 608ST-60802901;STORED;;: B:31-701;114.0 mm;4.5 mm;0.1 mm;Carbon Steel;WITHOUT LINING;Water;20.0 C;CDM1N5213047;2 NUM;36.1 mm;10 s;m3/h;mA;Volume flow;[m3/h]/[m3];124;;;;;;00:00:01 SAMPLES
260504_0000_5800.01_Type1.csv;5800.01;Type1;04.05.2026;10:57:52;22.5084;28.3700;-33.9400;32.9300;-33.9400;G 608ST-60802901;STORED;;: B:5-800-01;114.0 mm;4.5 mm;0.1 mm;Carbon Steel;WITHOUT LINING;Water;20.0 C;CDM1N5213047;2 NUM;36.1 mm;10 s;m3/h;mA;Volume flow;[m3/h]/[m3];81;;;;;;00:00:01 SAMPLES
260504_0000_5801_Type1.csv;5801;Type1;04.05.2026;11:01:47;14.0093;14.1950;14.1000;14.7300;11.5000;G 608ST-60802901;STORED;;: B:5-800-02;88.9 mm;4.0 mm;0.1 mm;Carbon Steel;WITHOUT LINING;Water;20.0 C;CDM1N5213047;2 NUM;16.2 mm;10 s;m3/h;mA;Volume flow;[m3/h]/[m3];82;;;;;;00:00:01 SAMPLES
260504_0000_5802_Type1.csv;5802;Type1;04.05.2026;11:04:35;12.0540;12.4200;12.4800;14.1300;10.3100;G 608ST-60802901;STORED;;: B:5-800-03;60.3 mm;3.6 mm;0.1 mm;Carbon Steel;WITHOUT LINING;Water;20.0 C;CDM1N5213047;2 NUM;5.0 mm;10 s;m3/h;mA;Volume flow;[m3/h]/[m3];83;;;;;;00:00:01 SAMPLES
260504_0000_8105_Type1.csv;8105;Type1;04.05.2026;11:51:20;2.7954;0.0000;0.0000;11.2400;0.0000;G 608ST-60802901;STORED;;: B:47-5;168.3 mm;5.0 mm;0.1 mm;Carbon Steel;WITHOUT LINING;Water;20.0 C;CDM1N5213047;2 NUM;78.5 mm;10 s;m3/h;mA;Volume flow;[m3/h]/[m3];29;;;;;;00:00:01 SAMPLES
260504_0000_8106_Type1.csv;8106;Type1;04.05.2026;11:35:21;0.0000;0.0000;0.0000;0.0000;0.0000;G 608ST-60802901;STORED;;: B:47-3;220.0 mm;5.0 mm;0.1 mm;Carbon Steel;WITHOUT LINING;Water;20.0 C;CDM1N5213047;2 NUM;118.4 mm;10 s;m3/h;mA;Volume flow;[m3/h]/[m3];14;;;;;;00:00:01 SAMPLES
260504_0000_8107_Type1.csv;8107;Type1;04.05.2026;11:33:21;264.9892;265.7750;244.2500;277.7400;244.2000;G 608ST-60802901;STORED;;: B:47-2;220.0 mm;5.0 mm;0.1 mm;Carbon Steel;WITHOUT LINING;Water;20.0 C;CDM1N5213047;2 NUM;118.4 mm;10 s;m3/h;mA;Volume flow;[m3/h]/[m3];83;;;;;;00:00:01 SAMPLES
260504_0000_8108_Type1.csv;8108;Type1;04.05.2026;11:37:49;266.2980;268.2300;241.0900;276.6900;241.0900;G 608ST-60802901;STORED;;: B:47-4;220.0 mm;5.0 mm;0.1 mm;Carbon Steel;WITHOUT LINING;Water;20.0 C;CDM1N5213047;2 NUM;118.4 mm;10 s;m3/h;mA;Volume flow;[m3/h]/[m3];84;;;;;;00:00:01 SAMPLES
260505_0000_05.06_Type1.csv;05.06;Type1;05.05.2026;10:23:01;611.8891;613.5550;605.7700;635.7600;579.8400;G 608ST-60802901;STORED;;: A:47-8;323.0 mm;5.5 mm;0.1 mm;Carbon Steel;WITHOUT LINING;Water;20.0 C;CDM1N5213047;2 NUM;198.4 mm;10 s;m3/h;mA;Volume flow;[m3/h]/[m3];655;;;;;;
260505_0000_1170_Type1.csv;1170;Type1;05.05.2026;08:27:12;nan;nan;nan;nan;nan;G 608ST-60802901;STORED;;: B:1-170;114.0 mm;2.0 mm;0.0 mm;Stainless Steel;WITHOUT LINING;Water;20.0 C;Standard;2 NUM;33.3 mm;10 s;m3/h;mA;Volume flow;[m3/h]/[m3];312;;;;;;00:00:01 SAMPLES
260506_0000_000_Type1.csv;000;Type1;06.05.2026;11:52:21;nan;nan;nan;nan;nan;G 608ST-60802901;STORED;;: B:000;88.9 mm;4.0 mm;0.1 mm;Carbon Steel;WITHOUT LINING;Water;20.0 C;CDM1N5213047;2 NUM;16.2 mm;10 s;m3/h;mA;Volume flow;[m3/h]/[m3];544;;;;;;00:00:01 SAMPLES
260506_0000_52100.01_Type1.csv;52100.01;Type1;06.05.2026;09:38:14;3.9000;3.9000;6.3600;6.3600;1.4400;G 608ST-60802901;STORED;;: B:52101;88.9 mm;3.4 mm;0.1 mm;Carbon Steel;WITHOUT LINING;Water;20.0 C;CDM1N5213047;2 NUM;15.6 mm;10 s;m3/h;mA;Volume flow;[m3/h]/[m3];59;;;;;;00:00:01 SAMPLES
260506_0000_52107_Type1.csv;52107;Type1;06.05.2026;09:31:22;-6.8506;-6.8200;-8.0500;-3.7100;-8.6000;G 608ST-60802901;STORED;;: B:52107;76.0 mm;3.4 mm;0.1 mm;Carbon Steel;WITHOUT LINING;Water;20.0 C;CDM1N5213047;1 NUM;-21.1 mm;10 s;m3/h;mA;Volume flow;[m3/h]/[m3];47;;;;;;00:00:01 SAMPLES
260506_0000_52207_Type1.csv;52207;Type1;06.05.2026;09:25:55;-0.0194;0.0000;0.0000;0.0000;-0.3300;G 608ST-60802901;STORED;;: B:52207;60.0 mm;3.0 mm;0.1 mm;Carbon Steel;WITHOUT LINING;Water;20.0 C;CDM1N5213047;2 NUM;5.0 mm;10 s;m3/h;mA;Volume flow;[m3/h]/[m3];19;;;;;;00:00:01 SAMPLES
260506_1152_000_Type1.csv;000;Type1;06.05.2026;11:52:21;nan;nan;nan;nan;nan;G 608ST-60802901;STORED;;: B:000;88.9 mm;4.0 mm;0.1 mm;Carbon Steel;WITHOUT LINING;Water;20.0 C;CDM1N5213047;2 NUM;16.2 mm;10 s;m3/h;mA;Volume flow;[m3/h]/[m3];544;;;;;;00:00:01 SAMPLES
260506_1181_00_Type1.csv;00;Type1;06.05.2026;09:14:00;0.0000;0.0000;0.0000;0.0000;0.0000;G 608ST-60802901;STORED;;: B:1181;76.0 mm;3.4 mm;0.1 mm;Carbon Steel;WITHOUT LINING;Water;20.0 C;CDM1N5213047;2 NUM;5.6 mm;10 s;m3/h;mA;Volume flow;[m3/h]/[m3];14;;;;;;00:00:01 SAMPLES
260506_1182_02_Type1.csv;02;Type1;06.05.2026;09:15:02;6.0723;7.0050;7.2200;8.2400;-7.0600;G 608ST-60802901;STORED;;: B:1182;76.0 mm;3.4 mm;0.1 mm;Carbon Steel;WITHOUT LINING;Water;20.0 C;CDM1N5213047;2 NUM;5.6 mm;10 s;m3/h;mA;Volume flow;[m3/h]/[m3];133;;;;;;00:00:01 SAMPLES
260506_1191_08_Type1.csv;08;Type1;06.05.2026;09:05:08;nan;nan;nan;nan;nan;G 608ST-60802901;STORED;;: B:1191;76.0 mm;3.4 mm;0.1 mm;Carbon Steel;WITHOUT LINING;Water;20.0 C;CDM1N5213047;2 NUM;5.6 mm;10 s;m3/h;mA;Volume flow;[m3/h]/[m3];14;;;;;;00:00:01 SAMPLES
260506_1191_49_Type1.csv;49;Type1;06.05.2026;09:05:49;0.0000;0.0000;0.0000;0.0000;0.0000;G 608ST-60802901;STORED;;: B:1191;76.0 mm;3.4 mm;0.1 mm;Carbon Steel;WITHOUT LINING;Water;20.0 C;CDM1N5213047;2 NUM;5.6 mm;10 s;m3/h;mA;Volume flow;[m3/h]/[m3];70;;;;;;00:00:01 SAMPLES
260506_1192_30_Type1.csv;30;Type1;06.05.2026;09:09:30;11.8500;13.7200;12.7300;16.4400;-15.3800;G 608ST-60802901;STORED;;: B:1192;76.0 mm;3.4 mm;0.1 mm;Carbon Steel;WITHOUT LINING;Water;20.0 C;CDM1N5213047;2 NUM;5.6 mm;10 s;m3/h;mA;Volume flow;[m3/h]/[m3];124;;;;;;00:00:01 SAMPLES
260506_5601_17_Type1.csv;17;Type1;06.05.2026;09:47:17;6.9488;9.8000;-11.0100;11.0800;-11.6900;G 608ST-60802901;STORED;;: B:5601;88.9 mm;4.0 mm;0.1 mm;Carbon Steel;WITHOUT LINING;Water;20.0 C;CDM1N5213047;2 NUM;16.2 mm;10 s;m3/h;mA;Volume flow;[m3/h]/[m3];85;;;;;;00:00:01 SAMPLES
260507_0721_11.12_Type1.csv;11.12;Type1;07.05.2026;07:21:11;0.1521;0.0000;0.0000;0.6500;0.0000;G 608ST-60802901;STORED;;: B:47.11;88.9 mm;4.0 mm;0.1 mm;Carbon Steel;WITHOUT LINING;Water;20.0 C;CDM1N5213047;2 NUM;16.2 mm;10 s;m3/h;mA;Volume flow;[m3/h]/[m3];152;;;;;;00:00:01 SAMPLES
260507_0726_11.12_Type1.csv;11.12;Type1;07.05.2026;07:26:07;0.1883;0.0000;0.0000;1.4700;0.0000;G 608ST-60802901;STORED;;: B:47.11;88.9 mm;4.0 mm;0.1 mm;Carbon Steel;WITHOUT LINING;Water;20.0 C;CDM1N5213047;2 NUM;16.2 mm;10 s;m3/h;mA;Volume flow;[m3/h]/[m3];148;;;;;;00:00:01 SAMPLES
260507_0739_47.11.3_Type1.csv;47.11.3;Type1;07.05.2026;07:39:44;-0.0272;-0.0600;-0.0700;0.2100;-0.1900;G 608ST-60802901;STORED;;: B:47.11.3;43.5 mm;3.2 mm;0.0 mm;Stainless Steel;WITHOUT LINING;Water;20.0 C;CDM1N5213047;1 NUM;-34.8 mm;10 s;m3/h;mA;Volume flow;[m3/h]/[m3];57;;;;;;00:00:01 SAMPLES
260507_0754_4501_Type1.csv;4501;Type1;07.05.2026;07:54:48;8.1965;8.9600;8.9300;10.5000;-8.9000;G 608ST-60802901;STORED;;: B:4501;60.5 mm;3.6 mm;0.1 mm;Carbon Steel;WITHOUT LINING;Water;20.0 C;CDM1N5213047;2 NUM;5.0 mm;10 s;m3/h;mA;Volume flow;[m3/h]/[m3];142;;;;;;00:00:01 SAMPLES
260507_0805_4500.01_Type1.csv;4500.01;Type1;07.05.2026;08:05:47;11.6642;11.9500;9.6900;12.6800;9.4700;G 608ST-60802901;STORED;;: B:4601;76.1 mm;3.6 mm;0.1 mm;Carbon Steel;WITHOUT LINING;Water;20.0 C;CDM1N5213047;2 NUM;5.9 mm;10 s;m3/h;mA;Volume flow;[m3/h]/[m3];106;;;;;;00:00:01 SAMPLES
260507_0808_4500.01_Type1.csv;4500.01;Type1;07.05.2026;08:08:12;9.0738;9.1650;9.3900;9.4800;8.3900;G 608ST-60802901;STORED;;: B:4601;76.1 mm;3.6 mm;0.1 mm;Carbon Steel;WITHOUT LINING;Water;20.0 C;CDM1N5213047;2 NUM;5.9 mm;10 s;m3/h;mA;Volume flow;[m3/h]/[m3];24;;;;;;00:00:01 SAMPLES
260507_0809_4500.01_Type1.csv;4500.01;Type1;07.05.2026;08:09:24;14.5421;15.6650;0.1300;18.8500;0.1300;G 608ST-60802901;STORED;;: B:4602;76.1 mm;3.6 mm;0.1 mm;Carbon Steel;WITHOUT LINING;Water;20.0 C;CDM1N5213047;2 NUM;5.9 mm;10 s;m3/h;mA;Volume flow;[m3/h]/[m3];95;;;;;;00:00:01 SAMPLES
260507_0812_4600.01_Type1.csv;4600.01;Type1;07.05.2026;08:12:20;-0.0106;0.0100;0.0100;0.1400;-0.2400;G 608ST-60802901;STORED;;: B:4603;60.3 mm;3.6 mm;0.1 mm;Carbon Steel;WITHOUT LINING;Water;20.0 C;CDM1N5213047;2 NUM;-6.3 mm;10 s;m3/h;mA;Volume flow;[m3/h]/[m3];46;;;;;;00:00:01 SAMPLES
260507_0819_5600.01_Type1.csv;5600.01;Type1;07.05.2026;08:19:53;5.9901;6.1000;5.7400;6.7000;3.9400;G 608ST-60802901;STORED;;: B:4604;43.0 mm;2.0 mm;0.0 mm;Stainless Steel;WITHOUT LINING;Water;20.0 C;CDM1N5213047;1 NUM;-36.8 mm;10 s;m3/h;mA;Volume flow;[m3/h]/[m3];107;;;;;;00:00:01 SAMPLES
260507_0827_4500.01_Type1.csv;4500.01;Type1;07.05.2026;08:27:23;0.0405;0.0200;0.0100;0.2800;-0.1100;G 608ST-60802901;STORED;;: B:4605;22.0 mm;1.0 mm;0.0 mm;Stainless Steel;WITHOUT LINING;Water;20.0 C;CDM1N5213047;1 NUM;-46.4 mm;10 s;m3/h;mA;Volume flow;[m3/h]/[m3];45;;;;;;00:00:01 SAMPLES
260507_0833_4500.01_Type1.csv;4500.01;Type1;07.05.2026;08:33:08;nan;nan;nan;nan;nan;G 608ST-60802901;STORED;;: B:4602;88.9 mm;4.0 mm;0.1 mm;Carbon Steel;WITHOUT LINING;Water;20.0 C;CDM1N5213047;2 NUM;16.2 mm;10 s;m3/h;mA;Volume flow;[m3/h]/[m3];71;;;;;;00:00:01 SAMPLES
260507_0842_4500.01_Type1.csv;4500.01;Type1;07.05.2026;08:42:06;-8.2908;-4.3400;-11.2300;0.5100;-44.0900;G 608ST-60802901;STORED;;: B:4605;22.0 mm;1.0 mm;0.0 mm;Stainless Steel;WITHOUT LINING;Water;20.0 C;CDM1N5213047;1 NUM;-46.4 mm;10 s;m3/h;mA;Volume flow;[m3/h]/[m3];108;;;;;;00:00:01 SAMPLES
260507_0851_06.07_Type1.csv;06.07;Type1;07.05.2026;08:51:00;598.8232;595.3900;614.9900;658.9500;563.2700;G 608ST-60802901;STORED;;: B:47.09;323.0 mm;6.5 mm;0.1 mm;Carbon Steel;WITHOUT LINING;Water;20.0 C;CDM1N5213047;2 NUM;199.3 mm;10 s;m3/h;mA;Volume flow;[m3/h]/[m3];83;;;;;;00:00:01 SAMPLES
260507_0853_06.07_Type1.csv;06.07;Type1;07.05.2026;08:53:11;-580.3169;-576.4000;-642.1500;-559.4800;-642.1500;G 608ST-60802901;STORED;;: B:47.09;323.0 mm;6.5 mm;0.1 mm;Carbon Steel;WITHOUT LINING;Water;20.0 C;CDM1N5213047;2 NUM;199.3 mm;10 s;m3/h;mA;Volume flow;[m3/h]/[m3];152;;;;;;00:00:01 SAMPLES
260507_0856_06.07_Type1.csv;06.07;Type1;07.05.2026;08:56:04;610.6868;611.1500;615.9500;637.4000;574.6700;G 608ST-60802901;STORED;;: B:47.09;323.0 mm;6.5 mm;0.1 mm;Carbon Steel;WITHOUT LINING;Water;20.0 C;CDM1N5213047;2 NUM;199.3 mm;10 s;m3/h;mA;Volume flow;[m3/h]/[m3];133;;;;;;00:00:01 SAMPLES
260507_0858_06.07_Type1.csv;06.07;Type1;07.05.2026;08:58:34;-570.4316;-569.3100;-597.8400;-551.1800;-597.8400;G 608ST-60802901;STORED;;: B:47.09;323.0 mm;6.5 mm;0.1 mm;Carbon Steel;WITHOUT LINING;Water;20.0 C;CDM1N5213047;2 NUM;199.3 mm;10 s;m3/h;mA;Volume flow;[m3/h]/[m3];101;;;;;;00:00:01 SAMPLES
260507_0900_06.07_Type1.csv;06.07;Type1;07.05.2026;09:00:31;625.7909;629.9400;632.6700;643.6400;600.8800;G 608ST-60802901;STORED;;: B:47.09;323.0 mm;6.5 mm;0.1 mm;Carbon Steel;WITHOUT LINING;Water;20.0 C;CDM1N5213047;2 NUM;199.3 mm;10 s;m3/h;mA;Volume flow;[m3/h]/[m3];93;;;;;;00:00:01 SAMPLES
260507_0905_47.10_Type1.csv;47.10;Type1;07.05.2026;09:05:54;188.0528;188.0150;201.6600;201.6600;182.4900;G 608ST-60802901;STORED;;: B:47.10;273.0 mm;6.0 mm;0.1 mm;Carbon Steel;WITHOUT LINING;Water;20.0 C;CDM1N5213047;2 NUM;160.3 mm;10 s;m3/h;mA;Volume flow;[m3/h]/[m3];58;;;;;;00:00:01 SAMPLES
260507_0907_47.10_Type1.csv;47.10;Type1;07.05.2026;09:07:37;-179.8218;-180.5800;-181.4700;-170.6200;-190.7200;G 608ST-60802901;STORED;;: B:47.10;273.0 mm;6.0 mm;0.1 mm;Carbon Steel;WITHOUT LINING;Water;20.0 C;CDM1N5213047;2 NUM;160.3 mm;10 s;m3/h;mA;Volume flow;[m3/h]/[m3];120;;;;;;00:00:01 SAMPLES
260507_0913_47.19_Type1.csv;47.19;Type1;07.05.2026;09:13:42;-48.7153;-48.9600;-45.4300;-45.4300;-51.1300;G 608ST-60802901;STORED;;: B:47.19;220.0 mm;5.0 mm;0.1 mm;Carbon Steel;WITHOUT LINING;Water;20.0 C;CDM1N5213047;2 NUM;118.4 mm;10 s;m3/h;mA;Volume flow;[m3/h]/[m3];192;;;;;;00:00:01 SAMPLES
260507_0921_05.06_Type1.csv;05.06;Type1;07.05.2026;09:21:09;652.3010;652.5200;652.4800;699.5600;622.3400;G 608ST-60802901;STORED;;: B:47.08;323.0 mm;5.0 mm;0.1 mm;Carbon Steel;WITHOUT LINING;Water;20.0 C;CDM1N5213047;2 NUM;197.9 mm;10 s;m3/h;mA;Volume flow;[m3/h]/[m3];87;;;;;;00:00:01 SAMPLES
260507_0923_05.06_Type1.csv;05.06;Type1;07.05.2026;09:23:20;-658.5009;-661.6000;-677.1000;-623.7000;-701.4800;G 608ST-60802901;STORED;;: B:47.08;323.0 mm;5.0 mm;0.1 mm;Carbon Steel;WITHOUT LINING;Water;20.0 C;CDM1N5213047;2 NUM;197.9 mm;10 s;m3/h;mA;Volume flow;[m3/h]/[m3];175;;;;;;00:00:01 SAMPLES
260507_0926_05.06_Type1.csv;05.06;Type1;07.05.2026;09:26:38;659.8977;650.2450;656.9000;803.8400;626.5100;G 608ST-60802901;STORED;;: B:47.08;323.0 mm;5.0 mm;0.1 mm;Carbon Steel;WITHOUT LINING;Water;20.0 C;CDM1N5213047;2 NUM;197.9 mm;10 s;m3/h;mA;Volume flow;[m3/h]/[m3];76;;;;;;00:00:01 SAMPLES
260507_0928_05.06_Type1.csv;05.06;Type1;07.05.2026;09:28:05;-660.1445;-659.2000;-681.4400;-637.4100;-686.1700;G 608ST-60802901;STORED;;: B:47.08;323.0 mm;5.0 mm;0.1 mm;Carbon Steel;WITHOUT LINING;Water;20.0 C;CDM1N5213047;2 NUM;197.9 mm;10 s;m3/h;mA;Volume flow;[m3/h]/[m3];100;;;;;;00:00:01 SAMPLES
260507_0929_05.06_Type1.csv;05.06;Type1;07.05.2026;09:29:55;669.4979;669.1200;634.4300;719.4400;628.9500;G 608ST-60802901;STORED;;: B:47.08;323.0 mm;5.0 mm;0.1 mm;Carbon Steel;WITHOUT LINING;Water;20.0 C;CDM1N5213047;2 NUM;197.9 mm;10 s;m3/h;mA;Volume flow;[m3/h]/[m3];111;;;;;;00:00:01 SAMPLES
260507_1034_4700_Type1.csv;4700;Type1;07.05.2026;10:34:35;-33.9916;-34.0300;-25.3300;-25.3300;-39.3900;G 608ST-60802901;STORED;;: B:4700;114.0 mm;4.5 mm;0.1 mm;Carbon Steel;WITHOUT LINING;Water;20.0 C;CDM1N5213047;2 NUM;36.1 mm;10 s;m3/h;mA;Volume flow;[m3/h]/[m3];71;;;;;;00:00:01 SAMPLES
260507_1036_4700_Type1.csv;4700;Type1;07.05.2026;10:36:06;33.3240;33.7300;37.3300;37.3300;28.7400;G 608ST-60802901;STORED;;: B:4700;114.0 mm;4.5 mm;0.1 mm;Carbon Steel;WITHOUT LINING;Water;20.0 C;CDM1N5213047;2 NUM;36.1 mm;10 s;m3/h;mA;Volume flow;[m3/h]/[m3];142;;;;;;00:00:01 SAMPLES
260507_1042_4810_Type1.csv;4810;Type1;07.05.2026;10:42:43;-21.1983;-21.1100;-21.5500;-19.9200;-22.9100;G 608ST-60802901;STORED;;: B:4811;76.1 mm;3.6 mm;0.1 mm;Carbon Steel;WITHOUT LINING;Water;20.0 C;CDM1N5213047;2 NUM;5.9 mm;10 s;m3/h;mA;Volume flow;[m3/h]/[m3];41;;;;;;00:00:01 SAMPLES
260507_1044_4710_Type1.csv;4710;Type1;07.05.2026;10:44:58;-18.5994;-18.3300;-22.4900;-14.9000;-22.4900;G 608ST-60802901;STORED;;: B:4711;76.1 mm;3.6 mm;0.1 mm;Carbon Steel;WITHOUT LINING;Water;20.0 C;CDM1N5213047;2 NUM;5.9 mm;10 s;m3/h;mA;Volume flow;[m3/h]/[m3];99;;;;;;00:00:01 SAMPLES
260507_1046_4710_Type1.csv;4710;Type1;07.05.2026;10:46:53;18.9666;18.5950;20.1100;20.8800;17.9700;G 608ST-60802901;STORED;;: B:4711;76.1 mm;3.6 mm;0.1 mm;Carbon Steel;WITHOUT LINING;Water;20.0 C;CDM1N5213047;2 NUM;5.9 mm;10 s;m3/h;mA;Volume flow;[m3/h]/[m3];70;;;;;;00:00:01 SAMPLES
260507_1049_4710_Type1.csv;4710;Type1;07.05.2026;10:49:45;14.5214;14.5300;14.5300;14.7900;14.0000;G 608ST-60802901;STORED;;: B:4711;73.0 mm;2.0 mm;0.0 mm;Stainless Steel;WITHOUT LINING;Water;20.0 C;CDM1N5213047;2 NUM;1.4 mm;10 s;m3/h;mA;Volume flow;[m3/h]/[m3];49;;;;;;00:00:01 SAMPLES
260507_1054_4740_Type1.csv;4740;Type1;07.05.2026;10:54:25;1.6305;1.7000;1.7300;1.9000;0.5600;G 608ST-60802901;STORED;;: B:4741;33.7 mm;3.2 mm;0.1 mm;Carbon Steel;WITHOUT LINING;Water;20.0 C;CDM1N5213047;1 NUM;-37.8 mm;10 s;m3/h;mA;Volume flow;[m3/h]/[m3];49;;;;;;00:00:01 SAMPLES
260507_1104_47.17_Type1.csv;47.17;Type1;07.05.2026;11:04:35;24.5969;25.0600;21.2200;26.9000;21.2200;G 608ST-60802901;STORED;;: B:47.17;165.3 mm;5.0 mm;0.1 mm;Carbon Steel;WITHOUT LINING;Water;20.0 C;CDM1N5213047;2 NUM;76.2 mm;10 s;m3/h;mA;Volume flow;[m3/h]/[m3];57;;;;;;00:00:01 SAMPLES
260507_1106_47.17_Type1.csv;47.17;Type1;07.05.2026;11:06:43;-22.4600;-22.3500;-20.5700;-20.2000;-25.6600;G 608ST-60802901;STORED;;: B:47.17;165.3 mm;5.0 mm;0.1 mm;Carbon Steel;WITHOUT LINING;Water;20.0 C;CDM1N5213047;2 NUM;76.2 mm;10 s;m3/h;mA;Volume flow;[m3/h]/[m3];49;;;;;;00:00:01 SAMPLES
260507_1112_47.16_Type1.csv;47.16;Type1;07.05.2026;11:12:17;-19.4524;-20.1900;-19.9000;-14.1400;-21.0200;G 608ST-60802901;STORED;;: B:47.16;155.0 mm;2.0 mm;0.0 mm;Stainless Steel;WITHOUT LINING;Water;20.0 C;CDM1N5213047;2 NUM;64.7 mm;10 s;m3/h;mA;Volume flow;[m3/h]/[m3];27;;;;;;00:00:01 SAMPLES
260507_1113_47.16_Type1.csv;47.16;Type1;07.05.2026;11:13:00;18.6258;19.3400;17.4200;20.0200;14.8700;G 608ST-60802901;STORED;;: B:47.16;155.0 mm;2.0 mm;0.0 mm;Stainless Steel;WITHOUT LINING;Water;20.0 C;CDM1N5213047;2 NUM;64.7 mm;10 s;m3/h;mA;Volume flow;[m3/h]/[m3];53;;;;;;00:00:01 SAMPLES
260507_1125_8104_Type1.csv;8104;Type1;07.05.2026;11:25:53;-0.4062;-0.3900;0.1700;0.8500;-1.5100;G 608ST-60802901;STORED;;: B:47.05;168.3 mm;5.0 mm;0.1 mm;Carbon Steel;WITHOUT LINING;Water;20.0 C;CDM1N5213047;2 NUM;78.5 mm;10 s;m3/h;mA;Volume flow;[m3/h]/[m3];75;;;;;;00:00:01 SAMPLES
260511_0902_8105_Type1.csv;8105;Type1;11.05.2026;09:02:12;129.8371;255.2700;0.0000;278.2200;-260.5800;G 608ST-60802901;STORED;;: B:47-1;168.0 mm;5.0 mm;0.1 mm;Carbon Steel;WITHOUT LINING;Water;20.0 C;CDM1N5213047;2 NUM;78.2 mm;10 s;m3/h;mA;Volume flow;[m3/h]/[m3];331;;;;;;00:00:01 SAMPLES
260511_0911_8107_Type1.csv;8107;Type1;11.05.2026;09:11:32;240.6311;238.3300;246.8400;258.7200;231.6100;G 608ST-60802901;STORED;;: B:47-2;220.0 mm;5.0 mm;0.1 mm;Carbon Steel;WITHOUT LINING;Water;20.0 C;CDM1N5213047;2 NUM;118.4 mm;10 s;m3/h;mA;Volume flow;[m3/h]/[m3];136;;;;;;00:00:01 SAMPLES
260511_0916_8106_Type1.csv;8106;Type1;11.05.2026;09:16:35;2.5400;2.5400;5.0800;5.0800;0.0000;G 608ST-60802901;STORED;;: B:47-3;220.0 mm;5.0 mm;0.1 mm;Carbon Steel;WITHOUT LINING;Water;20.0 C;CDM1N5213047;2 NUM;118.4 mm;10 s;m3/h;mA;Volume flow;[m3/h]/[m3];74;;;;;;00:00:01 SAMPLES
260511_0918_8108_Type1.csv;8108;Type1;11.05.2026;09:18:22;282.8684;280.6800;272.7000;303.3000;266.0400;G 608ST-60802901;STORED;;: B:47-4;220.0 mm;5.0 mm;0.1 mm;Carbon Steel;WITHOUT LINING;Water;20.0 C;CDM1N5213047;2 NUM;118.4 mm;10 s;m3/h;mA;Volume flow;[m3/h]/[m3];128;;;;;;00:00:01 SAMPLES
260511_0924_8105_Type1.csv;8105;Type1;11.05.2026;09:24:16;nan;nan;nan;nan;nan;G 608ST-60802901;STORED;;: B:47-5;168.0 mm;4.5 mm;0.1 mm;Carbon Steel;WITHOUT LINING;Water;20.0 C;CDM1N5213047;2 NUM;77.7 mm;10 s;m3/h;mA;Volume flow;[m3/h]/[m3];1402;;;;;;00:00:01 SAMPLES
260512_0840_4200.01_Type1.csv;4200.01;Type1;12.05.2026;08:40:48;-17.8116;-17.4750;-20.4400;-14.9000;-21.5200;G 608ST-60802901;STORED;;: B:4200.01;114.0 mm;4.5 mm;0.1 mm;Carbon Steel;WITHOUT LINING;Water;20.0 C;CDM1N5213047;2 NUM;36.1 mm;10 s;m3/h;mA;Volume flow;[m3/h]/[m3];92;;;;;;00:00:01 SAMPLES
260512_0850_3806_Type1.csv;3806;Type1;12.05.2026;08:50:58;88.3404;88.6000;88.5600;89.1600;83.3700;G 608ST-60802901;STORED;;: B:3806;139.7 mm;2.0 mm;0.0 mm;Stainless Steel;WITHOUT LINING;Water;20.0 C;CDM1N5213047;2 NUM;52.9 mm;10 s;m3/h;mA;Volume flow;[m3/h]/[m3];72;;;;;;00:00:01 SAMPLES
260512_0854_3801_Type1.csv;3801;Type1;12.05.2026;08:54:20;30.7138;30.7200;31.4500;31.6800;28.1400;G 608ST-60802901;STORED;;: B:3801;88.9 mm;2.0 mm;0.0 mm;Stainless Steel;WITHOUT LINING;Water;20.0 C;CDM1N5213047;2 NUM;13.7 mm;10 s;m3/h;mA;Volume flow;[m3/h]/[m3];72;;;;;;00:00:01 SAMPLES
260512_0901_39006_Type1.csv;39006;Type1;12.05.2026;09:01:06;134.8227;135.2900;131.7600;138.4500;130.1800;G 608ST-60802901;STORED;;: B:3906;139.7 mm;2.0 mm;0.0 mm;Stainless Steel;WITHOUT LINING;Water;20.0 C;CDM1N5213047;2 NUM;52.9 mm;10 s;m3/h;mA;Volume flow;[m3/h]/[m3];253;;;;;;00:00:01 SAMPLES
260512_0906_31006_Type1.csv;31006;Type1;12.05.2026;09:06:14;38.5158;38.7100;38.8100;41.0100;33.9300;G 608ST-60802901;STORED;;: B:31006;139.7 mm;2.0 mm;0.0 mm;Stainless Steel;WITHOUT LINING;Water;20.0 C;CDM1N5213047;2 NUM;52.9 mm;10 s;m3/h;mA;Volume flow;[m3/h]/[m3];97;;;;;;00:00:01 SAMPLES
260512_0910_3900.03_Type1.csv;3900.03;Type1;12.05.2026;09:10:32;171.3126;171.4700;166.1900;173.5000;166.1900;G 608ST-60802901;STORED;;: B:3900.03;154.0 mm;2.0 mm;0.0 mm;Stainless Steel;WITHOUT LINING;Water;20.0 C;CDM1N5213047;2 NUM;64.0 mm;10 s;m3/h;mA;Volume flow;[m3/h]/[m3];62;;;;;;00:00:01 SAMPLES
260512_0915_31001_Type1.csv;31001;Type1;12.05.2026;09:15:08;41.6837;41.6000;41.6800;42.6600;40.8200;G 608ST-60802901;STORED;;: B:31001;88.9 mm;2.0 mm;0.0 mm;Stainless Steel;WITHOUT LINING;Water;20.0 C;CDM1N5213047;2 NUM;13.7 mm;10 s;m3/h;mA;Volume flow;[m3/h]/[m3];66;;;;;;00:00:01 SAMPLES
260512_0918_3901_Type1.csv;3901;Type1;12.05.2026;09:18:16;49.7847;51.7700;43.5600;53.0600;43.5600;G 608ST-60802901;STORED;;: B:3901;88.9 mm;2.0 mm;0.0 mm;Stainless Steel;WITHOUT LINING;Water;20.0 C;CDM1N5213047;2 NUM;13.7 mm;10 s;m3/h;mA;Volume flow;[m3/h]/[m3];57;;;;;;00:00:01 SAMPLES
260512_0921_3900.02_Type1.csv;3900.02;Type1;12.05.2026;09:21:58;-192.9759;-193.1650;-192.9500;-187.7100;-195.3700;G 608ST-60802901;STORED;;: B:3900.02;204.0 mm;2.0 mm;0.0 mm;Stainless Steel;WITHOUT LINING;Water;20.0 C;CDM1N5213047;2 NUM;102.6 mm;10 s;m3/h;mA;Volume flow;[m3/h]/[m3];50;;;;;;00:00:01 SAMPLES
260512_0923_3900.02_Type1.csv;3900.02;Type1;12.05.2026;09:23:18;190.6486;191.8800;177.3500;194.3000;177.3500;G 608ST-60802901;STORED;;: B:3900.02;204.0 mm;2.0 mm;0.0 mm;Stainless Steel;WITHOUT LINING;Water;20.0 C;CDM1N5213047;2 NUM;102.6 mm;10 s;m3/h;mA;Volume flow;[m3/h]/[m3];80;;;;;;00:00:01 SAMPLES
260512_0932_3900.01_Type1.csv;3900.01;Type1;12.05.2026;09:32:44;248.3088;247.6900;233.5300;262.3600;233.5200;G 608ST-60802901;STORED;;: B:3900.01;204.0 mm;2.0 mm;0.0 mm;Stainless Steel;WITHOUT LINING;Water;20.0 C;CDM1N5213047;2 NUM;102.6 mm;10 s;m3/h;mA;Volume flow;[m3/h]/[m3];100;;;;;;00:00:01 SAMPLES
260512_0937_4700.01_Type1.csv;4700.01;Type1;12.05.2026;09:37:21;-88.0576;-86.0500;-82.5500;-71.4700;-111.3700;G 608ST-60802901;STORED;;: B:4700.01;220.0 mm;5.0 mm;0.1 mm;Carbon Steel;WITHOUT LINING;Water;20.0 C;CDM1N5213047;2 NUM;118.4 mm;10 s;m3/h;mA;Volume flow;[m3/h]/[m3];96;;;;;;00:00:01 SAMPLES
260512_0940_4700.01_Type1.csv;4700.01;Type1;12.05.2026;09:40:12;-43.0618;-43.5400;-44.4200;-37.7400;-45.7700;G 608ST-60802901;STORED;;: B:4700.01;168.3 mm;5.0 mm;0.1 mm;Carbon Steel;WITHOUT LINING;Water;20.0 C;CDM1N5213047;2 NUM;78.5 mm;10 s;m3/h;mA;Volume flow;[m3/h]/[m3];104;;;;;;00:00:01 SAMPLES
260512_0943_3700.01_Type1.csv;3700.01;Type1;12.05.2026;09:43:13;-97.0375;-95.3900;-113.6900;-83.3800;-113.6900;G 608ST-60802901;STORED;;: B:3700.01;220.0 mm;5.0 mm;0.1 mm;Carbon Steel;WITHOUT LINING;Water;20.0 C;CDM1N5213047;2 NUM;118.4 mm;10 s;m3/h;mA;Volume flow;[m3/h]/[m3];89;;;;;;00:00:01 SAMPLES
260512_0950_5700.01_Type1.csv;5700.01;Type1;12.05.2026;09:50:45;0.5087;0.0000;0.0000;2.8100;-2.0400;G 608ST-60802901;STORED;;: B:5700.01;114.0 mm;4.5 mm;0.1 mm;Carbon Steel;WITHOUT LINING;Water;20.0 C;CDM1N5213047;1 NUM;-4.5 mm;10 s;m3/h;mA;Volume flow;[m3/h]/[m3];74;;;;;;00:00:01 SAMPLES
260512_1000_06.22_Type1.csv;06.22;Type1;12.05.2026;10:00:14;17.8951;17.8100;16.2800;22.7000;13.6500;G 608ST-60802901;STORED;;: B:47-6.22;114.0 mm;4.5 mm;0.1 mm;Carbon Steel;WITHOUT LINING;Water;20.0 C;CDM1N5213047;2 NUM;36.0 mm;10 s;m3/h;mA;Volume flow;[m3/h]/[m3];177;;;;;;00:00:01 SAMPLES
260512_1007_6.07_Type1.csv;6.07;Type1;12.05.2026;10:07:29;737.6930;737.2400;764.0000;770.1700;706.9500;G 608ST-60802901;STORED;;: B:47-6.7;323.0 mm;5.0 mm;0.1 mm;Carbon Steel;WITHOUT LINING;Water;20.0 C;CDM1N5213047;2 NUM;197.9 mm;10 s;m3/h;mA;Volume flow;[m3/h]/[m3];186;;;;;;00:00:01 SAMPLES
260512_1010_6.07_Type1.csv;6.07;Type1;12.05.2026;10:10:55;742.2011;742.6700;763.0500;766.6800;708.8600;G 608ST-60802901;STORED;;: B:47-6.7;323.0 mm;5.5 mm;0.1 mm;Carbon Steel;WITHOUT LINING;Water;20.0 C;CDM1N5213047;2 NUM;198.4 mm;10 s;m3/h;mA;Volume flow;[m3/h]/[m3];68;;;;;;00:00:01 SAMPLES
260512_1014_05.06_Type1.csv;05.06;Type1;12.05.2026;10:14:17;777.4205;777.7450;812.4000;828.0100;742.5200;G 608ST-60802901;STORED;;: B:47-5.6;323.0 mm;5.5 mm;0.1 mm;Carbon Steel;WITHOUT LINING;Water;20.0 C;CDM1N5213047;2 NUM;198.4 mm;10 s;m3/h;mA;Volume flow;[m3/h]/[m3];134;;;;;;00:00:01 SAMPLES
260512_1023_10.11_Type1.csv;10.11;Type1;12.05.2026;10:23:16;224.3743;224.3000;227.8200;232.3400;211.0600;G 608ST-60802901;STORED;;: B:47-10.11;273.1 mm;5.5 mm;0.1 mm;Carbon Steel;WITHOUT LINING;Water;20.0 C;CDM1N5213047;2 NUM;159.9 mm;10 s;m3/h;mA;Volume flow;[m3/h]/[m3];135;;;;;;00:00:01 SAMPLES
260512_1028_11.12_Type1.csv;11.12;Type1;12.05.2026;10:28:55;-64.7599;-64.3900;-61.8000;-60.3700;-70.1600;G 608ST-60802901;STORED;;: B:47-11.12;220.0 mm;5.5 mm;0.1 mm;Carbon Steel;WITHOUT LINING;Water;20.0 C;CDM1N5213047;2 NUM;118.9 mm;10 s;m3/h;mA;Volume flow;[m3/h]/[m3];249;;;;;;00:00:01 SAMPLES
260512_1038_3700.01_Type1.csv;3700.01;Type1;12.05.2026;10:38:40;-118.3052;-116.1400;-127.8300;-106.7800;-130.4800;G 608ST-60802901;STORED;;: B:3700.01;220.0 mm;5.5 mm;0.1 mm;Carbon Steel;WITHOUT LINING;Water;20.0 C;CDM1N5213047;2 NUM;118.9 mm;10 s;m3/h;mA;Volume flow;[m3/h]/[m3];88;;;;;;00:00:01 SAMPLES
260512_1041_3700.01_Type1.csv;3700.01;Type1;12.05.2026;10:41:52;124.3458;126.4500;125.9500;132.0200;111.0200;G 608ST-60802901;STORED;;: B:3700.01;220.0 mm;5.5 mm;0.1 mm;Carbon Steel;WITHOUT LINING;Water;20.0 C;CDM1N5213047;2 NUM;118.9 mm;10 s;m3/h;mA;Volume flow;[m3/h]/[m3];85;;;;;;00:00:01 SAMPLES
260512_1046_5800.01_Type1.csv;5800.01;Type1;12.05.2026;10:46:24;-36.3070;-37.1800;-28.1600;-28.1600;-41.3000;G 608ST-60802901;STORED;;: B:5800.01;114.0 mm;4.5 mm;0.1 mm;Carbon Steel;WITHOUT LINING;Water;20.0 C;CDM1N5213047;2 NUM;36.1 mm;10 s;m3/h;mA;Volume flow;[m3/h]/[m3];87;;;;;;00:00:01 SAMPLES
260512_1048_5800.01_Type1.csv;5800.01;Type1;12.05.2026;10:48:11;32.8577;33.0550;29.6800;37.2900;27.9000;G 608ST-60802901;STORED;;: B:5800.01;114.0 mm;4.5 mm;0.1 mm;Carbon Steel;WITHOUT LINING;Water;20.0 C;CDM1N5213047;2 NUM;36.1 mm;10 s;m3/h;mA;Volume flow;[m3/h]/[m3];149;;;;;;00:00:01 SAMPLES
260512_1057_8107_Type1.csv;8107;Type1;12.05.2026;10:57:05;249.0416;250.4800;245.4100;261.1300;230.8000;G 608ST-60802901;STORED;;: B:8107;220.0 mm;5.0 mm;0.1 mm;Carbon Steel;WITHOUT LINING;Water;20.0 C;CDM1N5213047;2 NUM;118.4 mm;10 s;m3/h;mA;Volume flow;[m3/h]/[m3];98;;;;;;00:00:01 SAMPLES
260512_1111_8105_Type1.csv;8105;Type1;12.05.2026;11:11:17;nan;nan;nan;nan;nan;G 608ST-60802901;STORED;;: B:8105;168.3 mm;5.0 mm;0.1 mm;Carbon Steel;WITHOUT LINING;Water;20.0 C;CDM1N5213047;2 NUM;78.5 mm;10 s;m3/h;mA;Volume flow;[m3/h]/[m3];173;;;;;;00:00:01 SAMPLES
260512_1124_8105_Type1.csv;8105;Type1;12.05.2026;11:24:19;nan;nan;nan;nan;nan;G 608ST-60802901;STORED;;: B:8105;168.3 mm;5.0 mm;0.1 mm;Carbon Steel;WITHOUT LINING;Water;20.0 C;CDM1N5213047;2 NUM;78.5 mm;10 s;m3/h;mA;Volume flow;[m3/h]/[m3];35;;;;;;00:00:01 SAMPLES
260512_1139_1181_Type1.csv;1181;Type1;12.05.2026;11:39:47;nan;nan;nan;nan;nan;G 608ST-60802901;STORED;;: B:1181;76.1 mm;3.6 mm;0.1 mm;Carbon Steel;WITHOUT LINING;Water;20.0 C;CDM1N5213047;2 NUM;5.9 mm;10 s;m3/h;mA;Volume flow;[m3/h]/[m3];41;;;;;;00:00:01 SAMPLES
260512_1141_1181_Type1.csv;1181;Type1;12.05.2026;11:41:10;-16.7583;-15.4450;-20.2800;-14.1900;-20.2800;G 608ST-60802901;STORED;;: B:1181;76.1 mm;3.6 mm;0.1 mm;Carbon Steel;WITHOUT LINING;Water;20.0 C;CDM1N5213047;2 NUM;5.9 mm;10 s;m3/h;mA;Volume flow;[m3/h]/[m3];70;;;;;;00:00:01 SAMPLES
260512_1143_1181_Type1.csv;1181;Type1;12.05.2026;11:43:11;14.5420;14.4350;15.7400;19.2800;9.6200;G 608ST-60802901;STORED;;: B:1181;76.1 mm;3.6 mm;0.1 mm;Carbon Steel;WITHOUT LINING;Water;20.0 C;CDM1N5213047;2 NUM;5.9 mm;10 s;m3/h;mA;Volume flow;[m3/h]/[m3];95;;;;;;00:00:01 SAMPLES
260512_1145_1182_Type1.csv;1182;Type1;12.05.2026;11:45:54;0.0000;0.0000;0.0000;0.0000;0.0000;G 608ST-60802901;STORED;;: B:1182;76.1 mm;3.6 mm;0.1 mm;Carbon Steel;WITHOUT LINING;Water;20.0 C;CDM1N5213047;2 NUM;5.9 mm;10 s;m3/h;mA;Volume flow;[m3/h]/[m3];9;;;;;;00:00:01 SAMPLES
260512_1146_1191_Type1.csv;1191;Type1;12.05.2026;11:46:46;-4.2946;-4.4450;-3.5700;-3.3100;-5.3600;G 608ST-60802901;STORED;;: B:1191;76.1 mm;3.6 mm;0.1 mm;Carbon Steel;WITHOUT LINING;Water;20.0 C;CDM1N5213047;2 NUM;5.9 mm;10 s;m3/h;mA;Volume flow;[m3/h]/[m3];30;;;;;;00:00:01 SAMPLES
260512_1147_1191_Type1.csv;1191;Type1;12.05.2026;11:47:41;-10.6648;-10.6900;-9.6700;-9.6200;-11.7200;G 608ST-60802901;STORED;;: B:1191;76.1 mm;3.6 mm;0.1 mm;Carbon Steel;WITHOUT LINING;Water;20.0 C;CDM1N5213047;2 NUM;5.9 mm;10 s;m3/h;mA;Volume flow;[m3/h]/[m3];28;;;;;;00:00:01 SAMPLES
260512_1148_1191_Type1.csv;1191;Type1;12.05.2026;11:48:21;5.6464;8.7650;8.7500;10.0400;-9.6700;G 608ST-60802901;STORED;;: B:1191;76.1 mm;3.6 mm;0.1 mm;Carbon Steel;WITHOUT LINING;Water;20.0 C;CDM1N5213047;2 NUM;5.9 mm;10 s;m3/h;mA;Volume flow;[m3/h]/[m3];67;;;;;;00:00:01 SAMPLES
260512_1150_1192_Type1.csv;1192;Type1;12.05.2026;11:50:37;-9.9873;-10.0600;-10.3900;-8.7800;-10.8500;G 608ST-60802901;STORED;;: B:1192;76.1 mm;3.6 mm;0.1 mm;Carbon Steel;WITHOUT LINING;Water;20.0 C;CDM1N5213047;2 NUM;5.9 mm;10 s;m3/h;mA;Volume flow;[m3/h]/[m3];16;;;;;;00:00:01 SAMPLES
260512_1151_1192_Type1.csv;1192;Type1;12.05.2026;11:51:59;0.6550;0.6400;0.8300;0.9000;0.3600;G 608ST-60802901;STORED;;: B:1192;76.1 mm;3.6 mm;0.1 mm;Carbon Steel;WITHOUT LINING;Water;20.0 C;CDM1N5213047;2 NUM;5.9 mm;10 s;m3/h;mA;Volume flow;[m3/h]/[m3];8;;;;;;00:00:01 SAMPLES
260512_1152_1192_Type1.csv;1192;Type1;12.05.2026;11:52:22;0.4700;0.4700;0.4700;0.4700;0.4700;G 608ST-60802901;STORED;;: B:1192;76.1 mm;3.6 mm;0.1 mm;Carbon Steel;WITHOUT LINING;Water;20.0 C;CDM1N5213047;2 NUM;5.9 mm;10 s;m3/h;mA;Volume flow;[m3/h]/[m3];3;;;;;;00:00:01 SAMPLES
260512_1157_1120_Type1.csv;1120;Type1;12.05.2026;11:57:09;68.1647;67.7800;70.9000;71.6900;64.7000;G 608ST-60802901;STORED;;: B:1120;114.0 mm;4.5 mm;0.1 mm;Carbon Steel;WITHOUT LINING;Water;20.0 C;CDM1N5213047;2 NUM;36.1 mm;10 s;m3/h;mA;Volume flow;[m3/h]/[m3];19;;;;;;00:00:01 SAMPLES
260518_0841_3900.01_Type1.csv;3900.01;Type1;18.05.2026;08:41:58;251.2194;250.1100;248.2600;265.2800;234.9300;G 608ST-60802901;STORED;Par.Record    01;: B:3900.01;204.0 mm;2.0 mm;0.0 mm;Stainless Steel;WITHOUT LINING;Water;20.0 C;CDM1N5213047;2 NUM;102.6 mm;10 s;m3/h;mA;Volume flow;[m3/h]/[m3];99;;;;;;00:00:01 SAMPLES
260518_0844_3900.01_Type1.csv;3900.01;Type1;18.05.2026;08:44:29;-263.8218;-265.4100;-251.5400;-251.5400;-268.9000;G 608ST-60802901;STORED;Par.Record    01;: B:3900.01;204.0 mm;2.0 mm;0.0 mm;Stainless Steel;WITHOUT LINING;Water;20.0 C;CDM1N5213047;2 NUM;102.6 mm;10 s;m3/h;mA;Volume flow;[m3/h]/[m3];89;;;;;;00:00:01 SAMPLES
260518_0846_3900.01_Type1.csv;3900.01;Type1;18.05.2026;08:46:08;253.5097;252.9200;248.8700;265.5800;247.6400;G 608ST-60802901;STORED;Par.Record    01;: B:3900.01;204.0 mm;2.0 mm;0.0 mm;Stainless Steel;WITHOUT LINING;Water;20.0 C;CDM1N5213047;2 NUM;102.6 mm;10 s;m3/h;mA;Volume flow;[m3/h]/[m3];52;;;;;;00:00:01 SAMPLES
260518_0848_4700.01_Type1.csv;4700.01;Type1;18.05.2026;08:48:59;-45.9916;-45.8100;-45.4100;-39.9700;-51.0300;G 608ST-60802901;STORED;Par.Record    02;: B:4700.01;168.0 mm;5.0 mm;0.1 mm;Carbon Steel;WITHOUT LINING;Water;20.0 C;CDM1N5213047;2 NUM;78.2 mm;10 s;m3/h;mA;Volume flow;[m3/h]/[m3];65;;;;;;00:00:01 SAMPLES
260518_0851_4700.01_Type1.csv;4700.01;Type1;18.05.2026;08:51:09;nan;nan;nan;nan;nan;G 608ST-60802901;STORED;Par.Record    02;: B:4700.01;168.0 mm;5.0 mm;0.1 mm;Carbon Steel;WITHOUT LINING;Water;20.0 C;CDM1N5213047;2 NUM;78.2 mm;10 s;m3/h;mA;Volume flow;[m3/h]/[m3];141;;;;;;00:00:01 SAMPLES
260518_0855_4700.01_Type1.csv;4700.01;Type1;18.05.2026;08:55:34;32.1000;32.5150;29.3400;34.7200;29.3400;G 608ST-60802901;STORED;Par.Record    02;: B:4700.01;168.0 mm;5.0 mm;0.1 mm;Carbon Steel;WITHOUT LINING;Water;20.0 C;CDM1N5213047;2 NUM;78.2 mm;10 s;m3/h;mA;Volume flow;[m3/h]/[m3];48;;;;;;00:00:01 SAMPLES
260518_0856_4700.01_Type1.csv;4700.01;Type1;18.05.2026;08:56:30;-32.4579;-32.6150;-32.6900;-30.8900;-33.5200;G 608ST-60802901;STORED;Par.Record    02;: B:4700.01;168.0 mm;5.0 mm;0.1 mm;Carbon Steel;WITHOUT LINING;Water;20.0 C;CDM1N5213047;2 NUM;78.2 mm;10 s;m3/h;mA;Volume flow;[m3/h]/[m3];34;;;;;;00:00:01 SAMPLES
260518_0859_3700.01_Type1.csv;3700.01;Type1;18.05.2026;08:59:34;97.9004;97.6500;104.1400;107.8200;89.4900;G 608ST-60802901;STORED;Par.Record    03;: B:3700.01;220.0 mm;5.0 mm;0.1 mm;Carbon Steel;WITHOUT LINING;Water;20.0 C;CDM1N5213047;2 NUM;118.4 mm;10 s;m3/h;mA;Volume flow;[m3/h]/[m3];51;;;;;;00:00:01 SAMPLES
260518_0907_05.06_Type1.csv;05.06;Type1;18.05.2026;09:07:42;774.0854;770.6250;779.0600;798.0400;756.6500;G 608ST-60802901;STORED;Par.Record    04;: B:05.06;323.0 mm;5.5 mm;0.1 mm;Carbon Steel;WITHOUT LINING;Water;20.0 C;CDM1N5213047;2 NUM;198.4 mm;10 s;m3/h;mA;Volume flow;[m3/h]/[m3];54;;;;;;00:00:01 SAMPLES
260518_0909_05.06_Type1.csv;05.06;Type1;18.05.2026;09:09:38;nan;nan;nan;nan;nan;G 608ST-60802901;STORED;Par.Record    04;: B:05.06;323.0 mm;5.5 mm;0.1 mm;Carbon Steel;WITHOUT LINING;Water;20.0 C;CDM1N5213047;2 NUM;198.4 mm;10 s;m3/h;mA;Volume flow;[m3/h]/[m3];33;;;;;;00:00:01 SAMPLES
260518_0910_05.06_Type1.csv;05.06;Type1;18.05.2026;09:10:25;-806.3155;-804.0000;-823.0900;-753.0000;-855.4300;G 608ST-60802901;STORED;Par.Record    04;: B:05.06;323.0 mm;5.5 mm;0.1 mm;Carbon Steel;WITHOUT LINING;Water;20.0 C;CDM1N5213047;2 NUM;198.4 mm;10 s;m3/h;mA;Volume flow;[m3/h]/[m3];91;;;;;;00:00:01 SAMPLES
260518_0912_05.06_Type1.csv;05.06;Type1;18.05.2026;09:12:11;762.6774;758.6800;752.2200;799.2200;723.3300;G 608ST-60802901;STORED;Par.Record    04;: B:05.06;323.0 mm;5.5 mm;0.1 mm;Carbon Steel;WITHOUT LINING;Water;20.0 C;CDM1N5213047;2 NUM;198.4 mm;10 s;m3/h;mA;Volume flow;[m3/h]/[m3];114;;;;;;00:00:01 SAMPLES
260518_0921_06.22_Type1.csv;06.22;Type1;18.05.2026;09:21:20;-20.0079;-19.8500;-21.9100;-17.1800;-21.9100;G 608ST-60802901;STORED;Par.Record    04;: B:06.22;114.0 mm;4.5 mm;0.1 mm;Carbon Steel;WITHOUT LINING;Water;20.0 C;CDM1N5213047;2 NUM;36.1 mm;10 s;m3/h;mA;Volume flow;[m3/h]/[m3];43;;;;;;00:00:01 SAMPLES
260518_0925_06.07_Type1.csv;06.07;Type1;18.05.2026;09:25:36;-716.0977;-714.6700;-709.2400;-701.6200;-735.5800;G 608ST-60802901;STORED;Par.Record    04;: B:06.07;323.0 mm;5.5 mm;0.1 mm;Carbon Steel;WITHOUT LINING;Water;20.0 C;CDM1N5213047;2 NUM;198.4 mm;10 s;m3/h;mA;Volume flow;[m3/h]/[m3];44;;;;;;00:00:01 SAMPLES
260518_0926_06.07_Type1.csv;06.07;Type1;18.05.2026;09:26:40;681.5404;679.9500;696.0400;708.4500;659.2000;G 608ST-60802901;STORED;Par.Record    04;: B:06.07;323.0 mm;5.5 mm;0.1 mm;Carbon Steel;WITHOUT LINING;Water;20.0 C;CDM1N5213047;2 NUM;198.4 mm;10 s;m3/h;mA;Volume flow;[m3/h]/[m3];71;;;;;;00:00:01 SAMPLES
260518_1005_3100.01_Type1.csv;3100.01;Type1;18.05.2026;10:05:20;-106.5699;-105.2900;-105.9100;-100.8300;-116.3500;G 608ST-60802901;STORED;Par.Record    04;: B:3100.01;220.0 mm;5.0 mm;0.1 mm;Carbon Steel;WITHOUT LINING;Water;20.0 C;CDM1N5213047;2 NUM;118.4 mm;10 s;m3/h;mA;Volume flow;[m3/h]/[m3];83;;;;;;00:00:01 SAMPLES
260518_1007_3100.01_Type1.csv;3100.01;Type1;18.05.2026;10:07:34;118.5598;120.9000;102.7400;125.2400;102.7400;G 608ST-60802901;STORED;Par.Record    04;: B:3100.01;220.0 mm;5.0 mm;0.1 mm;Carbon Steel;WITHOUT LINING;Water;20.0 C;CDM1N5213047;2 NUM;118.4 mm;10 s;m3/h;mA;Volume flow;[m3/h]/[m3];140;;;;;;00:00:01 SAMPLES
260518_1035_8107_Type1.csv;8107;Type1;18.05.2026;10:35:27;nan;nan;nan;nan;nan;G 608ST-60802901;STORED;Par.Record    04;: B:8107;220.0 mm;5.0 mm;0.1 mm;Carbon Steel;WITHOUT LINING;Water;20.0 C;CDM1N5213047;2 NUM;118.4 mm;10 s;m3/h;mA;Volume flow;[m3/h]/[m3];22;;;;;;00:00:01 SAMPLES
260518_1047_3806_Type1.csv;3806;Type1;18.05.2026;10:47:15;88.7219;88.8350;89.2200;91.4400;86.0100;G 608ST-60802901;STORED;Par.Record    04;: B:3806;139.7 mm;2.0 mm;0.0 mm;Stainless Steel;WITHOUT LINING;Water;20.0 C;CDM1N5213047;2 NUM;52.9 mm;10 s;m3/h;mA;Volume flow;[m3/h]/[m3];75;;;;;;00:00:01 SAMPLES
260518_1050_3801_Type1.csv;3801;Type1;18.05.2026;10:50:00;nan;nan;nan;nan;nan;G 608ST-60802901;STORED;Par.Record    04;: B:3801;88.9 mm;2.0 mm;0.0 mm;Stainless Steel;WITHOUT LINING;Water;20.0 C;CDM1N5213047;2 NUM;13.7 mm;10 s;m3/h;mA;Volume flow;[m3/h]/[m3];63;;;;;;00:00:01 SAMPLES
