Filename;POINTNAME;Type;DATE;TIME;A Volumetric flow rate [m3/h]_Avg;A Volumetric flow rate [m3/h]_Median;A Volumetric flow rate [m3/h]_Mode;A Volumetric flow rate [m3/h]_Max;A Volumetric flow rate [m3/h]_Min
251013_0000_8100_Type2.csv;8100;Type2;251013;0000;39.4574;177.5907;177.9919;208.2144;-217.3747
251013_0841_8100_Type2.csv;8100;Type2;251013;0841;39.4574;177.5907;177.9919;208.2144;-217.3747
251013_0900_8100_Type2.csv;8100;Type2;251013;0900;198.5981;202.0295;181.5356;229.9452;175.5848
251013_1020_8100_Type2.csv;8100;Type2;251013;1020;196.0978;203.4002;205.9410;218.5114;176.2534
251014_0000_8105_Type2.csv;8105;Type2;251014;0000;212.5942;212.6274;212.6274;215.7031;193.0362
251014_0000_8107_Type2.csv;8107;Type2;251014;0000;190.8791;190.8966;191.4315;193.3037;189.0244
251014_0000_8109_Type2.csv;8109;Type2;251014;0000;169.8756;169.9149;169.7981;172.3690;167.3440
251014_1048_8109_Type2.csv;8109;Type2;251014;1048;169.8756;169.9149;169.7981;172.3690;167.3440
251014_1215_8105_Type2.csv;8105;Type2;251014;1215;212.5942;212.6274;212.6274;215.7031;193.0362
251014_1308_8105_Type2.csv;8105;Type2;251014;1308;190.8791;190.8966;191.4315;193.3037;189.0244
251015_0902_8109_Type2.csv;8109;Type2;251015;0902;149.2995;148.7926;146.3361;168.0935;144.9324
251015_0910_8109_Type2.csv;8109;Type2;251015;0910;134.0560;133.6053;133.0332;138.0259;131.5770
251015_0916_8105_Type2.csv;8105;Type2;251015;0916;207.0953;207.8672;207.8004;208.6698;192.2170
251015_0917_8105_Type2.csv;8105;Type2;251015;0917;207.0953;207.8672;207.8004;208.6698;192.2170
251015_0922_8105_Type2.csv;8105;Type2;251015;0922;208.3321;207.2653;207.7335;223.1162;200.0421
251015_0922_8107_Type2.csv;8107;Type2;251015;0922;208.3321;207.2653;207.7335;223.1162;200.0421
251015_0931_8106_Type2.csv;8106;Type2;251015;0931;181.2502;177.9044;177.9044;228.4667;174.6941
251015_0939_8108_Type2.csv;8108;Type2;251015;0939;225.8374;226.9619;227.9317;229.2693;204.0550
251015_0945_8104_Type2.csv;8104;Type2;251015;0945;204.9245;205.0582;205.5933;206.5965;199.4402
251015_1000_8109_Type2.csv;8109;Type2;251015;1000;168.2015;167.3917;165.1692;174.9951;164.8182
251015_1002_8109_Type2.csv;8109;Type2;251015;1002;168.2015;167.3917;165.1692;174.9951;164.8182
251015_1005_8109_Type2.csv;8109;Type2;251015;1005;145.4988;147.5431;156.2282;156.2282;133.2413
251015_1012_8105_Type2.csv;8105;Type2;251015;1012;196.5800;197.4493;199.6558;201.5948;185.3469
251015_1019_8105_Type2.csv;8105;Type2;251015;1019;193.3801;193.5712;193.5712;194.9084;188.8907
251015_1021_8100_Type2.csv;8100;Type2;251015;1021;196.0786;182.6055;179.3960;231.8173;177.1895
251015_1021_8106_Type2.csv;8106;Type2;251015;1021;179.1381;179.2623;179.3960;179.6635;177.1895
251015_1021_8107_Type2.csv;8107;Type2;251015;1021;193.3801;193.5712;193.5712;194.9084;188.8907
251015_1026_8100_Type2.csv;8100;Type2;251015;1026;196.0786;182.6055;179.3960;231.8173;177.1895
251015_1026_8106_Type2.csv;8106;Type2;251015;1026;179.1381;179.2623;179.3960;179.6635;177.1895
251015_1029_8108_Type2.csv;8108;Type2;251015;1029;225.4118;228.0061;220.4505;231.8173;215.3020
251015_1030_8108_Type2.csv;8108;Type2;251015;1030;225.4118;228.0061;220.4505;231.8173;215.3020
251015_1033_8104_Type2.csv;8104;Type2;251015;1033;182.4425;182.5052;182.2711;183.3410;180.5327
251104_0000_373-02_Type3.csv;373-02;Type3;251104;0000;132.6696;130.7824;140.5685;239.2155;61.8195
251114_0000_373-02_Type3.csv;373-02;Type3;251114;0000;93.2041;89.7417;83.3644;175.4809;37.9573
251117_0000_373-02_Type3.csv;373-02;Type3;251117;0000;115.6125;111.5930;109.3332;234.1022;32.3652
251127_1243_00.01_Type3.csv;00.01;Type3;251127;1243;744.1342;743.4233;755.3533;759.2755;726.9173
251127_1244_00.01_Type4.csv;00.01;Type4;251127;1244;779.8918;780.6645;787.6712;794.0103;763.7581
251127_1311_8105_Type4.csv;8105;Type4;251127;1311;245.7269;251.0252;251.9445;254.1322;237.7607
251127_1311_8107_Type4.csv;8107;Type4;251127;1311;245.7269;251.0252;251.9445;254.1322;237.7607
251127_1314_8105_Type4.csv;8105;Type4;251127;1314;233.7418;234.0908;234.1284;236.1334;231.1802
251127_1314_8107_Type4.csv;8107;Type4;251127;1314;233.7418;234.0908;234.1284;236.1334;231.1802
251127_1315_8106_Type4.csv;8106;Type4;251127;1315;233.1697;232.8639;235.2527;235.2527;231.4889
251127_1316_8108_Type4.csv;8108;Type4;251127;1316;268.9148;268.8870;272.4672;273.3260;264.0399
251201_0000_3906_Type3.csv;3906;Type3;251201;0000;137.7955;137.4495;137.2893;140.5454;136.2752
251201_0229_3906_Type3.csv;3906;Type3;251201;0229;-132.1830;-132.2414;-132.8146;-130.6749;-133.5788
251201_0230_3906_Type3.csv;3906;Type3;251201;0230;139.1869;137.8582;137.7818;157.1919;134.1901
251201_0233_3900.03_Type3.csv;3900.03;Type3;251201;0233;206.9576;207.8571;208.0864;211.5252;201.7437
251201_0234_3900.03_Type3.csv;3900.03;Type3;251201;0234;204.3899;205.9467;206.4816;207.5515;193.4905
251201_1200_31006_Type3.csv;31006;Type3;251201;1200;44.8532;44.7578;45.0514;47.5068;41.9555
251201_1416_31006_Type3.csv;31006;Type3;251201;1416;44.8532;44.7578;45.0514;47.5068;41.9555
251201_1418_3906_Type3.csv;3906;Type3;251201;1418;137.7955;137.4495;137.2893;140.5454;136.2752
251201_1429_3906_Type3.csv;3906;Type3;251201;1429;-132.1830;-132.2414;-132.8146;-130.6749;-133.5788
251201_1430_3906_Type3.csv;3906;Type3;251201;1430;139.1869;137.8582;137.7818;157.1919;134.1901
251201_1433_3900.03_Type3.csv;3900.03;Type3;251201;1433;206.9576;207.8571;208.0864;211.5252;201.7437
251201_1434_3900.03_Type3.csv;3900.03;Type3;251201;1434;204.3899;205.9467;206.4816;207.5515;193.4905
251202_0951_3906_Type3.csv;3906;Type3;251202;0951;137.3543;137.7164;138.7839;140.0116;133.9265
251202_0955_3906_Type3.csv;3906;Type3;251202;0955;-137.8348;-137.9728;-138.0874;-135.0307;-139.8451
251202_0956_3906_Type3.csv;3906;Type3;251202;0956;140.5773;140.6856;140.5328;142.1376;137.3997
251202_1000_31006_Type3.csv;31006;Type3;251202;1000;46.4574;46.1190;44.7845;52.3109;40.5142
251202_1003_31006_Type3.csv;31006;Type3;251202;1003;47.5354;47.4801;47.8271;54.5528;44.5710
251202_1006_3900.03_Type3.csv;3900.03;Type3;251202;1006;212.9924;213.7031;214.3527;216.7216;204.3419
251202_1008_3900.03_Type3.csv;3900.03;Type3;251202;1008;211.1404;211.3724;212.6715;214.5055;205.4117
251202_1021_3900.03_Type3.csv;3900.03;Type3;251202;1021;138.5913;140.2251;139.3177;147.9116;125.8130
251202_1024_3900.03_Type3.csv;3900.03;Type3;251202;1024;88.3896;138.6606;141.7555;144.3537;-16.5827
251202_1027_3906_Type3.csv;3906;Type3;251202;1027;134.0047;134.5670;121.7562;141.4529;119.0873
251202_1030_3906_Type3.csv;3906;Type3;251202;1030;138.8012;138.5459;138.4695;143.4367;136.3298
251202_1033_3906_Type3.csv;3906;Type3;251202;1033;42.3783;45.4251;46.9730;49.6953;17.0277
251202_1037_3906_Type3.csv;3906;Type3;251202;1037;49.1545;49.1615;49.3217;55.8338;44.5710
251202_1039_3900.03_Type3.csv;3900.03;Type3;251202;1039;176.2669;192.5735;194.1783;237.3545;143.2074
251202_1050_3900.01_Type3.csv;3900.01;Type3;251202;1050;101.2522;140.2271;0.0000;166.2093;0.0000
251202_1050_3900.03_Type3.csv;3900.03;Type3;251202;1050;101.2522;140.2271;0.0000;166.2093;0.0000
251202_1101_3900.01_Type3.csv;3900.01;Type3;251202;1101;162.5383;214.0470;0.0000;219.3198;0.0000
251202_1101_3900.03_Type3.csv;3900.03;Type3;251202;1101;162.5383;214.0470;0.0000;219.3198;0.0000
251203_1131_8105_Type3.csv;8105;Type3;251203;1131;235.7093;233.4343;233.3279;273.6938;222.5447
251203_1131_8107_Type3.csv;8107;Type3;251203;1131;235.7093;233.4343;233.3279;273.6938;222.5447
251203_1136_8106_Type3.csv;8106;Type3;251203;1136;223.3483;223.4315;222.6156;227.3687;218.0044
251203_1138_8108_Type3.csv;8108;Type3;251203;1138;238.4320;236.4493;239.1451;250.4249;229.2842
251203_1142_8104_Type3.csv;8104;Type3;251203;1142;226.2953;226.3756;227.0850;238.0810;217.7916
251204_0118_3800.01_Type3.csv;3800.01;Type3;251204;0118;46.0401;46.0801;45.9505;47.5708;44.4599
251204_0119_3800.01_Type3.csv;3800.01;Type3;251204;0119;47.1945;47.1171;47.3763;48.9318;46.0801
251204_0121_3800.01_Type3.csv;3800.01;Type3;251204;0121;45.9297;45.8209;45.5617;48.9318;42.6452
251204_1318_3800.01_Type3.csv;3800.01;Type3;251204;1318;46.0401;46.0801;45.9505;47.5708;44.4599
251204_1319_3800.01_Type3.csv;3800.01;Type3;251204;1319;47.1945;47.1171;47.3763;48.9318;46.0801
251204_1321_3800.01_Type3.csv;3800.01;Type3;251204;1321;45.9297;45.8209;45.5617;48.9318;42.6452
251209_0000_8104_Type3.csv;8104;Type3;251209;0000;164.7833;165.3478;156.4628;174.3792;150.4093
251209_0000_8105_Type3.csv;8105;Type3;251209;0000;158.4167;157.5124;152.8991;169.2532;150.2629
251209_0000_8106_Type3.csv;8106;Type3;251209;0000;148.2233;148.2613;148.1637;149.5306;145.0881
251209_0000_8108_Type3.csv;8108;Type3;251209;0000;233.5073;230.3838;229.2842;254.5395;214.2445
251209_1035_3100.01_Type3.csv;3100.01;Type3;251209;1035;120.1056;121.8707;127.6977;130.0533;106.2494
251209_1038_3100.01_Type3.csv;3100.01;Type3;251209;1038;120.1056;121.8707;127.6977;130.0533;106.2494
251209_1042_3100.01_Type3.csv;3100.01;Type3;251209;1042;102.9163;101.7862;101.2903;110.8366;96.9510
251209_1105_3100.03_Type3.csv;3100.03;Type3;251209;1105;89.7216;89.6875;93.3442;97.2479;86.2285
251209_1223_3100.01_Type3.csv;3100.01;Type3;251209;1223;-100.2784;-99.8025;-99.3066;-94.0995;-108.3570
251209_1224_3100.01_Type3.csv;3100.01;Type3;251209;1224;123.9255;125.8380;124.5982;130.9211;104.5137
251209_1231_3100.03_Type3.csv;3100.03;Type3;251209;1231;-82.6670;-82.9671;-83.9554;-75.7526;-86.6238
251209_1235_3100.03_Type3.csv;3100.03;Type3;251209;1235;-95.5544;-95.4196;-98.0386;-92.0594;-101.2999
251209_1236_3100.03_Type3.csv;3100.03;Type3;251209;1236;100.2261;97.6927;107.8227;112.1711;90.8240
251209_1238_3100.03_Type3.csv;3100.03;Type3;251209;1238;-92.3947;-94.1842;-82.1271;-70.8111;-109.7004
251209_1240_3100.03_Type3.csv;3100.03;Type3;251209;1240;92.3443;92.9242;84.3013;98.3351;84.3013
251209_1253_3150_Type3.csv;3150;Type3;251209;1253;28.1886;28.4782;27.3529;32.3666;20.9199
251209_1255_3150_Type3.csv;3150;Type3;251209;1255;4.0205;0.9238;0.0000;29.9983;-0.6131
251209_1302_3150_Type3.csv;3150;Type3;251209;1302;5.8605;0.3695;0.0000;25.6816;-1.0498
251209_1315_3100.03_Type3.csv;3100.03;Type3;251209;1315;-94.2671;-93.9372;-93.8383;-90.8240;-98.0386
251209_1317_3100.03_Type3.csv;3100.03;Type3;251209;1317;102.0992;101.8929;102.6341;105.6978;99.9657
251209_1320_3102_Type3.csv;3102;Type3;251209;1320;-22.0344;-22.0883;-22.2860;-21.1000;-23.1754
251209_1321_3102_Type3.csv;3102;Type3;251209;1321;23.7926;23.8673;24.9544;25.3497;18.6787
251209_1331_8105_Type3.csv;8105;Type3;251209;1331;158.4167;157.5124;152.8991;169.2532;150.2629
251209_1335_8106_Type3.csv;8106;Type3;251209;1335;148.2233;148.2613;148.1637;149.5306;145.0881
251209_1337_8104_Type3.csv;8104;Type3;251209;1337;164.7833;165.3478;156.4628;174.3792;150.4093
251209_1341_8108_Type3.csv;8108;Type3;251209;1341;233.5073;230.3838;229.2842;254.5395;214.2445
251209_1343_8106_Type3.csv;8106;Type3;251209;1343;211.5694;211.9034;212.9675;213.4641;207.7888
251209_1348_8104_Type3.csv;8104;Type3;251209;1348;225.8445;219.9908;217.7916;278.8726;214.4573
251209_1352_8105_Type3.csv;8105;Type3;251209;1352;226.5729;225.0986;223.8217;233.5407;221.9062
251209_1356_8105_Type3.csv;8105;Type3;251209;1356;225.0799;226.0208;226.0918;227.9363;216.0890
260108_1119_3806_Type4.csv;3806;Type4;260108;1119;32.8990;32.8597;32.8283;33.4432;32.2124
260108_1124_3801_Type4.csv;3801;Type4;260108;1124;10.1776;10.2229;10.2634;10.5120;9.8790
260206_1423_3800_Type4.csv;3800;Type4;260206;1423;49.4224;48.0193;46.3998;56.7520;44.4953
260206_1553_3900.02_Type4.csv;3900.02;Type4;260206;1553;205.2120;220.3973;232.1347;248.0880;118.4052
260206_1616_3900.02_Type4.csv;3900.02;Type4;260206;1616;176.0099;200.8039;218.8553;218.8553;112.1481
260206_1626_3900.02_Type4.csv;3900.02;Type4;260206;1626;176.0099;200.8039;218.8553;218.8553;112.1481
260206_1640_3906_Type4.csv;3906;Type4;260206;1640;109.5804;134.7531;79.5026;145.4837;27.5304
260206_1654_3906_Type4.csv;3906;Type4;260206;1654;109.5804;134.7531;79.5026;145.4837;27.5304
