t_stamp,TT101
01/12/2025,61.70000076
01/12/2025,61.70000076
01/12/2025,61.70000076
01/12/2025,61.59999847
01/12/2025,61.59999847
01/12/2025,61.70000076
01/12/2025,61.79999924
01/12/2025,61.59999847
01/12/2025,61.59999847
01/12/2025,61.5
01/12/2025,61.59999847
01/12/2025,61.70000076
01/12/2025,61.70000076
01/12/2025,61.59999847
01/12/2025,61.59999847
01/12/2025,61.59999847
01/12/2025,61.59999847
01/12/2025,61.70000076
01/12/2025,61.59999847
01/12/2025,61.5
01/12/2025,61.5
01/12/2025,61.5
01/12/2025,61.59999847
01/12/2025,61.59999847
01/12/2025,61.59999847
01/12/2025,61.59999847
01/12/2025,61.40000153
01/12/2025,61.59999847
01/12/2025,61.59999847
01/12/2025,61.5
01/12/2025,61.40000153
01/12/2025,61.40000153
01/12/2025,61.5
01/12/2025,61.5
01/12/2025,61.40000153
01/12/2025,61.40000153
01/12/2025,61.40000153
01/12/2025,61.40000153
01/12/2025,61.40000153
01/12/2025,61.5
01/12/2025,61.40000153
01/12/2025,61.40000153
01/12/2025,61.40000153
01/12/2025,61.40000153
01/12/2025,61.40000153
01/12/2025,61.40000153
01/12/2025,61.40000153
01/12/2025,61.40000153
01/12/2025,61.40000153
01/12/2025,61.40000153
01/12/2025,61.40000153
01/12/2025,61.40000153
01/12/2025,61.40000153
01/12/2025,61.29999924
01/12/2025,61.40000153
01/12/2025,61.40000153
01/12/2025,61.40000153
01/12/2025,61.40000153
01/12/2025,61.40000153
01/12/2025,61.40000153
01/12/2025,61.40000153
01/12/2025,61.40000153
01/12/2025,61.40000153
01/12/2025,61.29999924
01/12/2025,61.40000153
01/12/2025,61.29999924
01/12/2025,61.20000076
01/12/2025,61.40000153
01/12/2025,61.20000076
01/12/2025,61.29999924
01/12/2025,61.29999924
01/12/2025,61.20000076
01/12/2025,61.40000153
01/12/2025,61.40000153
01/12/2025,61.29999924
01/12/2025,61.29999924
01/12/2025,61.29999924
01/12/2025,61.40000153
01/12/2025,61.40000153
01/12/2025,61.29999924
01/12/2025,61.20000076
01/12/2025,61.20000076
01/12/2025,61.40000153
01/12/2025,61.40000153
01/12/2025,61.29999924
01/12/2025,61.20000076
01/12/2025,61.29999924
01/12/2025,61.40000153
01/12/2025,61.40000153
01/12/2025,61.40000153
01/12/2025,61.40000153
01/12/2025,61.29999924
01/12/2025,61.20000076
01/12/2025,61.40000153
01/12/2025,61.40000153
01/12/2025,61.40000153
01/12/2025,61.29999924
01/12/2025,61.40000153
01/12/2025,61.40000153
01/12/2025,61.40000153
01/12/2025,61.40000153
01/12/2025,61.29999924
01/12/2025,61.29999924
01/12/2025,61.20000076
01/12/2025,61.20000076
01/12/2025,61.29999924
01/12/2025,61.29999924
01/12/2025,61.29999924
01/12/2025,61.29999924
01/12/2025,61.29999924
01/12/2025,61.40000153
01/12/2025,61.29999924
01/12/2025,61.29999924
01/12/2025,61.29999924
01/12/2025,61.29999924
01/12/2025,61.20000076
01/12/2025,61.29999924
01/12/2025,61.29999924
01/12/2025,61.29999924
01/12/2025,61.20000076
01/12/2025,61.20000076
01/12/2025,61.20000076
01/12/2025,61.20000076
01/12/2025,61.20000076
01/12/2025,61.20000076
01/12/2025,61.20000076
01/12/2025,61.09999847
01/12/2025,61.09999847
01/12/2025,61.20000076
01/12/2025,61.09999847
01/12/2025,61.09999847
01/12/2025,61
01/12/2025,61
01/12/2025,61
01/12/2025,61
01/12/2025,60.90000153
01/12/2025,60.90000153
01/12/2025,60.90000153
01/12/2025,60.90000153
01/12/2025,60.90000153
01/12/2025,60.79999924
01/12/2025,60.79999924
01/12/2025,60.70000076
01/12/2025,60.79999924
01/12/2025,60.70000076
01/12/2025,60.70000076
01/12/2025,60.59999847
01/12/2025,60.59999847
01/12/2025,60.5
01/12/2025,60.5
01/12/2025,60.5
01/12/2025,60.5
01/12/2025,60.5
01/12/2025,60.5
01/12/2025,60.5
01/12/2025,60.5
01/12/2025,60.5
01/12/2025,60.5
01/12/2025,60.5
01/12/2025,60.5
01/12/2025,60.5
01/12/2025,60.5
01/12/2025,60.59999847
01/12/2025,60.59999847
01/12/2025,60.59999847
01/12/2025,60.79999924
01/12/2025,60.70000076
01/12/2025,60.79999924
01/12/2025,60.90000153
01/12/2025,61
01/12/2025,61
01/12/2025,61
01/12/2025,60.90000153
01/12/2025,60.79999924
01/12/2025,60.90000153
01/12/2025,60.90000153
01/12/2025,60.79999924
01/12/2025,60.90000153
01/12/2025,60.90000153
01/12/2025,60.90000153
01/12/2025,61
01/12/2025,61
01/12/2025,61.09999847
01/12/2025,61.20000076
01/12/2025,61
01/12/2025,61
01/12/2025,61.09999847
01/12/2025,61.09999847
01/12/2025,61.09999847
01/12/2025,61
01/12/2025,60.90000153
01/12/2025,61
01/12/2025,61.09999847
01/12/2025,61.20000076
01/12/2025,61.20000076
01/12/2025,61.09999847
01/12/2025,61
01/12/2025,61.09999847
01/12/2025,61.20000076
01/12/2025,61.20000076
01/12/2025,61.40000153
01/12/2025,61.40000153
01/12/2025,61
01/12/2025,61.09999847
01/12/2025,61.09999847
01/12/2025,61.09999847
01/12/2025,61.20000076
01/12/2025,61.09999847
01/12/2025,61.09999847
01/12/2025,61.20000076
01/12/2025,61.29999924
01/12/2025,61.40000153
01/12/2025,61.40000153
01/12/2025,61.29999924
01/12/2025,60.90000153
01/12/2025,60.29999924
01/12/2025,59.70000076
01/12/2025,58.20000076
01/12/2025,55.90000153
01/12/2025,54
01/12/2025,52.59999847
01/12/2025,51.5
01/12/2025,50.59999847
01/12/2025,49.79999924
01/12/2025,49.20000076
01/12/2025,48.5
01/12/2025,47.90000153
01/12/2025,47.40000153
01/12/2025,46.79999924
01/12/2025,46.29999924
01/12/2025,45.79999924
01/12/2025,45.5
01/12/2025,45.09999847
01/12/2025,44.70000076
01/12/2025,44.29999924
01/12/2025,43.90000153
01/12/2025,43.59999847
01/12/2025,43.09999847
01/12/2025,42.90000153
01/12/2025,42.5
01/12/2025,42.29999924
01/12/2025,41.90000153
01/12/2025,41.59999847
01/12/2025,41.29999924
01/12/2025,41
01/12/2025,40.79999924
01/12/2025,40.5
01/12/2025,40.29999924
01/12/2025,40.09999847
01/12/2025,39.70000076
01/12/2025,39.5
01/12/2025,39.20000076
01/12/2025,39.09999847
01/12/2025,38.79999924
01/12/2025,38.59999847
01/12/2025,38.40000153
01/12/2025,38.20000076
01/12/2025,38.09999847
01/12/2025,38
01/12/2025,37.79999924
01/12/2025,37.59999847
01/12/2025,37.40000153
01/12/2025,37.29999924
01/12/2025,37.09999847
01/12/2025,36.90000153
01/12/2025,36.79999924
01/12/2025,36.59999847
01/12/2025,36.5
01/12/2025,36.29999924
01/12/2025,36.20000076
01/12/2025,36
01/12/2025,35.90000153
01/12/2025,35.70000076
01/12/2025,35.59999847
01/12/2025,35.40000153
01/12/2025,35.20000076
01/12/2025,35
01/12/2025,34.79999924
01/12/2025,34.79999924
01/12/2025,34.5
01/12/2025,34.29999924
01/12/2025,34.09999847
01/12/2025,34
01/12/2025,33.90000153
01/12/2025,33.70000076
01/12/2025,33.5
01/12/2025,36
01/12/2025,47.29999924
01/12/2025,50.5
01/12/2025,50.79999924
01/12/2025,50.40000153
01/12/2025,49.59999847
01/12/2025,48.70000076
01/12/2025,47.90000153
01/12/2025,47
01/12/2025,46.20000076
01/12/2025,45.5
01/12/2025,44.59999847
01/12/2025,43.90000153
01/12/2025,43.09999847
01/12/2025,42.5
01/12/2025,42
01/12/2025,41.40000153
01/12/2025,40.59999847
01/12/2025,40
01/12/2025,39.5
01/12/2025,39
01/12/2025,38.59999847
01/12/2025,38.20000076
01/12/2025,37.79999924
01/12/2025,37.59999847
01/12/2025,37.40000153
01/12/2025,37.29999924
01/12/2025,37.20000076
01/12/2025,37.09999847
01/12/2025,37.09999847
01/12/2025,37.09999847
01/12/2025,36.90000153
01/12/2025,37
01/12/2025,37
01/12/2025,37.09999847
01/12/2025,37.09999847
01/12/2025,37.20000076
01/12/2025,37.5
01/12/2025,38.40000153
01/12/2025,39.5
01/12/2025,40.29999924
01/12/2025,40.79999924
01/12/2025,41.20000076
01/12/2025,41.40000153
01/12/2025,41.59999847
01/12/2025,41.79999924
01/12/2025,41.79999924
01/12/2025,41.90000153
01/12/2025,42.09999847
01/12/2025,42.09999847
01/12/2025,42.29999924
01/12/2025,42.29999924
01/12/2025,42.5
01/12/2025,42.5
01/12/2025,42.59999847
01/12/2025,42.70000076
01/12/2025,42.79999924
01/12/2025,42.90000153
01/12/2025,42.90000153
01/12/2025,42.90000153
01/12/2025,43
01/12/2025,43.09999847
01/12/2025,43.09999847
01/12/2025,43.20000076
01/12/2025,43.29999924
01/12/2025,43.20000076
01/12/2025,43.29999924
01/12/2025,43.29999924
01/12/2025,43.29999924
01/12/2025,43.29999924
01/12/2025,43.40000153
01/12/2025,43.40000153
01/12/2025,43.40000153
01/12/2025,43.40000153
01/12/2025,43.40000153
01/12/2025,43.40000153
01/12/2025,43.40000153
01/12/2025,43.5
01/12/2025,43.40000153
01/12/2025,43.5
01/12/2025,43.59999847
01/12/2025,43.5
01/12/2025,43.5
01/12/2025,43.59999847
01/12/2025,43.59999847
01/12/2025,43.59999847
01/12/2025,43.59999847
01/12/2025,43.70000076
01/12/2025,43.70000076
01/12/2025,43.70000076
01/12/2025,43.70000076
01/12/2025,43.70000076
01/12/2025,43.79999924
01/12/2025,43.70000076
01/12/2025,43.79999924
01/12/2025,43.70000076
01/12/2025,43.70000076
01/12/2025,43.79999924
01/12/2025,43.79999924
01/12/2025,43.70000076
01/12/2025,43.70000076
01/12/2025,43.70000076
01/12/2025,43.70000076
01/12/2025,43.70000076
01/12/2025,43.70000076
01/12/2025,43.70000076
01/12/2025,43.70000076
01/12/2025,43.59999847
01/12/2025,43.70000076
01/12/2025,43.59999847
01/12/2025,43.5
01/12/2025,43.70000076
01/12/2025,43.59999847
01/12/2025,43.5
01/12/2025,43.5
01/12/2025,43.5
01/12/2025,43.5
01/12/2025,43.40000153
01/12/2025,43.40000153
01/12/2025,43.40000153
01/12/2025,43.59999847
01/12/2025,44
01/12/2025,44.20000076
01/12/2025,44.5
01/12/2025,45
01/12/2025,45.29999924
01/12/2025,46
01/12/2025,46.79999924
01/12/2025,47.70000076
01/12/2025,48.09999847
01/12/2025,48.59999847
01/12/2025,49
01/12/2025,49.5
01/12/2025,49.79999924
01/12/2025,50
01/12/2025,50.20000076
01/12/2025,51
01/12/2025,52.09999847
01/12/2025,53.09999847
01/12/2025,54.09999847
01/12/2025,54.59999847
01/12/2025,55.40000153
01/12/2025,55.79999924
01/12/2025,55.79999924
01/12/2025,56.20000076
01/12/2025,56.29999924
01/12/2025,56.59999847
01/12/2025,57
01/12/2025,57.29999924
01/12/2025,57.5
01/12/2025,57.09999847
01/12/2025,56.5
01/12/2025,56.79999924
01/12/2025,56.5
01/12/2025,56.5
01/12/2025,56.59999847
01/12/2025,56.70000076
01/12/2025,56.70000076
01/12/2025,57.20000076
01/12/2025,57.79999924
01/12/2025,57.70000076
01/12/2025,57.59999847
01/12/2025,57.70000076
01/12/2025,57.79999924
01/12/2025,57.70000076
01/12/2025,57.70000076
01/12/2025,57.79999924
01/12/2025,58.40000153
01/12/2025,58.59999847
01/12/2025,58.59999847
01/12/2025,58.59999847
01/12/2025,58.59999847
01/12/2025,58.79999924
01/12/2025,59.29999924
01/12/2025,59.90000153
01/12/2025,60.40000153
01/12/2025,60.59999847
01/12/2025,60.90000153
01/12/2025,61.20000076
01/12/2025,61.40000153
01/12/2025,61.59999847
01/12/2025,62
01/12/2025,62.09999847
01/12/2025,62.09999847
01/12/2025,62.29999924
01/12/2025,62.40000153
01/12/2025,62.59999847
01/12/2025,62.70000076
01/12/2025,62.70000076
01/12/2025,62.70000076
01/12/2025,62.70000076
01/12/2025,62.70000076
01/12/2025,62.90000153
01/12/2025,63.09999847
01/12/2025,63.09999847
01/12/2025,63
01/12/2025,63
01/12/2025,63.29999924
01/12/2025,63.40000153
01/12/2025,63.5
01/12/2025,63.5
01/12/2025,63.70000076
01/12/2025,64
01/12/2025,63.79999924
01/12/2025,63.79999924
01/12/2025,63.79999924
01/12/2025,63.79999924
01/12/2025,63.90000153
01/12/2025,64
01/12/2025,63.90000153
01/12/2025,64
01/12/2025,64
01/12/2025,64
01/12/2025,64.19999695
01/12/2025,64.30000305
01/12/2025,64.40000153
01/12/2025,64.5
01/12/2025,64.5
01/12/2025,64.59999847
01/12/2025,64.5
01/12/2025,64.40000153
01/12/2025,64.40000153
01/12/2025,64.40000153
01/12/2025,64.5
01/12/2025,64.5
01/12/2025,64.5
01/12/2025,64.59999847
01/12/2025,64.59999847
01/12/2025,64.69999695
01/12/2025,64.80000305
01/12/2025,64.80000305
01/12/2025,65
01/12/2025,65
01/12/2025,65.09999847
01/12/2025,65.09999847
01/12/2025,65.09999847
01/12/2025,65.09999847
01/12/2025,65.19999695
01/12/2025,65.30000305
01/12/2025,65.30000305
01/12/2025,65.30000305
01/12/2025,65.30000305
01/12/2025,65.30000305
01/12/2025,65.40000153
01/12/2025,65.40000153
01/12/2025,65.30000305
01/12/2025,65.30000305
01/12/2025,65.40000153
01/12/2025,65.40000153
01/12/2025,65.30000305
01/12/2025,65.5
01/12/2025,65.5
01/12/2025,65.59999847
01/12/2025,65.69999695
01/12/2025,65.69999695
01/12/2025,65.80000305
01/12/2025,65.90000153
01/12/2025,65.90000153
01/12/2025,66.09999847
01/12/2025,66.09999847
01/12/2025,66.30000305
01/12/2025,66.30000305
01/12/2025,66.30000305
01/12/2025,66.40000153
01/12/2025,66.40000153
01/12/2025,66.40000153
01/12/2025,66.5
01/12/2025,66.59999847
01/12/2025,66.69999695
01/12/2025,66.69999695
01/12/2025,66.80000305
01/12/2025,66.80000305
01/12/2025,66.80000305
01/12/2025,66.90000153
01/12/2025,67
01/12/2025,67.19999695
01/12/2025,67.30000305
01/12/2025,67.30000305
01/12/2025,67.40000153
01/12/2025,67.40000153
01/12/2025,67.40000153
01/12/2025,67.40000153
01/12/2025,67.40000153
01/12/2025,67.59999847
01/12/2025,67.59999847
01/12/2025,67.80000305
01/12/2025,67.90000153
01/12/2025,68
01/12/2025,68.09999847
01/12/2025,68.09999847
01/12/2025,68.09999847
01/12/2025,68.09999847
01/12/2025,68.09999847
01/12/2025,68.19999695
01/12/2025,68.19999695
01/12/2025,68.19999695
01/12/2025,68.30000305
01/12/2025,68.30000305
01/12/2025,68.30000305
01/12/2025,68.19999695
01/12/2025,68.30000305
01/12/2025,68.30000305
01/12/2025,68.30000305
01/12/2025,68.30000305
01/12/2025,68.40000153
01/12/2025,68.30000305
01/12/2025,68.40000153
01/12/2025,68.30000305
01/12/2025,68.40000153
01/12/2025,68.30000305
01/12/2025,68.40000153
01/12/2025,68.30000305
01/12/2025,68.30000305
01/12/2025,68.30000305
01/12/2025,68.30000305
01/12/2025,68.40000153
01/12/2025,68.40000153
01/12/2025,68.40000153
01/12/2025,68.40000153
01/12/2025,68.40000153
01/12/2025,68.09999847
01/12/2025,67.30000305
01/12/2025,66.59999847
01/12/2025,66.09999847
01/12/2025,65.59999847
01/12/2025,65
01/12/2025,64.59999847
01/12/2025,63.79999924
01/12/2025,62.90000153
01/12/2025,62.09999847
01/12/2025,61.79999924
01/12/2025,54.79999924
01/12/2025,49.59999847
01/12/2025,47.59999847
01/12/2025,46.09999847
01/12/2025,42.90000153
01/12/2025,42.29999924
01/12/2025,42.5
01/12/2025,42.90000153
01/12/2025,43.20000076
01/12/2025,43.29999924
01/12/2025,43.40000153
01/12/2025,43.40000153
01/12/2025,43.79999924
01/12/2025,45.40000153
01/12/2025,46.59999847
01/12/2025,47.59999847
01/12/2025,48.29999924
01/12/2025,48.90000153
01/12/2025,48.59999847
01/12/2025,47.29999924
01/12/2025,45.90000153
01/12/2025,44.59999847
01/12/2025,43.5
01/12/2025,42.59999847
01/12/2025,41.90000153
01/12/2025,41.29999924
01/12/2025,40.79999924
01/12/2025,40.59999847
01/12/2025,40.59999847
01/12/2025,40.70000076
01/12/2025,40.70000076
01/12/2025,40.79999924
01/12/2025,40.59999847
01/12/2025,40.5
01/12/2025,40.29999924
01/12/2025,39.90000153
01/12/2025,39.29999924
01/12/2025,38.79999924
01/12/2025,38.20000076
01/12/2025,37.59999847
01/12/2025,37.09999847
01/12/2025,36.59999847
01/12/2025,36.20000076
01/12/2025,35.79999924
01/12/2025,30.70000076
01/12/2025,25.29999924
01/12/2025,21.60000038
01/12/2025,19.5
01/12/2025,18.20000076
01/12/2025,17.29999924
01/12/2025,16.5
01/12/2025,16
01/12/2025,15.5
01/12/2025,15.10000038
01/12/2025,14.69999981
01/12/2025,14.30000019
01/12/2025,14.10000038
01/12/2025,13.69999981
01/12/2025,13.5
01/12/2025,13.19999981
01/12/2025,13
01/12/2025,12.69999981
01/12/2025,12.5
01/12/2025,12.19999981
01/12/2025,12.10000038
01/12/2025,11.80000019
01/12/2025,11.69999981
01/12/2025,11.60000038
01/12/2025,11.5
01/12/2025,11.39999962
01/12/2025,11.30000019
01/12/2025,11.10000038
01/12/2025,11
01/12/2025,10.80000019
01/12/2025,10.69999981
01/12/2025,10.5
01/12/2025,10.30000019
01/12/2025,10.30000019
01/12/2025,10.19999981
01/12/2025,10.19999981
01/12/2025,10
01/12/2025,10
01/12/2025,10
01/12/2025,10
01/12/2025,9.800000191
01/12/2025,9.800000191
01/12/2025,9.800000191
01/12/2025,9.800000191
01/12/2025,9.699999809
01/12/2025,9.699999809
01/12/2025,9.699999809
01/12/2025,9.600000381
01/12/2025,9.5
01/12/2025,9.399999619
01/12/2025,9.199999809
01/12/2025,9.100000381
01/12/2025,9
01/12/2025,8.800000191
01/12/2025,8.699999809
01/12/2025,8.600000381
01/12/2025,8.399999619
01/12/2025,8.5
01/12/2025,8.300000191
01/12/2025,8.300000191
01/12/2025,8.199999809
01/12/2025,8.100000381
01/12/2025,8.100000381
01/12/2025,7.900000095
01/12/2025,7.900000095
01/12/2025,7.800000191
01/12/2025,7.800000191
01/12/2025,7.699999809
01/12/2025,7.699999809
01/12/2025,7.5
01/12/2025,7.599999905
01/12/2025,7.699999809
01/12/2025,7.800000191
01/12/2025,7.900000095
01/12/2025,7.900000095
01/12/2025,7.900000095
01/12/2025,7.900000095
01/12/2025,8
01/12/2025,7.900000095
01/12/2025,8
01/12/2025,7.900000095
01/12/2025,7.900000095
01/12/2025,8
01/12/2025,7.900000095
01/12/2025,7.900000095
01/12/2025,7.900000095
01/12/2025,7.900000095
01/12/2025,7.900000095
01/12/2025,7.900000095
01/12/2025,7.900000095
01/12/2025,7.900000095
01/12/2025,7.900000095
01/12/2025,7.900000095
01/12/2025,7.900000095
01/12/2025,7.900000095
01/12/2025,7.900000095
01/12/2025,7.900000095
01/12/2025,7.900000095
01/12/2025,7.900000095
01/12/2025,7.900000095
01/12/2025,7.800000191
01/12/2025,7.800000191
01/12/2025,7.699999809
01/12/2025,7.5
01/12/2025,7.5
01/12/2025,7.400000095
01/12/2025,7.300000191
01/12/2025,7.199999809
01/12/2025,7.199999809
01/12/2025,7.199999809
01/12/2025,7.199999809
01/12/2025,7.300000191
01/12/2025,7.400000095
01/12/2025,7.400000095
01/12/2025,7.5
01/12/2025,7.5
01/12/2025,7.400000095
01/12/2025,7.400000095
01/12/2025,7.5
01/12/2025,7.400000095
01/12/2025,7.400000095
01/12/2025,7.5
01/12/2025,7.400000095
01/12/2025,7.400000095
01/12/2025,7.400000095
01/12/2025,7.400000095
01/12/2025,7.400000095
01/12/2025,7.400000095
01/12/2025,7.400000095
01/12/2025,7.400000095
01/12/2025,7.400000095
01/12/2025,7.400000095
01/12/2025,7.400000095
01/12/2025,7.400000095
01/12/2025,7.400000095
01/12/2025,7.400000095
01/12/2025,7.400000095
01/12/2025,7.400000095
01/12/2025,7.400000095
01/12/2025,7.400000095
01/12/2025,7.400000095
01/12/2025,7.5
01/12/2025,7.400000095
01/12/2025,7.400000095
01/12/2025,7.400000095
01/12/2025,7.400000095
01/12/2025,7.400000095
01/12/2025,7.400000095
01/12/2025,7.400000095
01/12/2025,7.400000095
01/12/2025,7.300000191
01/12/2025,7.300000191
01/12/2025,7.199999809
01/12/2025,7.300000191
01/12/2025,7.300000191
01/12/2025,7.199999809
01/12/2025,7.199999809
01/12/2025,7.199999809
01/12/2025,7.199999809
01/12/2025,7.199999809
01/12/2025,7.199999809
01/12/2025,7.199999809
01/12/2025,7.199999809
01/12/2025,7.199999809
01/12/2025,7.199999809
01/12/2025,7.199999809
01/12/2025,7.199999809
01/12/2025,7.199999809
01/12/2025,7.199999809
01/12/2025,7.199999809
01/12/2025,7.199999809
01/12/2025,7.199999809
01/12/2025,7.199999809
01/12/2025,7
01/12/2025,7.199999809
01/12/2025,7.099999905
01/12/2025,6.900000095
01/12/2025,6.900000095
01/12/2025,6.900000095
01/12/2025,6.900000095
01/12/2025,6.900000095
01/12/2025,7
01/12/2025,7
01/12/2025,7
01/12/2025,7
01/12/2025,6.900000095
01/12/2025,6.800000191
01/12/2025,6.800000191
01/12/2025,6.699999809
01/12/2025,6.599999905
01/12/2025,6.5
01/12/2025,6.400000095
01/12/2025,6.400000095
01/12/2025,6.400000095
01/12/2025,6.300000191
01/12/2025,6.199999809
01/12/2025,6.199999809
01/12/2025,6.199999809
01/12/2025,6.199999809
01/12/2025,6.400000095
01/12/2025,6.5
01/12/2025,6.699999809
01/12/2025,6.800000191
01/12/2025,6.800000191
01/12/2025,7
01/12/2025,7
01/12/2025,6.800000191
01/12/2025,6.699999809
01/12/2025,6.599999905
01/12/2025,6.599999905
01/12/2025,6.400000095
01/12/2025,6.400000095
01/12/2025,6.300000191
01/12/2025,6.099999905
01/12/2025,6.099999905
01/12/2025,6.099999905
01/12/2025,6
01/12/2025,5.900000095
01/12/2025,5.900000095
01/12/2025,5.900000095
01/12/2025,5.800000191
01/12/2025,5.800000191
01/12/2025,5.800000191
01/12/2025,5.699999809
01/12/2025,5.699999809
01/12/2025,5.699999809
01/12/2025,5.699999809
01/12/2025,5.599999905
01/12/2025,5.599999905
01/12/2025,5.599999905
01/12/2025,5.699999809
01/12/2025,5.599999905
01/12/2025,5.5
01/12/2025,5.599999905
01/12/2025,5.5
01/12/2025,5.5
01/12/2025,5.699999809
01/12/2025,5.5
01/12/2025,5.599999905
01/12/2025,5.599999905
01/12/2025,5.5
01/12/2025,5.5
01/12/2025,5.5
01/12/2025,5.5
01/12/2025,5.5
01/12/2025,5.5
01/12/2025,5.5
01/12/2025,5.5
01/12/2025,5.5
01/12/2025,5.800000191
01/12/2025,6
01/12/2025,6.099999905
01/12/2025,6.300000191
01/12/2025,6.400000095
01/12/2025,6.400000095
01/12/2025,6.5
01/12/2025,6.699999809
01/12/2025,6.699999809
01/12/2025,6.800000191
01/12/2025,6.800000191
01/12/2025,6.900000095
01/12/2025,7
01/12/2025,6.800000191
01/12/2025,6.800000191
01/12/2025,6.699999809
01/12/2025,6.599999905
01/12/2025,6.5
01/12/2025,6.400000095
01/12/2025,6.300000191
01/12/2025,6.199999809
01/12/2025,6
01/12/2025,6.099999905
01/12/2025,6.199999809
01/12/2025,6.400000095
01/12/2025,6.400000095
01/12/2025,6.5
01/12/2025,6.599999905
01/12/2025,6.699999809
01/12/2025,6.800000191
01/12/2025,6.800000191
01/12/2025,6.800000191
01/12/2025,6.699999809
01/12/2025,6.599999905
01/12/2025,6.599999905
01/12/2025,6.400000095
01/12/2025,6.300000191
01/12/2025,6.199999809
01/12/2025,6.099999905
01/12/2025,6
01/12/2025,6
01/12/2025,5.900000095
01/12/2025,5.800000191
01/12/2025,5.699999809
01/12/2025,5.699999809
01/12/2025,5.599999905
01/12/2025,5.699999809
01/12/2025,5.5
01/12/2025,5.5
01/12/2025,5.5
01/12/2025,5.5
01/12/2025,5.5
01/12/2025,5.400000095
01/12/2025,5.300000191
01/12/2025,5.300000191
01/12/2025,5.300000191
01/12/2025,5.300000191
01/12/2025,5.300000191
01/12/2025,5.300000191
01/12/2025,5.300000191
01/12/2025,5.300000191
01/12/2025,5.300000191
01/12/2025,5.300000191
01/12/2025,5.199999809
01/12/2025,5.099999905
01/12/2025,5.199999809
01/12/2025,5.099999905
01/12/2025,5.099999905
01/12/2025,5.099999905
01/12/2025,5.099999905
01/12/2025,5.099999905
01/12/2025,5.099999905
01/12/2025,5.099999905
01/12/2025,5.099999905
01/12/2025,5
01/12/2025,5
01/12/2025,5.099999905
01/12/2025,5.099999905
01/12/2025,5
01/12/2025,5
01/12/2025,5
01/12/2025,5
01/12/2025,5
01/12/2025,5
01/12/2025,5
01/12/2025,5
01/12/2025,5
01/12/2025,5.099999905
01/12/2025,5
01/12/2025,5.099999905
01/12/2025,5.300000191
01/12/2025,5.5
01/12/2025,5.599999905
01/12/2025,5.800000191
01/12/2025,5.900000095
01/12/2025,6.099999905
01/12/2025,6.199999809
01/12/2025,6.199999809
01/12/2025,6.199999809
01/12/2025,6.199999809
01/12/2025,6.099999905
01/12/2025,6
01/12/2025,5.900000095
01/12/2025,5.900000095
01/12/2025,5.800000191
01/12/2025,5.800000191
01/12/2025,5.599999905
01/12/2025,5.5
01/12/2025,5.5
01/12/2025,5.400000095
01/12/2025,5.400000095
01/12/2025,5.400000095
01/12/2025,5.300000191
01/12/2025,5.300000191
01/12/2025,5.300000191
01/12/2025,5.300000191
01/12/2025,5.300000191
01/12/2025,5.300000191
01/12/2025,5.099999905
01/12/2025,5.099999905
01/12/2025,5.099999905
01/12/2025,5.099999905
01/12/2025,5.099999905
01/12/2025,5.099999905
01/12/2025,5.099999905
01/12/2025,5.199999809
01/12/2025,5.099999905
01/12/2025,5.099999905
01/12/2025,5.099999905
01/12/2025,5.099999905
01/12/2025,5.099999905
01/12/2025,5.099999905
01/12/2025,5.099999905
01/12/2025,5.300000191
01/12/2025,5.400000095
01/12/2025,5.599999905
01/12/2025,5.800000191
01/12/2025,6
01/12/2025,6.099999905
01/12/2025,6.099999905
01/12/2025,6.300000191
01/12/2025,6.300000191
01/12/2025,6.400000095
01/12/2025,6.400000095
01/12/2025,6.400000095
01/12/2025,6.599999905
01/12/2025,6.599999905
01/12/2025,6.599999905
01/12/2025,6.599999905
01/12/2025,6.400000095
01/12/2025,6.300000191
01/12/2025,6.199999809
01/12/2025,6.199999809
01/12/2025,6.199999809
01/12/2025,6.199999809
01/12/2025,6.099999905
01/12/2025,6.199999809
01/12/2025,6.099999905
01/12/2025,6.199999809
01/12/2025,6.199999809
01/12/2025,6.099999905
01/12/2025,6.099999905
01/12/2025,6.099999905
01/12/2025,6.099999905
01/12/2025,6
01/12/2025,6
01/12/2025,6
01/12/2025,6
01/12/2025,6
01/12/2025,6
01/12/2025,6
01/12/2025,6
01/12/2025,6
01/12/2025,6
01/12/2025,5.900000095
01/12/2025,5.900000095
01/12/2025,5.900000095
01/12/2025,5.900000095
01/12/2025,5.900000095
01/12/2025,5.900000095
01/12/2025,5.900000095
01/12/2025,5.900000095
01/12/2025,5.900000095
01/12/2025,5.800000191
01/12/2025,5.800000191
01/12/2025,5.900000095
01/12/2025,5.800000191
01/12/2025,5.800000191
01/12/2025,5.800000191
01/12/2025,5.800000191
01/12/2025,5.800000191
01/12/2025,5.800000191
01/12/2025,5.699999809
01/12/2025,5.699999809
01/12/2025,5.699999809
01/12/2025,5.699999809
01/12/2025,5.800000191
01/12/2025,5.800000191
01/12/2025,5.900000095
01/12/2025,5.900000095
01/12/2025,9.300000191
01/12/2025,15.30000019
01/12/2025,18.79999924
01/12/2025,20.79999924
01/12/2025,22.20000076
01/12/2025,23.20000076
01/12/2025,24
01/12/2025,24.5
01/12/2025,24.89999962
01/12/2025,25.39999962
01/12/2025,25.89999962
01/12/2025,26.10000038
01/12/2025,26.39999962
01/12/2025,26.70000076
01/12/2025,26.89999962
01/12/2025,27.20000076
01/12/2025,27.5
01/12/2025,27.60000038
01/12/2025,27.70000076
01/12/2025,27.89999962
01/12/2025,28.29999924
01/12/2025,28.5
01/12/2025,28.70000076
01/12/2025,29.10000038
01/12/2025,29.39999962
01/12/2025,29.79999924
01/12/2025,30.20000076
01/12/2025,30.70000076
01/12/2025,31.10000038
01/12/2025,31.79999924
01/12/2025,32.40000153
01/12/2025,33.09999847
01/12/2025,33.70000076
01/12/2025,34.29999924
01/12/2025,34.90000153
01/12/2025,35.5
01/12/2025,36
01/12/2025,36.70000076
01/12/2025,37.29999924
01/12/2025,37.90000153
01/12/2025,38.40000153
01/12/2025,39.09999847
01/12/2025,39.79999924
01/12/2025,40.29999924
01/12/2025,40.90000153
01/12/2025,41.5
01/12/2025,42.09999847
01/12/2025,42.59999847
01/12/2025,43.20000076
01/12/2025,43.59999847
01/12/2025,44
01/12/2025,44.40000153
01/12/2025,44.79999924
01/12/2025,45.09999847
01/12/2025,45.5
01/12/2025,45.70000076
01/12/2025,46
01/12/2025,46.20000076
01/12/2025,46.40000153
01/12/2025,46.59999847
01/12/2025,46.79999924
01/12/2025,47
01/12/2025,47.09999847
01/12/2025,47.20000076
01/12/2025,47.40000153
01/12/2025,47.40000153
01/12/2025,47.40000153
01/12/2025,47.5
01/12/2025,47.59999847
01/12/2025,47.59999847
01/12/2025,47.70000076
01/12/2025,47.70000076
01/12/2025,47.90000153
01/12/2025,47.90000153
01/12/2025,48
01/12/2025,48
01/12/2025,48.09999847
01/12/2025,48.09999847
01/12/2025,48.09999847
01/12/2025,48.09999847
01/12/2025,48.09999847
01/12/2025,48.09999847
01/12/2025,48.09999847
01/12/2025,48
01/12/2025,47.90000153
01/12/2025,47.90000153
01/12/2025,47.79999924
01/12/2025,47.79999924
01/12/2025,47.79999924
01/12/2025,47.70000076
01/12/2025,47.59999847
01/12/2025,47.5
01/12/2025,47.40000153
01/12/2025,47.40000153
01/12/2025,47.29999924
01/12/2025,47.09999847
01/12/2025,47.09999847
01/12/2025,47.09999847
01/12/2025,47.20000076
01/12/2025,47.09999847
01/12/2025,47.20000076
01/12/2025,47.40000153
01/12/2025,47.40000153
01/12/2025,47.5
01/12/2025,47.59999847
01/12/2025,47.70000076
01/12/2025,47.90000153
01/12/2025,48.09999847
01/12/2025,48.20000076
01/12/2025,48.5
01/12/2025,48.59999847
01/12/2025,48.90000153
01/12/2025,49
01/12/2025,49.20000076
01/12/2025,49.5
01/12/2025,49.70000076
01/12/2025,50
01/12/2025,50.20000076
01/12/2025,50.40000153
01/12/2025,50.59999847
01/12/2025,50.90000153
01/12/2025,51.09999847
01/12/2025,51.29999924
01/12/2025,51.5
01/12/2025,51.70000076
01/12/2025,51.90000153
01/12/2025,52
01/12/2025,52.29999924
01/12/2025,52.59999847
01/12/2025,52.70000076
01/12/2025,52.90000153
01/12/2025,53.20000076
01/12/2025,53.29999924
01/12/2025,53.5
01/12/2025,53.70000076
01/12/2025,53.90000153
01/12/2025,54
01/12/2025,54.09999847
01/12/2025,54.20000076
01/12/2025,54.29999924
01/12/2025,54.5
01/12/2025,54.70000076
01/12/2025,54.70000076
01/12/2025,54.79999924
01/12/2025,54.90000153
01/12/2025,55
01/12/2025,55.09999847
01/12/2025,55.29999924
01/12/2025,55.29999924
01/12/2025,55.29999924
01/12/2025,55.40000153
01/12/2025,55.40000153
01/12/2025,55.59999847
01/12/2025,55.59999847
01/12/2025,55.70000076
01/12/2025,55.79999924
01/12/2025,55.79999924
01/12/2025,55.79999924
01/12/2025,55.90000153
01/12/2025,56
01/12/2025,56
01/12/2025,56.09999847
01/12/2025,56.20000076
01/12/2025,56.29999924
01/12/2025,56.29999924
01/12/2025,56.40000153
01/12/2025,56.40000153
01/12/2025,56.5
01/12/2025,56.5
01/12/2025,56.70000076
01/12/2025,56.79999924
01/12/2025,56.90000153
01/12/2025,56.90000153
01/12/2025,57.09999847
01/12/2025,57.09999847
01/12/2025,57.29999924
01/12/2025,57.5
01/12/2025,57.59999847
01/12/2025,57.70000076
01/12/2025,57.70000076
01/12/2025,57.79999924
01/12/2025,58
01/12/2025,58
01/12/2025,58.20000076
01/12/2025,58.29999924
01/12/2025,58.40000153
01/12/2025,58.5
01/12/2025,58.59999847
01/12/2025,58.79999924
01/12/2025,58.90000153
01/12/2025,59
01/12/2025,59.09999847
01/12/2025,59.29999924
01/12/2025,59.40000153
01/12/2025,59.5
01/12/2025,59.59999847
01/12/2025,59.79999924
01/12/2025,59.90000153
01/12/2025,60.09999847
01/12/2025,60.09999847
01/12/2025,60.29999924
01/12/2025,60.5
01/12/2025,60.59999847
01/12/2025,60.70000076
01/12/2025,60.90000153
01/12/2025,61
01/12/2025,61
01/12/2025,61.20000076
01/12/2025,61.40000153
01/12/2025,61.40000153
01/12/2025,61.5
01/12/2025,61.59999847
01/12/2025,61.70000076
01/12/2025,61.79999924
01/12/2025,61.90000153
01/12/2025,62
01/12/2025,62
01/12/2025,62.09999847
01/12/2025,62.09999847
01/12/2025,62.29999924
01/12/2025,62.29999924
01/12/2025,62.40000153
01/12/2025,62.5
01/12/2025,62.59999847
01/12/2025,62.5
01/12/2025,62.70000076
01/12/2025,62.70000076
01/12/2025,62.70000076
01/12/2025,62.79999924
01/12/2025,62.90000153
01/12/2025,62.90000153
01/12/2025,62.90000153
01/12/2025,62.90000153
01/12/2025,62.90000153
01/12/2025,62.90000153
01/12/2025,62.90000153
01/12/2025,63
01/12/2025,63.09999847
01/12/2025,63.09999847
01/12/2025,63.09999847
01/12/2025,63.09999847
01/12/2025,63.09999847
01/12/2025,63.09999847
01/12/2025,63.09999847
01/12/2025,63.20000076
01/12/2025,63.20000076
01/12/2025,63.29999924
01/12/2025,63.20000076
01/12/2025,63.20000076
01/12/2025,63.29999924
01/12/2025,63.29999924
01/12/2025,63.29999924
01/12/2025,63.29999924
01/12/2025,63.29999924
01/12/2025,63.29999924
01/12/2025,63.40000153
01/12/2025,63.40000153
01/12/2025,63.40000153
01/12/2025,63.5
01/12/2025,63.5
01/12/2025,63.5
01/12/2025,63.5
01/12/2025,63.5
01/12/2025,63.59999847
01/12/2025,63.5
01/12/2025,63.5
01/12/2025,63.5
01/12/2025,63.59999847
01/12/2025,63.59999847
01/12/2025,63.79999924
01/12/2025,63.70000076
01/12/2025,63.70000076
01/12/2025,63.79999924
01/12/2025,63.79999924
01/12/2025,63.79999924
01/12/2025,63.79999924
01/12/2025,63.79999924
01/12/2025,63.79999924
01/12/2025,63.79999924
01/12/2025,63.79999924
01/12/2025,63.90000153
01/12/2025,63.90000153
01/12/2025,64
01/12/2025,64
01/12/2025,64
01/12/2025,64
01/12/2025,64.09999847
01/12/2025,64
01/12/2025,64
01/12/2025,64.09999847
01/12/2025,64.09999847
01/12/2025,64.19999695
01/12/2025,64.09999847
01/12/2025,64.19999695
01/12/2025,64.09999847
01/12/2025,64.19999695
01/12/2025,64.19999695
01/12/2025,64.19999695
01/12/2025,64.19999695
01/12/2025,64.19999695
01/12/2025,64.19999695
01/12/2025,64.19999695
01/12/2025,64.19999695
01/12/2025,64.30000305
01/12/2025,64.19999695
01/12/2025,64.19999695
01/12/2025,64.30000305
01/12/2025,64.30000305
01/12/2025,64.30000305
01/12/2025,64.19999695
01/12/2025,64.19999695
01/12/2025,64.30000305
01/12/2025,64.30000305
01/12/2025,64.19999695
01/12/2025,64.30000305
01/12/2025,64.19999695
01/12/2025,64.19999695
01/12/2025,64.19999695
01/12/2025,64.30000305
01/12/2025,64.30000305
01/12/2025,64.19999695
01/12/2025,64.19999695
01/12/2025,64.30000305
01/12/2025,64.30000305
01/12/2025,64.19999695
01/12/2025,64.30000305
01/12/2025,64.30000305
01/12/2025,64.30000305
01/12/2025,64.30000305
01/12/2025,64.30000305
01/12/2025,64.30000305
01/12/2025,64.30000305
01/12/2025,64.30000305
01/12/2025,64.30000305
01/12/2025,64.30000305
01/12/2025,64.30000305
01/12/2025,64.30000305
01/12/2025,64.30000305
01/12/2025,64.30000305
01/12/2025,64.30000305
01/12/2025,64.40000153
01/12/2025,64.30000305
01/12/2025,64.40000153
01/12/2025,64.40000153
01/12/2025,64.40000153
01/12/2025,64.40000153
01/12/2025,64.30000305
01/12/2025,64.40000153
01/12/2025,64.30000305
01/12/2025,64.40000153
01/12/2025,64.40000153
01/12/2025,64.40000153
01/12/2025,64.5
01/12/2025,64.40000153
01/12/2025,64.40000153
01/12/2025,64.40000153
01/12/2025,64.40000153
01/12/2025,64.5
01/12/2025,64.40000153
01/12/2025,64.40000153
01/12/2025,64.40000153
01/12/2025,64.40000153
01/12/2025,64.40000153
01/12/2025,64.40000153
01/12/2025,64.40000153
01/12/2025,64.40000153
01/12/2025,64.40000153
01/12/2025,64.40000153
01/12/2025,64.40000153
01/12/2025,64.40000153
01/12/2025,64.40000153
01/12/2025,64.30000305
01/12/2025,64.30000305
01/12/2025,64.40000153
01/12/2025,64.40000153
01/12/2025,64.40000153
01/12/2025,64.30000305
01/12/2025,64.40000153
01/12/2025,64.40000153
01/12/2025,64.40000153
01/12/2025,64.30000305
01/12/2025,64.40000153
01/12/2025,64.40000153
01/12/2025,64.40000153
01/12/2025,64.40000153
01/12/2025,64.40000153
01/12/2025,64.40000153
01/12/2025,64.40000153
01/12/2025,64.30000305
01/12/2025,64.30000305
01/12/2025,64.30000305
01/12/2025,64.30000305
01/12/2025,64.19999695
01/12/2025,64.09999847
01/12/2025,64.19999695
01/12/2025,64.19999695
01/12/2025,64.09999847
01/12/2025,64.09999847
01/12/2025,64.09999847
01/12/2025,64.09999847
01/12/2025,64.09999847
01/12/2025,64
01/12/2025,64
01/12/2025,64
01/12/2025,63.90000153
01/12/2025,63.79999924
01/12/2025,63.5
01/12/2025,63.20000076
01/12/2025,62.90000153
01/12/2025,62.90000153
01/12/2025,62.70000076
01/12/2025,62.59999847
01/12/2025,62.40000153
01/12/2025,62.20000076
01/12/2025,62.09999847
01/12/2025,62
01/12/2025,62
01/12/2025,61.70000076
01/12/2025,61.59999847
01/12/2025,61.59999847
01/12/2025,61.5
01/12/2025,61.40000153
01/12/2025,61.40000153
01/12/2025,61.20000076
01/12/2025,61
01/12/2025,61
01/12/2025,60.90000153
01/12/2025,60.90000153
01/12/2025,60.79999924
01/12/2025,60.59999847
01/12/2025,60.59999847
01/12/2025,60.5
01/12/2025,60.5
01/12/2025,60.5
01/12/2025,60.5
01/12/2025,60.40000153
01/12/2025,60.29999924
01/12/2025,60.29999924
01/12/2025,60.29999924
01/12/2025,60.29999924
01/12/2025,60.29999924
01/12/2025,60.29999924
01/12/2025,60.20000076
01/12/2025,60.20000076
01/12/2025,60.09999847
01/12/2025,60.09999847
01/12/2025,60.09999847
01/12/2025,60.09999847
01/12/2025,60
01/12/2025,60
01/12/2025,60
01/12/2025,60
01/12/2025,60
01/12/2025,60.09999847
01/12/2025,59.90000153
01/12/2025,59.90000153
01/12/2025,59.90000153
01/12/2025,59.90000153
01/12/2025,60
01/12/2025,59.90000153
01/12/2025,59.79999924
01/12/2025,59.90000153
01/12/2025,59.79999924
01/12/2025,59.59999847
01/12/2025,59.59999847
01/12/2025,59.5
01/12/2025,59.5
01/12/2025,59.59999847
01/12/2025,59.5
01/12/2025,59.29999924
01/12/2025,59.20000076
01/12/2025,59
01/12/2025,59.09999847
01/12/2025,58.90000153
01/12/2025,59
01/12/2025,59.09999847
01/12/2025,59.09999847
01/12/2025,59.20000076
01/12/2025,59.09999847
01/12/2025,59.20000076
01/12/2025,59.29999924
01/12/2025,59.29999924
01/12/2025,59.29999924
01/12/2025,59.5
01/12/2025,59.29999924
01/12/2025,59.29999924
01/12/2025,59.5
01/12/2025,59.5
01/12/2025,59.5
01/12/2025,59.5
01/12/2025,59.59999847
01/12/2025,59.5
01/12/2025,59.70000076
01/12/2025,59.79999924
01/12/2025,59.90000153
01/12/2025,59.90000153
01/12/2025,59.70000076
01/12/2025,59.79999924
01/12/2025,59.79999924
01/12/2025,59.79999924
01/12/2025,59.90000153
01/12/2025,59.79999924
01/12/2025,59.79999924
01/12/2025,59.79999924
01/12/2025,59.90000153
01/12/2025,59.79999924
01/12/2025,60
01/12/2025,59.90000153
01/12/2025,59.79999924
01/12/2025,59.90000153
01/12/2025,59.90000153
01/12/2025,59.90000153
01/12/2025,60
01/12/2025,59.90000153
01/12/2025,59.90000153
01/12/2025,59.90000153
01/12/2025,59.90000153
01/12/2025,60
01/12/2025,60
01/12/2025,59.90000153
01/12/2025,59.79999924
01/12/2025,59.90000153
01/12/2025,59.90000153
01/12/2025,59.90000153
01/12/2025,59.90000153
01/12/2025,59.79999924
01/12/2025,59.79999924
01/12/2025,59.79999924
01/12/2025,59.79999924
01/12/2025,59.90000153
01/12/2025,59.79999924
01/12/2025,59.70000076
01/12/2025,59.79999924
01/12/2025,59.79999924
01/12/2025,60
01/12/2025,60
01/12/2025,60
01/12/2025,60
01/12/2025,60
01/12/2025,60
01/12/2025,60
01/12/2025,59.90000153
01/12/2025,59.90000153
01/12/2025,59.79999924
01/12/2025,59.79999924
01/12/2025,59.90000153
01/12/2025,60
01/12/2025,59.90000153
01/12/2025,59.90000153
01/12/2025,59.90000153
01/12/2025,59.79999924
01/12/2025,59.90000153
01/12/2025,60.09999847
01/12/2025,59.90000153
01/12/2025,59.90000153
01/12/2025,59.90000153
01/12/2025,59.90000153
01/12/2025,60.09999847
01/12/2025,60.09999847
01/12/2025,60
01/12/2025,60
01/12/2025,59.90000153
01/12/2025,59.90000153
01/12/2025,60.09999847
01/12/2025,60
01/12/2025,60
01/12/2025,60
01/12/2025,60
01/12/2025,60.09999847
01/12/2025,60.09999847
01/12/2025,60.09999847
01/12/2025,60
01/12/2025,59.90000153
01/12/2025,60
01/12/2025,60
01/12/2025,60.09999847
01/12/2025,59.90000153
01/12/2025,59.90000153
01/12/2025,59.90000153
01/12/2025,59.90000153
01/12/2025,59.90000153
01/12/2025,60
01/12/2025,59.79999924
01/12/2025,59.79999924
01/12/2025,59.79999924
01/12/2025,59.90000153
01/12/2025,60
01/12/2025,59.79999924
01/12/2025,59.90000153
01/12/2025,59.79999924
01/12/2025,59.90000153
01/12/2025,59.90000153
01/12/2025,60.09999847
01/12/2025,60
01/12/2025,60
01/12/2025,60
01/12/2025,59.90000153
01/12/2025,60
01/12/2025,60.09999847
01/12/2025,59.90000153
01/12/2025,59.90000153
01/12/2025,59.90000153
01/12/2025,59.90000153
01/12/2025,59.90000153
01/12/2025,59.90000153
01/12/2025,59.79999924
01/12/2025,59.90000153
01/12/2025,59.90000153
01/12/2025,59.90000153
01/12/2025,59.90000153
01/12/2025,60
01/12/2025,59.90000153
01/12/2025,60
01/12/2025,60.09999847
01/12/2025,60.09999847
01/12/2025,60.20000076
01/12/2025,60.09999847
01/12/2025,60.09999847
01/12/2025,60.09999847
01/12/2025,60.09999847
01/12/2025,60.09999847
01/12/2025,60.20000076
01/12/2025,60.09999847
01/12/2025,60
01/12/2025,60.09999847
01/12/2025,60.09999847
01/12/2025,60.09999847
01/12/2025,60.09999847
01/12/2025,60.09999847
01/12/2025,60.09999847
01/12/2025,60.09999847
01/12/2025,60.09999847
01/12/2025,60.09999847
01/12/2025,60.09999847
01/12/2025,60.09999847
01/12/2025,60.09999847
01/12/2025,60.09999847
01/12/2025,60.09999847
01/12/2025,60.29999924
01/12/2025,60.29999924
01/12/2025,60.09999847
01/12/2025,60.20000076
01/12/2025,60.09999847
01/12/2025,60.09999847
01/12/2025,60.29999924
01/12/2025,60.29999924
01/12/2025,60.09999847
01/12/2025,60.20000076
01/12/2025,60.20000076
01/12/2025,60.20000076
01/12/2025,60.40000153
01/12/2025,60.29999924
01/12/2025,60.29999924
01/12/2025,60.29999924
01/12/2025,60.20000076
01/12/2025,60.29999924
01/12/2025,60.5
01/12/2025,60.40000153
01/12/2025,60.29999924
01/12/2025,60.20000076
01/12/2025,60.09999847
01/12/2025,60.29999924
01/12/2025,60.29999924
01/12/2025,60.09999847
01/12/2025,60.09999847
01/12/2025,60.09999847
01/12/2025,60.09999847
01/12/2025,60.20000076
01/12/2025,60.29999924
01/12/2025,60.09999847
01/12/2025,60.09999847
01/12/2025,60.09999847
01/12/2025,60.09999847
01/12/2025,60.40000153
01/12/2025,60.20000076
01/12/2025,60.09999847
01/12/2025,60.09999847
01/12/2025,60.09999847
01/12/2025,60.29999924
01/12/2025,60.5
01/12/2025,60.40000153
01/12/2025,60.20000076
01/12/2025,60.20000076
01/12/2025,60.20000076
01/12/2025,60.40000153
01/12/2025,60.59999847
01/12/2025,60.40000153
01/12/2025,60.29999924
01/12/2025,60.29999924
01/12/2025,60.20000076
01/12/2025,60.5
01/12/2025,60.40000153
01/12/2025,60.09999847
01/12/2025,60.09999847
01/12/2025,60.09999847
01/12/2025,60.20000076
01/12/2025,60.5
01/12/2025,60.29999924
01/12/2025,60.29999924
01/12/2025,60.29999924
01/12/2025,60.29999924
01/12/2025,60.59999847
01/12/2025,60.90000153
01/12/2025,60.59999847
01/12/2025,60.29999924
01/12/2025,60.29999924
01/12/2025,60.40000153
01/12/2025,60.59999847
01/12/2025,60.79999924
01/12/2025,60.59999847
01/12/2025,60.40000153
01/12/2025,60.29999924
01/12/2025,60.40000153
01/12/2025,60.59999847
01/12/2025,61
01/12/2025,60.59999847
01/12/2025,60.5
01/12/2025,60.40000153
01/12/2025,60.29999924
01/12/2025,60.70000076
01/12/2025,60.90000153
01/12/2025,60.59999847
01/12/2025,60.5
01/12/2025,60.40000153
01/12/2025,60.29999924
01/12/2025,60.59999847
01/12/2025,60.79999924
01/12/2025,60.59999847
01/12/2025,60.5
01/12/2025,60.40000153
01/12/2025,60.40000153
01/12/2025,60.79999924
01/12/2025,60.70000076
01/12/2025,60.5
01/12/2025,60.5
01/12/2025,60.5
01/12/2025,60.59999847
01/12/2025,61.09999847
01/12/2025,60.79999924
01/12/2025,60.5
01/12/2025,60.5
01/12/2025,60.5
01/12/2025,60.59999847
01/12/2025,60.90000153
01/12/2025,60.59999847
01/12/2025,60.5
01/12/2025,60.29999924
01/12/2025,60.29999924
01/12/2025,60.70000076
01/12/2025,61
01/12/2025,60.70000076
01/12/2025,60.59999847
01/12/2025,60.5
01/12/2025,60.5
01/12/2025,61
01/12/2025,61.20000076
01/12/2025,60.90000153
01/12/2025,60.59999847
01/12/2025,60.5
01/12/2025,60.59999847
01/12/2025,60.90000153
01/12/2025,60.90000153
01/12/2025,60.59999847
01/12/2025,60.5
01/12/2025,60.29999924
01/12/2025,60.5
01/12/2025,60.90000153
01/12/2025,60.90000153
01/12/2025,60.59999847
01/12/2025,60.5
01/12/2025,60.29999924
01/12/2025,60.59999847
01/12/2025,61
01/12/2025,61
01/12/2025,60.70000076
01/12/2025,60.5
01/12/2025,60.29999924
01/12/2025,60.70000076
01/12/2025,61.09999847
01/12/2025,61
01/12/2025,60.59999847
01/12/2025,60.5
01/12/2025,60.5
01/12/2025,60.90000153
01/12/2025,61.20000076
01/12/2025,60.90000153
01/12/2025,60.59999847
01/12/2025,60.59999847
01/12/2025,60.59999847
01/12/2025,60.79999924
01/12/2025,61.20000076
01/12/2025,60.90000153
01/12/2025,60.70000076
01/12/2025,60.59999847
01/12/2025,60.70000076
01/12/2025,61
01/12/2025,61.40000153
01/12/2025,61.09999847
01/12/2025,60.79999924
01/12/2025,60.59999847
01/12/2025,60.90000153
01/12/2025,61.20000076
01/12/2025,61.29999924
01/12/2025,61
01/12/2025,60.70000076
01/12/2025,60.90000153
01/12/2025,61.40000153
01/12/2025,61.59999847
01/12/2025,61.40000153
01/12/2025,61.40000153
01/12/2025,61.20000076
01/12/2025,61.40000153
01/12/2025,61.5
01/12/2025,61.59999847
01/12/2025,61.59999847
01/12/2025,61.40000153
01/12/2025,61.40000153
01/12/2025,61.40000153
01/12/2025,61.59999847
01/12/2025,61.59999847
01/12/2025,61.09999847
01/12/2025,60.90000153
01/12/2025,61.09999847
01/12/2025,61.40000153
01/12/2025,61.59999847
01/12/2025,61.20000076
01/12/2025,61
01/12/2025,61.09999847
01/12/2025,61.40000153
01/12/2025,61.40000153
01/12/2025,61.20000076
01/12/2025,61
01/12/2025,61.09999847
01/12/2025,61.29999924
01/12/2025,61.59999847
01/12/2025,61.5
01/12/2025,61.40000153
01/12/2025,61.40000153
01/12/2025,61.40000153
01/12/2025,61.59999847
01/12/2025,61.70000076
01/12/2025,61.40000153
01/12/2025,61.09999847
01/12/2025,61.20000076
01/12/2025,61.5
01/12/2025,61.5
01/12/2025,61.40000153
01/12/2025,61.29999924
01/12/2025,61.40000153
01/12/2025,61.5
01/12/2025,61.59999847
01/12/2025,61.59999847
01/12/2025,61.40000153
01/12/2025,61.29999924
01/12/2025,61.40000153
01/12/2025,61.59999847
01/12/2025,61.59999847
01/12/2025,61.59999847
01/12/2025,61.5
01/12/2025,61.5
01/12/2025,61.70000076
01/12/2025,61.79999924
01/12/2025,61.59999847
01/12/2025,61.5
01/12/2025,61.40000153
01/12/2025,61.59999847
01/12/2025,61.79999924
01/12/2025,61.79999924
01/12/2025,61.70000076
01/12/2025,61.59999847
01/12/2025,61.79999924
01/12/2025,61.79999924
01/12/2025,61.79999924
01/12/2025,61.79999924
01/12/2025,61.70000076
01/12/2025,61.79999924
01/12/2025,61.79999924
01/12/2025,61.79999924
01/12/2025,61.59999847
01/12/2025,61.40000153
01/12/2025,61.40000153
01/12/2025,61.59999847
01/12/2025,61.79999924
01/12/2025,61.79999924
01/12/2025,61.59999847
01/12/2025,61.59999847
01/12/2025,61.59999847
01/12/2025,61.79999924
01/12/2025,61.79999924
01/12/2025,61.70000076
01/12/2025,61.59999847
01/12/2025,61.59999847
01/12/2025,61.79999924
01/12/2025,61.90000153
01/12/2025,61.79999924
01/12/2025,61.79999924
01/12/2025,61.59999847
01/12/2025,61.70000076
01/12/2025,61.79999924
01/12/2025,61.79999924
01/12/2025,61.70000076
01/12/2025,61.79999924
01/12/2025,61.59999847
01/12/2025,61.70000076
01/12/2025,61.79999924
01/12/2025,61.90000153
01/12/2025,61.79999924
01/12/2025,61.59999847
01/12/2025,61.70000076
01/12/2025,61.79999924
01/12/2025,61.79999924
01/12/2025,61.79999924
01/12/2025,61.79999924
01/12/2025,61.70000076
01/12/2025,61.79999924
01/12/2025,62
01/12/2025,61.90000153
01/12/2025,61.79999924
01/12/2025,61.59999847
01/12/2025,61.59999847
01/12/2025,61.79999924
01/12/2025,61.79999924
01/12/2025,61.79999924
01/12/2025,61.70000076
01/12/2025,61.59999847
01/12/2025,61.79999924
01/12/2025,61.79999924
01/12/2025,61.79999924
01/12/2025,61.59999847
01/12/2025,61.59999847
01/12/2025,61.70000076
01/12/2025,61.79999924
01/12/2025,61.90000153
01/12/2025,61.79999924
01/12/2025,61.79999924
01/12/2025,61.70000076
01/12/2025,61.90000153
01/12/2025,61.90000153
01/12/2025,61.79999924
01/12/2025,61.70000076
01/12/2025,61.59999847
01/12/2025,61.79999924
01/12/2025,61.79999924
01/12/2025,61.79999924
01/12/2025,61.79999924
01/12/2025,61.70000076
01/12/2025,61.59999847
01/12/2025,61.70000076
01/12/2025,61.79999924
01/12/2025,61.5
01/12/2025,61.40000153
01/12/2025,61
01/12/2025,60.90000153
01/12/2025,60.79999924
01/12/2025,60.70000076
01/12/2025,60.59999847
01/12/2025,60.59999847
01/12/2025,60.5
01/12/2025,60.5
01/12/2025,60.29999924
01/12/2025,60.20000076
01/12/2025,60.20000076
01/12/2025,60.09999847
01/12/2025,60.09999847
01/12/2025,60.09999847
01/12/2025,60.09999847
01/12/2025,59.90000153
01/12/2025,59.90000153
01/12/2025,59.79999924
01/12/2025,59.79999924
01/12/2025,59.79999924
01/12/2025,59.59999847
01/12/2025,59.59999847
01/12/2025,59.59999847
01/12/2025,59.5
01/12/2025,59.5
01/12/2025,59.5
01/12/2025,59.40000153
01/12/2025,59.40000153
01/12/2025,59.29999924
01/12/2025,59.29999924
01/12/2025,59.20000076
01/12/2025,59.09999847
01/12/2025,59.09999847
01/12/2025,59.09999847
01/12/2025,59
01/12/2025,59
01/12/2025,59
01/12/2025,58.79999924
01/12/2025,58.79999924
01/12/2025,58.70000076
01/12/2025,58.70000076
01/12/2025,58.70000076
01/12/2025,58.59999847
01/12/2025,58.59999847
01/12/2025,58.59999847
01/12/2025,58.5
01/12/2025,58.40000153
01/12/2025,58.29999924
01/12/2025,58.20000076
01/12/2025,58.20000076
01/12/2025,58.20000076
01/12/2025,58.09999847
01/12/2025,58.09999847
01/12/2025,58
01/12/2025,58
01/12/2025,58
01/12/2025,58
01/12/2025,57.90000153
01/12/2025,57.79999924
01/12/2025,57.79999924
01/12/2025,57.70000076
01/12/2025,57.70000076
01/12/2025,57.70000076
01/12/2025,57.70000076
01/12/2025,57.59999847
01/12/2025,57.5
01/12/2025,57.40000153
01/12/2025,57.5
01/12/2025,57.5
01/12/2025,57.29999924
01/12/2025,57.29999924
01/12/2025,57.20000076
01/12/2025,57.20000076
01/12/2025,57.20000076
01/12/2025,57.09999847
01/12/2025,57.09999847
01/12/2025,56.90000153
01/12/2025,56.90000153
01/12/2025,56.90000153
01/12/2025,56.90000153
01/12/2025,56.79999924
01/12/2025,56.79999924
01/12/2025,56.70000076
01/12/2025,56.70000076
01/12/2025,56.70000076
01/12/2025,56.5
01/12/2025,56.59999847
01/12/2025,56.5
01/12/2025,56.5
01/12/2025,56.5
01/12/2025,56.40000153
01/12/2025,56.70000076
01/12/2025,57
01/12/2025,57.20000076
01/12/2025,56.79999924
01/12/2025,56.5
01/12/2025,56.09999847
01/12/2025,55.90000153
01/12/2025,55.79999924
01/12/2025,55.90000153
01/12/2025,55.79999924
01/12/2025,55.40000153
01/12/2025,55.20000076
01/12/2025,55
01/12/2025,55
01/12/2025,55.29999924
01/12/2025,55.29999924
01/12/2025,55
01/12/2025,54.79999924
01/12/2025,54.70000076
01/12/2025,54.5
01/12/2025,54.59999847
01/12/2025,54.5
01/12/2025,54.5
01/12/2025,54.59999847
01/12/2025,54.59999847
01/12/2025,54.70000076
01/12/2025,54.79999924
01/12/2025,54.90000153
01/12/2025,55
01/12/2025,55.20000076
01/12/2025,55.29999924
01/12/2025,55.5
01/12/2025,55.79999924
01/12/2025,56
01/12/2025,56.09999847
01/12/2025,56.40000153
01/12/2025,56.70000076
01/12/2025,56.90000153
01/12/2025,57
01/12/2025,57.20000076
01/12/2025,57.40000153
01/12/2025,57.5
01/12/2025,57.70000076
01/12/2025,57.79999924
01/12/2025,57.79999924
01/12/2025,57.90000153
01/12/2025,58
01/12/2025,58.09999847
01/12/2025,58.29999924
01/12/2025,58.40000153
01/12/2025,58.5
01/12/2025,58.59999847
01/12/2025,58.59999847
01/12/2025,58.79999924
01/12/2025,59
01/12/2025,59
01/12/2025,58.79999924
01/12/2025,58.90000153
01/12/2025,59
01/12/2025,59.20000076
01/12/2025,59.20000076
01/12/2025,59.09999847
01/12/2025,59.20000076
01/12/2025,59.29999924
01/12/2025,59.29999924
01/12/2025,59.29999924
01/12/2025,59.29999924
01/12/2025,59.29999924
01/12/2025,59.29999924
01/12/2025,59.29999924
01/12/2025,59.5
01/12/2025,59.5
01/12/2025,59.40000153
01/12/2025,59.5
01/12/2025,59.59999847
01/12/2025,59.70000076
01/12/2025,59.70000076
01/12/2025,59.79999924
01/12/2025,59.90000153
01/12/2025,59.79999924
01/12/2025,60.09999847
01/12/2025,60.5
01/12/2025,60.59999847
01/12/2025,60.5
01/12/2025,60.29999924
01/12/2025,60.40000153
01/12/2025,60.29999924
01/12/2025,60.29999924
01/12/2025,60.5
01/12/2025,60.29999924
01/12/2025,60.40000153
01/12/2025,60.40000153
01/12/2025,60.5
01/12/2025,60.59999847
01/12/2025,60.90000153
01/12/2025,60.70000076
01/12/2025,60.59999847
01/12/2025,60.59999847
01/12/2025,60.79999924
01/12/2025,61
01/12/2025,61.09999847
01/12/2025,61
01/12/2025,61
01/12/2025,60.90000153
01/12/2025,60.90000153
01/12/2025,61.09999847
01/12/2025,61.20000076
01/12/2025,61.20000076
01/12/2025,61.09999847
01/12/2025,61.20000076
01/12/2025,61.40000153
01/12/2025,61.40000153
01/12/2025,61.59999847
01/12/2025,61.40000153
01/12/2025,61.40000153
01/12/2025,61.40000153
01/12/2025,61.59999847
01/12/2025,61.59999847
01/12/2025,61.59999847
01/12/2025,61.59999847
01/12/2025,61.59999847
01/12/2025,61.59999847
01/12/2025,61.59999847
01/12/2025,61.59999847
01/12/2025,61.59999847
01/12/2025,61.59999847
01/12/2025,61.70000076
01/12/2025,61.70000076
01/12/2025,61.59999847
01/12/2025,61.70000076
01/12/2025,61.79999924
01/12/2025,61.70000076
01/12/2025,61.79999924
01/12/2025,61.79999924
01/12/2025,61.59999847
01/12/2025,61.79999924
01/12/2025,61.90000153
01/12/2025,61.79999924
01/12/2025,61.79999924
01/12/2025,61.79999924
01/12/2025,61.79999924
01/12/2025,61.90000153
01/12/2025,62
01/12/2025,62
01/12/2025,61.90000153
01/12/2025,61.79999924
01/12/2025,61.90000153
01/12/2025,62
01/12/2025,62.09999847
01/12/2025,62
01/12/2025,61.90000153
01/12/2025,61.79999924
01/12/2025,61.90000153
01/12/2025,62
01/12/2025,62.09999847
01/12/2025,62.09999847
01/12/2025,62.09999847
01/12/2025,62
01/12/2025,62
01/12/2025,62.09999847
01/12/2025,62.09999847
01/12/2025,62.20000076
01/12/2025,62.09999847
01/12/2025,62.09999847
01/12/2025,62.09999847
01/12/2025,62.09999847
01/12/2025,62.20000076
01/12/2025,62.09999847
01/12/2025,62.20000076
01/12/2025,62.09999847
01/12/2025,62.09999847
01/12/2025,62.20000076
01/12/2025,62.20000076
01/12/2025,62.20000076
01/12/2025,62.20000076
01/12/2025,62.20000076
01/12/2025,62.09999847
01/12/2025,62.20000076
01/12/2025,62.20000076
01/12/2025,62.09999847
01/12/2025,62.20000076
01/12/2025,62.20000076
01/12/2025,62.20000076
01/12/2025,62.20000076
01/12/2025,62.29999924
01/12/2025,62.29999924
01/12/2025,62.29999924
01/12/2025,62.20000076
01/12/2025,62.09999847
01/12/2025,62.20000076
01/12/2025,62.09999847
01/12/2025,62.20000076
01/12/2025,62.09999847
01/12/2025,62.09999847
01/12/2025,62.09999847
01/12/2025,62.09999847
01/12/2025,62.09999847
01/12/2025,62.09999847
01/12/2025,62.09999847
01/12/2025,62.09999847
01/12/2025,62.09999847
01/12/2025,62.09999847
01/12/2025,62
01/12/2025,62.09999847
01/12/2025,62
01/12/2025,62
01/12/2025,61.90000153
01/12/2025,62
01/12/2025,62
01/12/2025,62
01/12/2025,62
01/12/2025,61.90000153
01/12/2025,61.90000153
01/12/2025,61.90000153
01/12/2025,61.90000153
01/12/2025,62
01/12/2025,61.90000153
01/12/2025,61.79999924
01/12/2025,61.79999924
01/12/2025,61.79999924
01/12/2025,61.79999924
01/12/2025,61.79999924
01/12/2025,61.90000153
01/12/2025,61.79999924
01/12/2025,61.79999924
01/12/2025,61.79999924
01/12/2025,61.79999924
01/12/2025,61.79999924
01/12/2025,61.70000076
01/12/2025,61.79999924
01/12/2025,61.59999847
01/12/2025,61.79999924
01/12/2025,61.70000076
01/12/2025,61.70000076
01/12/2025,61.70000076
01/12/2025,61.59999847
01/12/2025,61.70000076
01/12/2025,61.70000076
01/12/2025,61.70000076
01/12/2025,61.79999924
01/12/2025,61.79999924
01/12/2025,61.70000076
01/12/2025,61.79999924
01/12/2025,61.70000076
01/12/2025,61.79999924
01/12/2025,61.59999847
01/12/2025,61.70000076
01/12/2025,61.59999847
01/12/2025,61.79999924
01/12/2025,61.79999924
01/12/2025,61.79999924
01/12/2025,61.70000076
01/12/2025,61.79999924
01/12/2025,61.79999924
01/12/2025,61.79999924
01/12/2025,61.59999847
01/12/2025,61.79999924
01/12/2025,61.79999924
01/12/2025,61.59999847
01/12/2025,61.59999847
01/12/2025,61.79999924
01/12/2025,61.79999924
01/12/2025,61.70000076
01/12/2025,61.79999924
01/12/2025,61.79999924
01/12/2025,61.79999924
01/12/2025,61.59999847
01/12/2025,61.59999847
01/12/2025,61.79999924
01/12/2025,61.79999924
01/12/2025,61.79999924
01/12/2025,61.79999924
01/12/2025,61.79999924
01/12/2025,61.79999924
01/12/2025,61.79999924
01/12/2025,61.79999924
01/12/2025,61.79999924
01/12/2025,61.79999924
01/12/2025,61.79999924
01/12/2025,61.79999924
01/12/2025,61.79999924
01/12/2025,61.79999924
01/12/2025,61.79999924
01/12/2025,61.70000076
01/12/2025,61.79999924
01/12/2025,61.79999924
01/12/2025,61.90000153
01/12/2025,61.79999924
01/12/2025,61.79999924
01/12/2025,61.79999924
01/12/2025,61.70000076
01/12/2025,61.79999924
01/12/2025,61.79999924
01/12/2025,61.79999924
01/12/2025,61.79999924
01/12/2025,61.79999924
01/12/2025,61.79999924
01/12/2025,61.90000153
01/12/2025,61.90000153
01/12/2025,61.90000153
01/12/2025,61.90000153
01/12/2025,61.79999924
01/12/2025,61.79999924
01/12/2025,61.79999924
01/12/2025,61.90000153
01/12/2025,61.90000153
01/12/2025,61.90000153
01/12/2025,61.90000153
01/12/2025,61.79999924
01/12/2025,61.79999924
01/12/2025,62
01/12/2025,61.90000153
01/12/2025,61.79999924
01/12/2025,61.90000153
01/12/2025,61.79999924
01/12/2025,61.90000153
01/12/2025,61.90000153
01/12/2025,61.90000153
01/12/2025,61.90000153
01/12/2025,61.90000153
01/12/2025,61.90000153
01/12/2025,61.90000153
01/12/2025,61.90000153
01/12/2025,62
01/12/2025,61.90000153
01/12/2025,61.90000153
01/12/2025,61.90000153
01/12/2025,62
01/12/2025,61.90000153
01/12/2025,62
01/12/2025,61.90000153
01/12/2025,61.90000153
01/12/2025,61.90000153
01/12/2025,62
01/12/2025,61.90000153
01/12/2025,61.90000153
01/12/2025,61.90000153
01/12/2025,61.90000153
01/12/2025,61.90000153
01/12/2025,61.90000153
01/12/2025,62
01/12/2025,61.90000153
01/12/2025,62
01/12/2025,61.90000153
01/12/2025,62
01/12/2025,62
01/12/2025,61.90000153
01/12/2025,61.90000153
01/12/2025,61.90000153
01/12/2025,62
01/12/2025,62
01/12/2025,62.09999847
01/12/2025,62.09999847
01/12/2025,62
01/12/2025,62
01/12/2025,62
01/12/2025,62
01/12/2025,62
01/12/2025,62
01/12/2025,61.90000153
01/12/2025,61.90000153
01/12/2025,62
01/12/2025,62
01/12/2025,62
01/12/2025,61.90000153
01/12/2025,61.90000153
01/12/2025,61.90000153
01/12/2025,62
01/12/2025,61.90000153
01/12/2025,61.90000153
01/12/2025,62
01/12/2025,61.90000153
01/12/2025,61.90000153
01/12/2025,61.90000153
01/12/2025,62
01/12/2025,61.90000153
01/12/2025,62
01/12/2025,62
01/12/2025,62
01/12/2025,62
01/12/2025,62
01/12/2025,61.90000153
01/12/2025,62
01/12/2025,61.90000153
01/12/2025,62
01/12/2025,61.90000153
01/12/2025,61.90000153
01/12/2025,61.90000153
01/12/2025,62
01/12/2025,62
01/12/2025,61.90000153
01/12/2025,61.79999924
01/12/2025,61.90000153
01/12/2025,61.90000153
01/12/2025,62
01/12/2025,61.79999924
01/12/2025,61.79999924
01/12/2025,61.79999924
01/12/2025,61.79999924
01/12/2025,61.90000153
01/12/2025,61.90000153
01/12/2025,61.79999924
01/12/2025,61.79999924
01/12/2025,61.79999924
01/12/2025,61.79999924
01/12/2025,61.79999924
01/12/2025,61.79999924
01/12/2025,61.79999924
01/12/2025,61.79999924
01/12/2025,61.79999924
01/12/2025,61.90000153
01/12/2025,61.79999924
01/12/2025,61.79999924
01/12/2025,61.79999924
01/12/2025,61.79999924
01/12/2025,61.79999924
01/12/2025,61.79999924
01/12/2025,61.79999924
01/12/2025,61.79999924
01/12/2025,61.79999924
01/12/2025,61.79999924
01/12/2025,61.79999924
01/12/2025,61.79999924
01/12/2025,61.79999924
01/12/2025,61.79999924
01/12/2025,61.70000076
01/12/2025,61.79999924
01/12/2025,61.79999924
01/12/2025,61.79999924
01/12/2025,61.79999924
01/12/2025,61.70000076
01/12/2025,61.79999924
01/12/2025,61.70000076
01/12/2025,61.70000076
01/12/2025,61.79999924
01/12/2025,61.79999924
01/12/2025,61.59999847
01/12/2025,61.79999924
01/12/2025,61.79999924
01/12/2025,61.70000076
01/12/2025,61.70000076
01/12/2025,61.79999924
01/12/2025,61.79999924
01/12/2025,61.79999924
01/12/2025,61.59999847
01/12/2025,61.70000076
01/12/2025,61.59999847
01/12/2025,61.59999847
01/12/2025,61.59999847
01/12/2025,61.59999847
01/12/2025,61.70000076
01/12/2025,61.59999847
01/12/2025,61.59999847
01/12/2025,61.59999847
01/12/2025,61.70000076
01/12/2025,61.59999847
01/12/2025,61.70000076
01/12/2025,61.59999847
01/12/2025,61.59999847
01/12/2025,61.59999847
01/12/2025,61.59999847
01/12/2025,61.59999847
01/12/2025,61.70000076
01/12/2025,61.70000076
01/12/2025,61.59999847
01/12/2025,61.59999847
01/12/2025,61.59999847
01/12/2025,61.59999847
01/12/2025,61.59999847
01/12/2025,61.5
01/12/2025,61.5
01/12/2025,61.59999847
01/12/2025,61.59999847
01/12/2025,61.70000076
01/12/2025,61.59999847
01/12/2025,61.70000076
01/12/2025,61.59999847
01/12/2025,61.59999847
01/12/2025,61.59999847
01/12/2025,61.59999847
01/12/2025,61.59999847
01/12/2025,61.5
01/12/2025,61.5
01/12/2025,61.59999847
01/12/2025,61.5
01/12/2025,61.59999847
01/12/2025,61.59999847
01/12/2025,61.5
01/12/2025,61.5
01/12/2025,61.5
01/12/2025,61.5
01/12/2025,61.5
01/12/2025,61.59999847
01/12/2025,61.59999847
01/12/2025,61.59999847
01/12/2025,61.5
01/12/2025,61.5
01/12/2025,61.40000153
01/12/2025,61.40000153
01/12/2025,61.5
01/12/2025,61.40000153
01/12/2025,61.40000153
01/12/2025,61.40000153
01/12/2025,61.40000153
01/12/2025,61.59999847
01/12/2025,61.59999847
01/12/2025,61.40000153
01/12/2025,61.40000153
01/12/2025,61.40000153
01/12/2025,61.40000153
01/12/2025,61.40000153
01/12/2025,61.40000153
01/12/2025,61.40000153
01/12/2025,61.40000153
01/12/2025,61.40000153
01/12/2025,61.40000153
01/12/2025,61.40000153
01/12/2025,61.40000153
01/12/2025,61.40000153
01/12/2025,61.40000153
01/12/2025,61.40000153
01/12/2025,61.40000153
01/12/2025,61.40000153
01/12/2025,61.40000153
01/12/2025,61.40000153
01/12/2025,61.40000153
01/12/2025,61.40000153
01/12/2025,61.40000153
01/12/2025,61.40000153
01/12/2025,61.40000153
01/12/2025,61.40000153
01/12/2025,61.40000153
01/12/2025,61.40000153
01/12/2025,61.40000153
01/12/2025,61.40000153
01/12/2025,61.40000153
01/12/2025,61.40000153
01/12/2025,61.40000153
01/12/2025,61.40000153
01/12/2025,61.29999924
01/12/2025,61.40000153
01/12/2025,61.29999924
01/12/2025,61.29999924
01/12/2025,61.40000153
01/12/2025,61.40000153
01/12/2025,61.29999924
01/12/2025,61.20000076
01/12/2025,61.40000153
01/12/2025,61.29999924
01/12/2025,61.40000153
01/12/2025,61.40000153
01/12/2025,61.29999924
01/12/2025,61.40000153
01/12/2025,61.29999924
01/12/2025,61.20000076
01/12/2025,61.20000076
01/12/2025,61.20000076
01/12/2025,61.29999924
01/12/2025,61.29999924
01/12/2025,61.20000076
01/12/2025,61.20000076
01/12/2025,61.09999847
01/12/2025,61
01/12/2025,60.90000153
01/12/2025,60.79999924
01/12/2025,60.70000076
01/12/2025,60.59999847
01/12/2025,60.59999847
01/12/2025,60.5
01/12/2025,60.5
01/12/2025,60.29999924
01/12/2025,60.20000076
01/12/2025,60.29999924
01/12/2025,60.40000153
01/12/2025,60.5
01/12/2025,60.5
01/12/2025,60.5
01/12/2025,60.59999847
01/12/2025,60.59999847
01/12/2025,60.59999847
01/12/2025,60.59999847
01/12/2025,60.79999924
01/12/2025,60.79999924
01/12/2025,60.79999924
01/12/2025,60.90000153
01/12/2025,61
01/12/2025,61
01/12/2025,61
01/12/2025,61
01/12/2025,61
01/12/2025,61.09999847
01/12/2025,61.09999847
01/12/2025,61.09999847
01/12/2025,61.09999847
01/12/2025,61.09999847
01/12/2025,61.09999847
01/12/2025,61.09999847
01/12/2025,61.20000076
01/12/2025,61.09999847
01/12/2025,61.09999847
01/12/2025,61.20000076
01/12/2025,61.20000076
01/12/2025,61.20000076
01/12/2025,61.20000076
01/12/2025,61.20000076
01/12/2025,61.20000076
01/12/2025,61.20000076
01/12/2025,61.20000076
01/12/2025,61.20000076
01/12/2025,61.20000076
01/12/2025,61.20000076
01/12/2025,61.20000076
01/12/2025,61.20000076
01/12/2025,61.20000076
01/12/2025,61.20000076
01/12/2025,61.09999847
01/12/2025,61.09999847
01/12/2025,61
01/12/2025,61
01/12/2025,61
01/12/2025,60.79999924
01/12/2025,60.79999924
01/12/2025,60.79999924
01/12/2025,60.59999847
01/12/2025,60.59999847
01/12/2025,60.59999847
01/12/2025,60.5
01/12/2025,60.5
01/12/2025,60.5
01/12/2025,60.5
01/12/2025,60.5
01/12/2025,60.40000153
01/12/2025,60.29999924
01/12/2025,60.40000153
01/12/2025,60.40000153
01/12/2025,60.29999924
01/12/2025,60.40000153
01/12/2025,60.5
01/12/2025,60.5
01/12/2025,60.40000153
01/12/2025,60.59999847
01/12/2025,60.59999847
01/12/2025,60.70000076
01/12/2025,60.70000076
01/12/2025,60.70000076
01/12/2025,60.90000153
01/12/2025,60.79999924
01/12/2025,61
01/12/2025,61
01/12/2025,61.20000076
01/12/2025,61.09999847
01/12/2025,61.20000076
01/12/2025,61.20000076
01/12/2025,61.40000153
01/12/2025,61.40000153
01/12/2025,61.40000153
01/12/2025,61.59999847
01/12/2025,61.59999847
01/12/2025,61.59999847
01/12/2025,61.79999924
01/12/2025,61.79999924
01/12/2025,61.90000153
01/12/2025,61.90000153
01/12/2025,62
01/12/2025,62
01/12/2025,62
01/12/2025,62
01/12/2025,62
01/12/2025,62.09999847
01/12/2025,62.09999847
01/12/2025,62.20000076
01/12/2025,62.29999924
01/12/2025,62.29999924
01/12/2025,62.29999924
01/12/2025,62.29999924
01/12/2025,62.29999924
01/12/2025,62.40000153
01/12/2025,62.5
01/12/2025,62.40000153
01/12/2025,62.5
01/12/2025,62.5
01/12/2025,62.5
01/12/2025,62.59999847
01/12/2025,62.59999847
01/12/2025,62.5
01/12/2025,62.5
01/12/2025,62.59999847
01/12/2025,62.70000076
01/12/2025,62.70000076
01/12/2025,62.70000076
01/12/2025,62.70000076
01/12/2025,62.70000076
01/12/2025,62.79999924
01/12/2025,62.79999924
01/12/2025,62.79999924
01/12/2025,62.70000076
01/12/2025,62.79999924
01/12/2025,62.70000076
01/12/2025,62.70000076
01/12/2025,62.79999924
01/12/2025,62.79999924
01/12/2025,62.90000153
01/12/2025,62.70000076
01/12/2025,62.70000076
01/12/2025,62.70000076
01/12/2025,62.70000076
01/12/2025,62.70000076
01/12/2025,62.70000076
01/12/2025,62.70000076
01/12/2025,62.70000076
01/12/2025,62.70000076
01/12/2025,62.70000076
01/12/2025,62.70000076
01/12/2025,62.70000076
01/12/2025,62.70000076
01/12/2025,62.70000076
01/12/2025,62.59999847
01/12/2025,62.70000076
01/12/2025,62.70000076
01/12/2025,62.70000076
01/12/2025,62.59999847
01/12/2025,62.70000076
01/12/2025,62.70000076
01/12/2025,62.70000076
01/12/2025,62.70000076
01/12/2025,62.70000076
01/12/2025,62.59999847
01/12/2025,62.59999847
02/12/2025,62.70000076
02/12/2025,62.70000076
02/12/2025,62.59999847
02/12/2025,62.59999847
02/12/2025,62.5
02/12/2025,62.59999847
02/12/2025,62.59999847
02/12/2025,62.59999847
02/12/2025,62.59999847
02/12/2025,62.59999847
02/12/2025,62.59999847
02/12/2025,62.59999847
02/12/2025,62.59999847
02/12/2025,62.59999847
02/12/2025,62.59999847
02/12/2025,62.59999847
02/12/2025,62.5
02/12/2025,62.5
02/12/2025,62.5
02/12/2025,62.5
02/12/2025,62.5
02/12/2025,62.59999847
02/12/2025,62.59999847
02/12/2025,62.59999847
02/12/2025,62.5
02/12/2025,62.5
02/12/2025,62.5
02/12/2025,62.5
02/12/2025,62.5
02/12/2025,62.40000153
02/12/2025,62.5
02/12/2025,62.5
02/12/2025,62.40000153
02/12/2025,62.40000153
02/12/2025,62.40000153
02/12/2025,62.40000153
02/12/2025,62.40000153
02/12/2025,62.40000153
02/12/2025,62.40000153
02/12/2025,62.40000153
02/12/2025,62.5
02/12/2025,62.40000153
02/12/2025,62.40000153
02/12/2025,62.40000153
02/12/2025,62.40000153
02/12/2025,62.40000153
02/12/2025,62.09999847
02/12/2025,61.09999847
02/12/2025,59.70000076
02/12/2025,58.09999847
02/12/2025,56.5
02/12/2025,55.09999847
02/12/2025,53.79999924
02/12/2025,52.90000153
02/12/2025,52.20000076
02/12/2025,51.59999847
02/12/2025,50.90000153
02/12/2025,50.40000153
02/12/2025,50
02/12/2025,49.40000153
02/12/2025,48.90000153
02/12/2025,48.5
02/12/2025,48.09999847
02/12/2025,47.70000076
02/12/2025,47.40000153
02/12/2025,46.90000153
02/12/2025,46.59999847
02/12/2025,46.09999847
02/12/2025,45.70000076
02/12/2025,45.40000153
02/12/2025,44.90000153
02/12/2025,44.70000076
02/12/2025,44.20000076
02/12/2025,43.79999924
02/12/2025,43.40000153
02/12/2025,43.09999847
02/12/2025,42.79999924
02/12/2025,42.5
02/12/2025,42.09999847
02/12/2025,41.59999847
02/12/2025,41.29999924
02/12/2025,41
02/12/2025,40.59999847
02/12/2025,40.29999924
02/12/2025,40.09999847
02/12/2025,39.79999924
02/12/2025,39.5
02/12/2025,39.09999847
02/12/2025,38.90000153
02/12/2025,38.59999847
02/12/2025,38.40000153
02/12/2025,38.20000076
02/12/2025,37.79999924
02/12/2025,38.79999924
02/12/2025,45.90000153
02/12/2025,53.90000153
02/12/2025,55
02/12/2025,54.09999847
02/12/2025,52.79999924
02/12/2025,51.70000076
02/12/2025,50.59999847
02/12/2025,49.59999847
02/12/2025,48.70000076
02/12/2025,47.90000153
02/12/2025,47.09999847
02/12/2025,46.40000153
02/12/2025,45.70000076
02/12/2025,44.90000153
02/12/2025,44.20000076
02/12/2025,43.59999847
02/12/2025,42.90000153
02/12/2025,42.29999924
02/12/2025,41.79999924
02/12/2025,41
02/12/2025,40.5
02/12/2025,40
02/12/2025,39.40000153
02/12/2025,39
02/12/2025,38.59999847
02/12/2025,38.20000076
02/12/2025,37.79999924
02/12/2025,37.5
02/12/2025,37.09999847
02/12/2025,37
02/12/2025,36.79999924
02/12/2025,36.70000076
02/12/2025,36.5
02/12/2025,36.59999847
02/12/2025,36.59999847
02/12/2025,36.59999847
02/12/2025,36.5
02/12/2025,36.59999847
02/12/2025,36.59999847
02/12/2025,36.70000076
02/12/2025,36.59999847
02/12/2025,36.70000076
02/12/2025,36.70000076
02/12/2025,36.90000153
02/12/2025,36.90000153
02/12/2025,37.09999847
02/12/2025,37.09999847
02/12/2025,37.20000076
02/12/2025,37.20000076
02/12/2025,37.29999924
02/12/2025,37.29999924
02/12/2025,37.40000153
02/12/2025,37.5
02/12/2025,37.59999847
02/12/2025,37.59999847
02/12/2025,37.59999847
02/12/2025,37.70000076
02/12/2025,37.70000076
02/12/2025,37.79999924
02/12/2025,37.79999924
02/12/2025,37.79999924
02/12/2025,37.90000153
02/12/2025,38
02/12/2025,38
02/12/2025,38
02/12/2025,38.09999847
02/12/2025,38.20000076
02/12/2025,38.20000076
02/12/2025,38.20000076
02/12/2025,38.20000076
02/12/2025,38.29999924
02/12/2025,38.29999924
02/12/2025,38.29999924
02/12/2025,38.29999924
02/12/2025,38.40000153
02/12/2025,38.40000153
02/12/2025,38.40000153
02/12/2025,38.40000153
02/12/2025,38.40000153
02/12/2025,38.40000153
02/12/2025,38.40000153
02/12/2025,38.40000153
02/12/2025,38.40000153
02/12/2025,38.59999847
02/12/2025,38.59999847
02/12/2025,38.59999847
02/12/2025,38.59999847
02/12/2025,38.59999847
02/12/2025,38.59999847
02/12/2025,38.59999847
02/12/2025,38.59999847
02/12/2025,38.59999847
02/12/2025,38.70000076
02/12/2025,38.59999847
02/12/2025,38.59999847
02/12/2025,38.70000076
02/12/2025,38.79999924
02/12/2025,38.79999924
02/12/2025,38.79999924
02/12/2025,38.70000076
02/12/2025,38.79999924
02/12/2025,38.79999924
02/12/2025,38.79999924
02/12/2025,38.79999924
02/12/2025,38.79999924
02/12/2025,38.79999924
02/12/2025,38.79999924
02/12/2025,38.79999924
02/12/2025,38.79999924
02/12/2025,38.79999924
02/12/2025,38.79999924
02/12/2025,38.79999924
02/12/2025,38.90000153
02/12/2025,38.79999924
02/12/2025,38.79999924
02/12/2025,38.79999924
02/12/2025,38.79999924
02/12/2025,38.79999924
02/12/2025,38.79999924
02/12/2025,38.90000153
02/12/2025,38.79999924
02/12/2025,38.79999924
02/12/2025,38.79999924
02/12/2025,39
02/12/2025,38.79999924
02/12/2025,38.79999924
02/12/2025,38.79999924
02/12/2025,38.79999924
02/12/2025,38.79999924
02/12/2025,39
02/12/2025,38.79999924
02/12/2025,38.79999924
02/12/2025,38.79999924
02/12/2025,38.79999924
02/12/2025,38.79999924
02/12/2025,38.79999924
02/12/2025,38.90000153
02/12/2025,38.79999924
02/12/2025,38.79999924
02/12/2025,38.79999924
02/12/2025,38.79999924
02/12/2025,38.79999924
02/12/2025,38.79999924
02/12/2025,38.79999924
02/12/2025,38.79999924
02/12/2025,38.70000076
02/12/2025,38.79999924
02/12/2025,38.79999924
02/12/2025,38.79999924
02/12/2025,38.79999924
02/12/2025,38.79999924
02/12/2025,38.79999924
02/12/2025,38.70000076
02/12/2025,38.70000076
02/12/2025,38.59999847
02/12/2025,38.59999847
02/12/2025,38.59999847
02/12/2025,38.59999847
02/12/2025,38.40000153
02/12/2025,38.59999847
02/12/2025,38.5
02/12/2025,38.40000153
02/12/2025,38.40000153
02/12/2025,38.20000076
02/12/2025,38.20000076
02/12/2025,38.09999847
02/12/2025,38.09999847
02/12/2025,38
02/12/2025,38
02/12/2025,38
02/12/2025,37.90000153
02/12/2025,37.79999924
02/12/2025,38
02/12/2025,38
02/12/2025,38.09999847
02/12/2025,38.29999924
02/12/2025,38.70000076
02/12/2025,39
02/12/2025,39.5
02/12/2025,40.79999924
02/12/2025,42.09999847
02/12/2025,43.40000153
02/12/2025,45.09999847
02/12/2025,46.79999924
02/12/2025,48.29999924
02/12/2025,49.09999847
02/12/2025,49.90000153
02/12/2025,50.59999847
02/12/2025,51.09999847
02/12/2025,51.70000076
02/12/2025,52
02/12/2025,52.20000076
02/12/2025,52.40000153
02/12/2025,52.29999924
02/12/2025,52.40000153
02/12/2025,52.59999847
02/12/2025,52.79999924
02/12/2025,52.79999924
02/12/2025,53
02/12/2025,53.20000076
02/12/2025,53.5
02/12/2025,53.79999924
02/12/2025,53.90000153
02/12/2025,54.09999847
02/12/2025,54.20000076
02/12/2025,54.29999924
02/12/2025,54.29999924
02/12/2025,54.5
02/12/2025,54.59999847
02/12/2025,54.59999847
02/12/2025,54.5
02/12/2025,54.5
02/12/2025,54.59999847
02/12/2025,54.70000076
02/12/2025,54.5
02/12/2025,54.59999847
02/12/2025,55
02/12/2025,54.70000076
02/12/2025,55.09999847
02/12/2025,55
02/12/2025,55
02/12/2025,54.90000153
02/12/2025,55
02/12/2025,54.90000153
02/12/2025,55
02/12/2025,55.20000076
02/12/2025,55.40000153
02/12/2025,55.59999847
02/12/2025,55.79999924
02/12/2025,56
02/12/2025,56.29999924
02/12/2025,56.70000076
02/12/2025,56.79999924
02/12/2025,57
02/12/2025,57.29999924
02/12/2025,57.29999924
02/12/2025,57.29999924
02/12/2025,57.29999924
02/12/2025,57.59999847
02/12/2025,57.59999847
02/12/2025,58.40000153
02/12/2025,58.79999924
02/12/2025,59.5
02/12/2025,60.29999924
02/12/2025,60.90000153
02/12/2025,61.29999924
02/12/2025,61.59999847
02/12/2025,61.90000153
02/12/2025,62.20000076
02/12/2025,62.5
02/12/2025,62.70000076
02/12/2025,62.70000076
02/12/2025,62.79999924
02/12/2025,62.90000153
02/12/2025,63
02/12/2025,63.29999924
02/12/2025,63.29999924
02/12/2025,63.40000153
02/12/2025,63.59999847
02/12/2025,63.79999924
02/12/2025,63.90000153
02/12/2025,64.19999695
02/12/2025,64.19999695
02/12/2025,64.19999695
02/12/2025,64.30000305
02/12/2025,64.40000153
02/12/2025,64.40000153
02/12/2025,64.30000305
02/12/2025,64.19999695
02/12/2025,64.19999695
02/12/2025,64.30000305
02/12/2025,64.19999695
02/12/2025,64.30000305
02/12/2025,64.30000305
02/12/2025,64.30000305
02/12/2025,64.30000305
02/12/2025,64.30000305
02/12/2025,64.19999695
02/12/2025,64.19999695
02/12/2025,64.19999695
02/12/2025,63.79999924
02/12/2025,63.40000153
02/12/2025,61.40000153
02/12/2025,59.70000076
02/12/2025,58.79999924
02/12/2025,58.20000076
02/12/2025,57.90000153
02/12/2025,58
02/12/2025,57.79999924
02/12/2025,57.29999924
02/12/2025,56.20000076
02/12/2025,48.70000076
02/12/2025,44.5
02/12/2025,36.70000076
02/12/2025,34.79999924
02/12/2025,35
02/12/2025,35.79999924
02/12/2025,36.5
02/12/2025,37.09999847
02/12/2025,37.59999847
02/12/2025,38
02/12/2025,38.20000076
02/12/2025,38.40000153
02/12/2025,38.79999924
02/12/2025,40
02/12/2025,41.20000076
02/12/2025,42.29999924
02/12/2025,43.20000076
02/12/2025,44.40000153
02/12/2025,45.5
02/12/2025,45.40000153
02/12/2025,44.5
02/12/2025,43.5
02/12/2025,42.70000076
02/12/2025,42.09999847
02/12/2025,41.59999847
02/12/2025,41.40000153
02/12/2025,41.20000076
02/12/2025,41.09999847
02/12/2025,41
02/12/2025,40.79999924
02/12/2025,40.40000153
02/12/2025,39.79999924
02/12/2025,39.29999924
02/12/2025,38.90000153
02/12/2025,38.5
02/12/2025,38.20000076
02/12/2025,37.79999924
02/12/2025,37.59999847
02/12/2025,36.09999847
02/12/2025,31
02/12/2025,25.89999962
02/12/2025,22.5
02/12/2025,20.39999962
02/12/2025,18.70000076
02/12/2025,17.60000038
02/12/2025,16.5
02/12/2025,15.5
02/12/2025,14.80000019
02/12/2025,14.10000038
02/12/2025,13.60000038
02/12/2025,13.19999981
02/12/2025,12.80000019
02/12/2025,12.60000038
02/12/2025,12.19999981
02/12/2025,12
02/12/2025,11.80000019
02/12/2025,11.80000019
02/12/2025,11.60000038
02/12/2025,11.5
02/12/2025,11.39999962
02/12/2025,11.39999962
02/12/2025,11.5
02/12/2025,11.5
02/12/2025,11.39999962
02/12/2025,11.30000019
02/12/2025,11.30000019
02/12/2025,11.10000038
02/12/2025,11
02/12/2025,10.89999962
02/12/2025,10.80000019
02/12/2025,10.69999981
02/12/2025,10.69999981
02/12/2025,10.69999981
02/12/2025,10.5
02/12/2025,10.5
02/12/2025,10.30000019
02/12/2025,10.19999981
02/12/2025,10.19999981
02/12/2025,10.19999981
02/12/2025,10
02/12/2025,10
02/12/2025,10
02/12/2025,10
02/12/2025,10
02/12/2025,9.899999619
02/12/2025,9.899999619
02/12/2025,9.800000191
02/12/2025,9.800000191
02/12/2025,9.800000191
02/12/2025,9.699999809
02/12/2025,9.600000381
02/12/2025,9.600000381
02/12/2025,9.600000381
02/12/2025,9.600000381
02/12/2025,9.399999619
02/12/2025,9.399999619
02/12/2025,9.300000191
02/12/2025,9.199999809
02/12/2025,9.199999809
02/12/2025,9.100000381
02/12/2025,9
02/12/2025,9
02/12/2025,8.899999619
02/12/2025,8.699999809
02/12/2025,8.699999809
02/12/2025,8.600000381
02/12/2025,8.5
02/12/2025,8.5
02/12/2025,8.5
02/12/2025,8.399999619
02/12/2025,8.300000191
02/12/2025,8.399999619
02/12/2025,8.300000191
02/12/2025,8.300000191
02/12/2025,8.300000191
02/12/2025,8.199999809
02/12/2025,8.100000381
02/12/2025,8.100000381
02/12/2025,8
02/12/2025,7.900000095
02/12/2025,7.900000095
02/12/2025,7.800000191
02/12/2025,7.800000191
02/12/2025,7.699999809
02/12/2025,7.699999809
02/12/2025,7.699999809
02/12/2025,7.699999809
02/12/2025,7.800000191
02/12/2025,7.800000191
02/12/2025,7.900000095
02/12/2025,8
02/12/2025,8.100000381
02/12/2025,8.100000381
02/12/2025,7.900000095
02/12/2025,7.900000095
02/12/2025,7.800000191
02/12/2025,7.800000191
02/12/2025,7.699999809
02/12/2025,7.599999905
02/12/2025,7.599999905
02/12/2025,7.599999905
02/12/2025,7.599999905
02/12/2025,7.599999905
02/12/2025,7.599999905
02/12/2025,7.699999809
02/12/2025,7.699999809
02/12/2025,7.699999809
02/12/2025,7.699999809
02/12/2025,7.699999809
02/12/2025,7.699999809
02/12/2025,7.699999809
02/12/2025,7.699999809
02/12/2025,7.800000191
02/12/2025,7.900000095
02/12/2025,7.900000095
02/12/2025,7.900000095
02/12/2025,7.900000095
02/12/2025,7.900000095
02/12/2025,7.900000095
02/12/2025,7.900000095
02/12/2025,7.900000095
02/12/2025,7.900000095
02/12/2025,7.900000095
02/12/2025,7.900000095
02/12/2025,7.900000095
02/12/2025,8
02/12/2025,7.900000095
02/12/2025,7.900000095
02/12/2025,7.900000095
02/12/2025,7.900000095
02/12/2025,7.800000191
02/12/2025,7.800000191
02/12/2025,7.800000191
02/12/2025,7.800000191
02/12/2025,7.900000095
02/12/2025,7.800000191
02/12/2025,7.800000191
02/12/2025,7.900000095
02/12/2025,7.800000191
02/12/2025,7.900000095
02/12/2025,7.800000191
02/12/2025,7.800000191
02/12/2025,7.900000095
02/12/2025,7.800000191
02/12/2025,7.699999809
02/12/2025,7.800000191
02/12/2025,7.800000191
02/12/2025,7.800000191
02/12/2025,7.800000191
02/12/2025,7.900000095
02/12/2025,7.800000191
02/12/2025,7.800000191
02/12/2025,7.800000191
02/12/2025,7.800000191
02/12/2025,7.800000191
02/12/2025,7.900000095
02/12/2025,7.800000191
02/12/2025,7.900000095
02/12/2025,7.900000095
02/12/2025,7.900000095
02/12/2025,7.699999809
02/12/2025,7.699999809
02/12/2025,7.699999809
02/12/2025,7.599999905
02/12/2025,7.5
02/12/2025,7.5
02/12/2025,7.5
02/12/2025,7.5
02/12/2025,7.5
02/12/2025,7.400000095
02/12/2025,7.400000095
02/12/2025,7.300000191
02/12/2025,7.300000191
02/12/2025,7.199999809
02/12/2025,7.199999809
02/12/2025,7
02/12/2025,7
02/12/2025,7
02/12/2025,7
02/12/2025,6.900000095
02/12/2025,6.900000095
02/12/2025,7
02/12/2025,7
02/12/2025,7
02/12/2025,7
02/12/2025,7
02/12/2025,6.900000095
02/12/2025,7
02/12/2025,7
02/12/2025,7
02/12/2025,7
02/12/2025,7
02/12/2025,7
02/12/2025,7
02/12/2025,6.900000095
02/12/2025,7
02/12/2025,7
02/12/2025,7
02/12/2025,7
02/12/2025,7
02/12/2025,7
02/12/2025,7.099999905
02/12/2025,7
02/12/2025,6.900000095
02/12/2025,6.900000095
02/12/2025,6.900000095
02/12/2025,6.900000095
02/12/2025,6.900000095
02/12/2025,6.900000095
02/12/2025,7
02/12/2025,6.900000095
02/12/2025,6.900000095
02/12/2025,6.900000095
02/12/2025,6.900000095
02/12/2025,6.900000095
02/12/2025,6.900000095
02/12/2025,6.900000095
02/12/2025,6.900000095
02/12/2025,6.900000095
02/12/2025,6.900000095
02/12/2025,6.800000191
02/12/2025,6.800000191
02/12/2025,6.800000191
02/12/2025,6.800000191
02/12/2025,6.800000191
02/12/2025,6.800000191
02/12/2025,6.800000191
02/12/2025,6.800000191
02/12/2025,6.800000191
02/12/2025,6.800000191
02/12/2025,6.800000191
02/12/2025,6.800000191
02/12/2025,6.800000191
02/12/2025,6.900000095
02/12/2025,6.800000191
02/12/2025,6.800000191
02/12/2025,6.800000191
02/12/2025,6.800000191
02/12/2025,6.800000191
02/12/2025,6.800000191
02/12/2025,6.800000191
02/12/2025,6.800000191
02/12/2025,6.800000191
02/12/2025,6.800000191
02/12/2025,6.800000191
02/12/2025,6.800000191
02/12/2025,6.800000191
02/12/2025,6.800000191
02/12/2025,6.800000191
02/12/2025,6.800000191
02/12/2025,6.800000191
02/12/2025,6.800000191
02/12/2025,6.800000191
02/12/2025,6.800000191
02/12/2025,6.800000191
02/12/2025,6.800000191
02/12/2025,6.800000191
02/12/2025,6.800000191
02/12/2025,6.800000191
02/12/2025,6.699999809
02/12/2025,6.699999809
02/12/2025,6.800000191
02/12/2025,6.800000191
02/12/2025,6.800000191
02/12/2025,6.800000191
02/12/2025,6.800000191
02/12/2025,6.800000191
02/12/2025,6.800000191
02/12/2025,6.699999809
02/12/2025,6.800000191
02/12/2025,6.800000191
02/12/2025,6.699999809
02/12/2025,6.800000191
02/12/2025,6.599999905
02/12/2025,6.800000191
02/12/2025,6.699999809
02/12/2025,6.699999809
02/12/2025,6.800000191
02/12/2025,6.599999905
02/12/2025,6.800000191
02/12/2025,6.699999809
02/12/2025,6.800000191
02/12/2025,6.800000191
02/12/2025,6.800000191
02/12/2025,6.800000191
02/12/2025,6.800000191
02/12/2025,6.699999809
02/12/2025,6.800000191
02/12/2025,6.699999809
02/12/2025,6.800000191
02/12/2025,6.800000191
02/12/2025,6.699999809
02/12/2025,6.699999809
02/12/2025,6.699999809
02/12/2025,6.699999809
02/12/2025,6.699999809
02/12/2025,6.699999809
02/12/2025,6.699999809
02/12/2025,6.699999809
02/12/2025,6.699999809
02/12/2025,6.699999809
02/12/2025,6.699999809
02/12/2025,6.699999809
02/12/2025,6.599999905
02/12/2025,6.599999905
02/12/2025,6.599999905
02/12/2025,6.699999809
02/12/2025,6.599999905
02/12/2025,6.599999905
02/12/2025,6.599999905
02/12/2025,6.599999905
02/12/2025,6.599999905
02/12/2025,6.599999905
02/12/2025,6.599999905
02/12/2025,6.699999809
02/12/2025,6.900000095
02/12/2025,10.80000019
02/12/2025,13.89999962
02/12/2025,15.89999962
02/12/2025,17.20000076
02/12/2025,18.29999924
02/12/2025,19.5
02/12/2025,20.29999924
02/12/2025,21.39999962
02/12/2025,22.60000038
02/12/2025,23.79999924
02/12/2025,24.89999962
02/12/2025,26
02/12/2025,27
02/12/2025,27.89999962
02/12/2025,28.89999962
02/12/2025,30
02/12/2025,31.10000038
02/12/2025,32.29999924
02/12/2025,33.5
02/12/2025,34.70000076
02/12/2025,35.79999924
02/12/2025,36.70000076
02/12/2025,37.79999924
02/12/2025,38.79999924
02/12/2025,39.90000153
02/12/2025,40.79999924
02/12/2025,41.70000076
02/12/2025,42.59999847
02/12/2025,43.29999924
02/12/2025,44
02/12/2025,44.79999924
02/12/2025,45.29999924
02/12/2025,46
02/12/2025,46.40000153
02/12/2025,46.79999924
02/12/2025,47.20000076
02/12/2025,47.5
02/12/2025,47.79999924
02/12/2025,48.09999847
02/12/2025,48.5
02/12/2025,48.70000076
02/12/2025,49.09999847
02/12/2025,49.40000153
02/12/2025,49.70000076
02/12/2025,50.20000076
02/12/2025,50.5
02/12/2025,50.70000076
02/12/2025,51.09999847
02/12/2025,51.29999924
02/12/2025,51.5
02/12/2025,51.79999924
02/12/2025,51.90000153
02/12/2025,52
02/12/2025,52.09999847
02/12/2025,52.20000076
02/12/2025,52.20000076
02/12/2025,52.20000076
02/12/2025,52
02/12/2025,52
02/12/2025,51.79999924
02/12/2025,51.70000076
02/12/2025,51.40000153
02/12/2025,51.09999847
02/12/2025,50.70000076
02/12/2025,50.5
02/12/2025,50.20000076
02/12/2025,49.79999924
02/12/2025,49.40000153
02/12/2025,49.20000076
02/12/2025,48.79999924
02/12/2025,48.29999924
02/12/2025,47.79999924
02/12/2025,47.59999847
02/12/2025,47.29999924
02/12/2025,47
02/12/2025,46.79999924
02/12/2025,46.59999847
02/12/2025,46.40000153
02/12/2025,46.20000076
02/12/2025,46.20000076
02/12/2025,46.20000076
02/12/2025,46.40000153
02/12/2025,46.59999847
02/12/2025,46.70000076
02/12/2025,47
02/12/2025,47.09999847
02/12/2025,47.40000153
02/12/2025,47.70000076
02/12/2025,48
02/12/2025,48.29999924
02/12/2025,48.70000076
02/12/2025,48.90000153
02/12/2025,49.29999924
02/12/2025,49.5
02/12/2025,49.90000153
02/12/2025,50.20000076
02/12/2025,50.70000076
02/12/2025,51
02/12/2025,51.29999924
02/12/2025,51.59999847
02/12/2025,51.90000153
02/12/2025,52.20000076
02/12/2025,52.5
02/12/2025,52.79999924
02/12/2025,53.20000076
02/12/2025,53.5
02/12/2025,53.79999924
02/12/2025,54.09999847
02/12/2025,54.40000153
02/12/2025,54.59999847
02/12/2025,54.90000153
02/12/2025,55
02/12/2025,55.29999924
02/12/2025,55.40000153
02/12/2025,55.70000076
02/12/2025,55.90000153
02/12/2025,56
02/12/2025,56.20000076
02/12/2025,56.20000076
02/12/2025,56.40000153
02/12/2025,56.5
02/12/2025,56.59999847
02/12/2025,56.59999847
02/12/2025,56.5
02/12/2025,56.59999847
02/12/2025,56.5
02/12/2025,56.5
02/12/2025,56.5
02/12/2025,56.5
02/12/2025,56.5
02/12/2025,56.5
02/12/2025,56.29999924
02/12/2025,56.29999924
02/12/2025,56.20000076
02/12/2025,56.29999924
02/12/2025,56.20000076
02/12/2025,56.20000076
02/12/2025,56.20000076
02/12/2025,56.20000076
02/12/2025,56.20000076
02/12/2025,56.20000076
02/12/2025,56.20000076
02/12/2025,56.29999924
02/12/2025,56.29999924
02/12/2025,56.29999924
02/12/2025,56.29999924
02/12/2025,56.40000153
02/12/2025,56.59999847
02/12/2025,56.59999847
02/12/2025,56.70000076
02/12/2025,56.90000153
02/12/2025,56.90000153
02/12/2025,57.20000076
02/12/2025,57.29999924
02/12/2025,57.5
02/12/2025,57.70000076
02/12/2025,57.79999924
02/12/2025,58
02/12/2025,58.20000076
02/12/2025,58.29999924
02/12/2025,58.59999847
02/12/2025,58.70000076
02/12/2025,59
02/12/2025,59.09999847
02/12/2025,59.29999924
02/12/2025,59.5
02/12/2025,59.70000076
02/12/2025,59.90000153
02/12/2025,60.09999847
02/12/2025,60.40000153
02/12/2025,60.5
02/12/2025,60.59999847
02/12/2025,60.79999924
02/12/2025,61
02/12/2025,61.09999847
02/12/2025,61.29999924
02/12/2025,61.40000153
02/12/2025,61.59999847
02/12/2025,61.59999847
02/12/2025,61.79999924
02/12/2025,62
02/12/2025,62
02/12/2025,62.09999847
02/12/2025,62.20000076
02/12/2025,62.29999924
02/12/2025,62.29999924
02/12/2025,62.40000153
02/12/2025,62.5
02/12/2025,62.59999847
02/12/2025,62.59999847
02/12/2025,62.70000076
02/12/2025,62.70000076
02/12/2025,62.70000076
02/12/2025,62.79999924
02/12/2025,62.79999924
02/12/2025,62.79999924
02/12/2025,62.79999924
02/12/2025,62.90000153
02/12/2025,62.90000153
02/12/2025,62.90000153
02/12/2025,62.90000153
02/12/2025,62.90000153
02/12/2025,63.09999847
02/12/2025,63
02/12/2025,63.09999847
02/12/2025,63.09999847
02/12/2025,63.09999847
02/12/2025,63.09999847
02/12/2025,63.20000076
02/12/2025,63.20000076
02/12/2025,63.29999924
02/12/2025,63.29999924
02/12/2025,63.40000153
02/12/2025,63.40000153
02/12/2025,63.40000153
02/12/2025,63.5
02/12/2025,63.5
02/12/2025,63.5
02/12/2025,63.5
02/12/2025,63.59999847
02/12/2025,63.5
02/12/2025,63.59999847
02/12/2025,63.59999847
02/12/2025,63.70000076
02/12/2025,63.70000076
02/12/2025,63.79999924
02/12/2025,63.79999924
02/12/2025,63.79999924
02/12/2025,63.79999924
02/12/2025,64
02/12/2025,64
02/12/2025,63.90000153
02/12/2025,63.90000153
02/12/2025,63.90000153
02/12/2025,64.09999847
02/12/2025,64
02/12/2025,64.09999847
02/12/2025,64.09999847
02/12/2025,64.09999847
02/12/2025,64.19999695
02/12/2025,64.19999695
02/12/2025,64.19999695
02/12/2025,64.19999695
02/12/2025,64.19999695
02/12/2025,64.19999695
02/12/2025,64.19999695
02/12/2025,64.19999695
02/12/2025,64.19999695
02/12/2025,64.19999695
02/12/2025,64.19999695
02/12/2025,64.19999695
02/12/2025,64.19999695
02/12/2025,64.19999695
02/12/2025,64.30000305
02/12/2025,64.19999695
02/12/2025,64.19999695
02/12/2025,64.19999695
02/12/2025,64.30000305
02/12/2025,64.30000305
02/12/2025,64.19999695
02/12/2025,64.19999695
02/12/2025,64.19999695
02/12/2025,64.19999695
02/12/2025,64.30000305
02/12/2025,64.30000305
02/12/2025,64.30000305
02/12/2025,64.19999695
02/12/2025,64.30000305
02/12/2025,64.30000305
02/12/2025,64.30000305
02/12/2025,64.30000305
02/12/2025,64.30000305
02/12/2025,64.30000305
02/12/2025,64.30000305
02/12/2025,64.30000305
02/12/2025,64.30000305
02/12/2025,64.30000305
02/12/2025,64.30000305
02/12/2025,64.30000305
02/12/2025,64.30000305
02/12/2025,64.30000305
02/12/2025,64.30000305
02/12/2025,64.30000305
02/12/2025,64.30000305
02/12/2025,64.30000305
02/12/2025,64.30000305
02/12/2025,64.30000305
02/12/2025,64.30000305
02/12/2025,64.30000305
02/12/2025,64.30000305
02/12/2025,64.30000305
02/12/2025,64.19999695
02/12/2025,64.30000305
02/12/2025,64.30000305
02/12/2025,64.19999695
02/12/2025,64.19999695
02/12/2025,64.19999695
02/12/2025,64.19999695
02/12/2025,64.19999695
02/12/2025,64.19999695
02/12/2025,64.19999695
02/12/2025,64.19999695
02/12/2025,64.19999695
02/12/2025,64.19999695
02/12/2025,64.19999695
02/12/2025,64.19999695
02/12/2025,64.19999695
02/12/2025,64.19999695
02/12/2025,64.19999695
02/12/2025,64.19999695
02/12/2025,64.19999695
02/12/2025,64.19999695
02/12/2025,64.19999695
02/12/2025,64.19999695
02/12/2025,64.19999695
02/12/2025,64.19999695
02/12/2025,64.19999695
02/12/2025,64.19999695
02/12/2025,64.19999695
02/12/2025,64.19999695
02/12/2025,64.19999695
02/12/2025,64.19999695
02/12/2025,64.19999695
02/12/2025,64.09999847
02/12/2025,64.19999695
02/12/2025,64.19999695
02/12/2025,64.19999695
02/12/2025,64.19999695
02/12/2025,64.19999695
02/12/2025,64.19999695
02/12/2025,64.19999695
02/12/2025,64.19999695
02/12/2025,64.19999695
02/12/2025,64.19999695
02/12/2025,64.19999695
02/12/2025,64.09999847
02/12/2025,64.19999695
02/12/2025,64.19999695
02/12/2025,64.19999695
02/12/2025,64
02/12/2025,64
02/12/2025,64.19999695
02/12/2025,64.19999695
02/12/2025,64.19999695
02/12/2025,64.19999695
02/12/2025,64.09999847
02/12/2025,64.19999695
02/12/2025,64.19999695
02/12/2025,64.19999695
02/12/2025,64.19999695
02/12/2025,64.19999695
02/12/2025,64.19999695
02/12/2025,64.09999847
02/12/2025,64.19999695
02/12/2025,64.19999695
02/12/2025,64.09999847
02/12/2025,64.09999847
02/12/2025,64
02/12/2025,64.19999695
02/12/2025,64.19999695
02/12/2025,64.19999695
02/12/2025,64
02/12/2025,64.09999847
02/12/2025,64.09999847
02/12/2025,64.09999847
02/12/2025,64.09999847
02/12/2025,64.19999695
02/12/2025,64.19999695
02/12/2025,64.19999695
02/12/2025,64.19999695
02/12/2025,64.19999695
02/12/2025,64.19999695
02/12/2025,64.19999695
02/12/2025,64.09999847
02/12/2025,64.19999695
02/12/2025,64.19999695
02/12/2025,64.19999695
02/12/2025,64.19999695
02/12/2025,64.19999695
02/12/2025,64.19999695
02/12/2025,64.19999695
02/12/2025,64.09999847
02/12/2025,64.09999847
02/12/2025,64.19999695
02/12/2025,64.09999847
02/12/2025,64.19999695
02/12/2025,64.19999695
02/12/2025,64.09999847
02/12/2025,64.19999695
02/12/2025,64.09999847
02/12/2025,64.09999847
02/12/2025,64.19999695
02/12/2025,64.19999695
02/12/2025,64.19999695
02/12/2025,64.19999695
02/12/2025,64.19999695
02/12/2025,64.19999695
02/12/2025,64.19999695
02/12/2025,64.19999695
02/12/2025,64.19999695
02/12/2025,64.19999695
02/12/2025,64.19999695
02/12/2025,64.19999695
02/12/2025,64.19999695
02/12/2025,64.19999695
02/12/2025,64.19999695
02/12/2025,64.19999695
02/12/2025,64.19999695
02/12/2025,64.19999695
02/12/2025,64.19999695
02/12/2025,64.19999695
02/12/2025,64.19999695
02/12/2025,64.19999695
02/12/2025,64
02/12/2025,63.70000076
02/12/2025,63.29999924
02/12/2025,62.70000076
02/12/2025,62.09999847
02/12/2025,61.79999924
02/12/2025,61.40000153
02/12/2025,61.20000076
02/12/2025,61.09999847
02/12/2025,60.59999847
02/12/2025,60.40000153
02/12/2025,60.09999847
02/12/2025,60
02/12/2025,59.79999924
02/12/2025,59.70000076
02/12/2025,59.70000076
02/12/2025,59.70000076
02/12/2025,60
02/12/2025,60.40000153
02/12/2025,61.5
02/12/2025,62.29999924
02/12/2025,62.90000153
02/12/2025,62.90000153
02/12/2025,62.40000153
02/12/2025,61.79999924
02/12/2025,61.40000153
02/12/2025,61.20000076
02/12/2025,61
02/12/2025,61.09999847
02/12/2025,61
02/12/2025,60.90000153
02/12/2025,60.70000076
02/12/2025,60.59999847
02/12/2025,60.5
02/12/2025,60.29999924
02/12/2025,60.29999924
02/12/2025,60.40000153
02/12/2025,60.29999924
02/12/2025,60.29999924
02/12/2025,60.40000153
02/12/2025,60.40000153
02/12/2025,60.40000153
02/12/2025,60.5
02/12/2025,60.5
02/12/2025,60.20000076
02/12/2025,60.09999847
02/12/2025,60.09999847
02/12/2025,60.20000076
02/12/2025,60.29999924
02/12/2025,60.29999924
02/12/2025,60.09999847
02/12/2025,60
02/12/2025,59.90000153
02/12/2025,59.90000153
02/12/2025,60.09999847
02/12/2025,60.09999847
02/12/2025,59.90000153
02/12/2025,59.79999924
02/12/2025,59.79999924
02/12/2025,59.90000153
02/12/2025,60.20000076
02/12/2025,60.20000076
02/12/2025,59.90000153
02/12/2025,59.70000076
02/12/2025,59.59999847
02/12/2025,59.79999924
02/12/2025,60
02/12/2025,59.79999924
02/12/2025,59.70000076
02/12/2025,59.59999847
02/12/2025,59.90000153
02/12/2025,60.40000153
02/12/2025,60.5
02/12/2025,60.29999924
02/12/2025,59.90000153
02/12/2025,59.70000076
02/12/2025,59.70000076
02/12/2025,59.90000153
02/12/2025,59.90000153
02/12/2025,59.79999924
02/12/2025,59.70000076
02/12/2025,59.79999924
02/12/2025,60
02/12/2025,60.09999847
02/12/2025,60
02/12/2025,59.79999924
02/12/2025,59.5
02/12/2025,59.70000076
02/12/2025,60
02/12/2025,59.90000153
02/12/2025,59.70000076
02/12/2025,59.5
02/12/2025,59.5
02/12/2025,59.90000153
02/12/2025,60.09999847
02/12/2025,59.90000153
02/12/2025,59.70000076
02/12/2025,59.5
02/12/2025,59.29999924
02/12/2025,59.70000076
02/12/2025,59.79999924
02/12/2025,59.70000076
02/12/2025,59.5
02/12/2025,59.5
02/12/2025,59.90000153
02/12/2025,60.40000153
02/12/2025,60.09999847
02/12/2025,59.79999924
02/12/2025,59.59999847
02/12/2025,59.59999847
02/12/2025,59.79999924
02/12/2025,60.20000076
02/12/2025,60.09999847
02/12/2025,59.70000076
02/12/2025,59.5
02/12/2025,59.20000076
02/12/2025,59.29999924
02/12/2025,59.70000076
02/12/2025,59.70000076
02/12/2025,59.70000076
02/12/2025,59.59999847
02/12/2025,59.70000076
02/12/2025,59.90000153
02/12/2025,59.70000076
02/12/2025,59.59999847
02/12/2025,59.70000076
02/12/2025,59.70000076
02/12/2025,60
02/12/2025,60.29999924
02/12/2025,60.20000076
02/12/2025,59.90000153
02/12/2025,59.59999847
02/12/2025,59.5
02/12/2025,59.5
02/12/2025,59.90000153
02/12/2025,59.90000153
02/12/2025,59.70000076
02/12/2025,59.79999924
02/12/2025,60.09999847
02/12/2025,60.29999924
02/12/2025,60.09999847
02/12/2025,59.59999847
02/12/2025,59.40000153
02/12/2025,59.5
02/12/2025,59.79999924
02/12/2025,60.5
02/12/2025,60.59999847
02/12/2025,60.5
02/12/2025,60.09999847
02/12/2025,59.90000153
02/12/2025,59.70000076
02/12/2025,59.79999924
02/12/2025,59.70000076
02/12/2025,59.59999847
02/12/2025,59.70000076
02/12/2025,60.20000076
02/12/2025,60.90000153
02/12/2025,60.5
02/12/2025,60.09999847
02/12/2025,59.70000076
02/12/2025,59.5
02/12/2025,59.70000076
02/12/2025,60.20000076
02/12/2025,60.90000153
02/12/2025,61
02/12/2025,60.59999847
02/12/2025,60.40000153
02/12/2025,60.09999847
02/12/2025,60.20000076
02/12/2025,60.29999924
02/12/2025,60.09999847
02/12/2025,60
02/12/2025,59.90000153
02/12/2025,60.20000076
02/12/2025,60.5
02/12/2025,60.29999924
02/12/2025,60.20000076
02/12/2025,60.09999847
02/12/2025,60.09999847
02/12/2025,60.70000076
02/12/2025,60.59999847
02/12/2025,60.40000153
02/12/2025,60.09999847
02/12/2025,60.09999847
02/12/2025,60.09999847
02/12/2025,60.5
02/12/2025,60.59999847
02/12/2025,60.5
02/12/2025,60.40000153
02/12/2025,60.09999847
02/12/2025,60.09999847
02/12/2025,60.40000153
02/12/2025,60.40000153
02/12/2025,60.29999924
02/12/2025,60.09999847
02/12/2025,60.20000076
02/12/2025,60.59999847
02/12/2025,60.70000076
02/12/2025,60.5
02/12/2025,60.40000153
02/12/2025,60.29999924
02/12/2025,60.29999924
02/12/2025,60.70000076
02/12/2025,60.79999924
02/12/2025,60.59999847
02/12/2025,60.5
02/12/2025,60.29999924
02/12/2025,60.29999924
02/12/2025,60.59999847
02/12/2025,60.70000076
02/12/2025,60.59999847
02/12/2025,60.40000153
02/12/2025,60.29999924
02/12/2025,60.40000153
02/12/2025,61
02/12/2025,60.90000153
02/12/2025,60.59999847
02/12/2025,60.29999924
02/12/2025,60.20000076
02/12/2025,60.5
02/12/2025,60.90000153
02/12/2025,60.59999847
02/12/2025,60.5
02/12/2025,60.29999924
02/12/2025,60.29999924
02/12/2025,60.5
02/12/2025,60.90000153
02/12/2025,60.59999847
02/12/2025,60.59999847
02/12/2025,60.40000153
02/12/2025,60.29999924
02/12/2025,60.59999847
02/12/2025,60.79999924
02/12/2025,60.79999924
02/12/2025,60.59999847
02/12/2025,60.40000153
02/12/2025,60.5
02/12/2025,61
02/12/2025,60.90000153
02/12/2025,60.59999847
02/12/2025,60.5
02/12/2025,60.5
02/12/2025,60.59999847
02/12/2025,61
02/12/2025,61.09999847
02/12/2025,60.90000153
02/12/2025,60.59999847
02/12/2025,60.5
02/12/2025,60.5
02/12/2025,60.79999924
02/12/2025,60.79999924
02/12/2025,60.59999847
02/12/2025,60.5
02/12/2025,60.5
02/12/2025,61
02/12/2025,61.20000076
02/12/2025,61
02/12/2025,60.70000076
02/12/2025,60.5
02/12/2025,60.5
02/12/2025,60.90000153
02/12/2025,61
02/12/2025,60.79999924
02/12/2025,60.59999847
02/12/2025,60.59999847
02/12/2025,60.59999847
02/12/2025,60.70000076
02/12/2025,61
02/12/2025,61
02/12/2025,60.79999924
02/12/2025,60.59999847
02/12/2025,60.59999847
02/12/2025,61.20000076
02/12/2025,61.09999847
02/12/2025,60.90000153
02/12/2025,60.59999847
02/12/2025,60.59999847
02/12/2025,60.59999847
02/12/2025,61.40000153
02/12/2025,61.20000076
02/12/2025,60.90000153
02/12/2025,60.59999847
02/12/2025,60.59999847
