Filename,POINTNAME,Type,DATE,TIME,Average,Median,Mode,Maximum,Minimum,DEVICE,MODE,Par.Record,Meas. Point No.,Outer Diameter,Wall Thickness,Roughness,Pipe Material,Lining,Medium,Medium Temperat.,Transducer Type,Sound Path,Transd. Distance,Damping,Full-Scale Val.,Current Loop,Physic. Quant.,Numb.Of Meas.Val,c-Material,Kinem.Viscosity,Density,Storage Rate
251013_0000_8100_Type3.csv,8100,Type3,251013,0,39.4083,177.3844,-217.083,207.9367,-217.083,,,,,,,,,,,,,,,,,,,,,,,
251013_0841_8100_Type3.csv,8100,Type3,251013,841,39.4083,177.3844,-217.083,207.9367,-217.083,,,,,,,,,,,,,,,,,,,,,,,
251013_0900_8100_Type3.csv,8100,Type3,251013,900,198.3582,201.7633,206.4895,229.64,175.4053,,,,,,,,,,,,,,,,,,,,,,,
251013_1020_8100_Type3.csv,8100,Type3,251013,1020,195.8635,203.1499,179.5923,218.2812,176.0435,,,,,,,,,,,,,,,,,,,,,,,
251014_0000_8105_Type3.csv,8105,Type3,251014,0,212.3385,212.4025,192.8133,215.4395,192.8133,,,,,,,,,,,,,,,,,,,,,,,
251014_0000_8107_Type3.csv,8107,Type3,251014,0,190.6506,190.6722,189.2163,193.0444,188.7809,,,,,,,,,,,,,,,,,,,,,,,
251014_0000_8109_Type3.csv,8109,Type3,251014,0,169.6704,169.707,172.1323,172.1323,167.1149,,,,,,,,,,,,,,,,,,,,,,,
251014_1048_8109_Type3.csv,8109,Type3,251014,1048,169.6704,169.707,172.1323,172.1323,167.1149,,,,,,,,,,,,,,,,,,,,,,,
251014_1215_8105_Type3.csv,8105,Type3,251014,1215,212.3385,212.4025,192.8133,215.4395,192.8133,,,,,,,,,,,,,,,,,,,,,,,
251014_1308_8105_Type3.csv,8105,Type3,251014,1308,190.6506,190.6722,189.2163,193.0444,188.7809,,,,,,,,,,,,,,,,,,,,,,,
251015_0902_8109_Type3.csv,8109,Type3,251015,902,149.124,148.5811,167.8621,167.8621,144.7864,,,,,,,,,,,,,,,,,,,,,,,
251015_0910_8109_Type3.csv,8109,Type3,251015,910,133.8838,133.4405,132.8513,137.8774,131.393,,,,,,,,,,,,,,,,,,,,,,,
251015_0916_8105_Type3.csv,8105,Type3,251015,916,206.845,207.6122,191.966,208.4026,191.966,,,,,,,,,,,,,,,,,,,,,,,
251015_0917_8105_Type3.csv,8105,Type3,251015,917,206.845,207.6122,191.966,208.4026,191.966,,,,,,,,,,,,,,,,,,,,,,,
251015_0922_8105_Type3.csv,8105,Type3,251015,922,208.0794,207.0045,206.0788,222.8262,199.8048,,,,,,,,,,,,,,,,,,,,,,,
251015_0922_8107_Type3.csv,8107,Type3,251015,922,208.0794,207.0045,206.0788,222.8262,199.8048,,,,,,,,,,,,,,,,,,,,,,,
251015_0931_8106_Type3.csv,8106,Type3,251015,931,181.0284,177.7214,176.4581,228.1613,174.4664,,,,,,,,,,,,,,,,,,,,,,,
251015_0939_8108_Type3.csv,8108,Type3,251015,939,225.5647,226.6826,223.5761,229.0247,203.7913,,,,,,,,,,,,,,,,,,,,,,,
251015_0945_8104_Type3.csv,8104,Type3,251015,945,204.6783,204.8325,199.1795,206.3792,199.1795,,,,,,,,,,,,,,,,,,,,,,,
251015_1000_8109_Type3.csv,8109,Type3,251015,1000,167.988,167.1863,164.92,174.7654,164.6731,,,,,,,,,,,,,,,,,,,,,,,
251015_1002_8109_Type3.csv,8109,Type3,251015,1002,167.988,167.1863,164.92,174.7654,164.6731,,,,,,,,,,,,,,,,,,,,,,,
251015_1005_8109_Type3.csv,8109,Type3,251015,1005,145.3224,147.3709,156.0026,156.0026,133.0313,,,,,,,,,,,,,,,,,,,,,,,
251015_1012_8105_Type3.csv,8105,Type3,251015,1012,196.3431,197.2427,185.1364,201.3797,185.1364,,,,,,,,,,,,,,,,,,,,,,,
251015_1019_8105_Type3.csv,8105,Type3,251015,1019,193.145,193.3267,188.6316,194.6588,188.6316,,,,,,,,,,,,,,,,,,,,,,,
251015_1021_8100_Type3.csv,8100,Type3,251015,1021,195.8404,182.3713,176.9437,231.566,176.9437,,,,,,,,,,,,,,,,,,,,,,,
251015_1021_8106_Type3.csv,8106,Type3,251015,1021,178.9195,179.0317,176.9437,179.4667,176.9437,,,,,,,,,,,,,,,,,,,,,,,
251015_1021_8107_Type3.csv,8107,Type3,251015,1021,193.145,193.3267,188.6316,194.6588,188.6316,,,,,,,,,,,,,,,,,,,,,,,
251015_1026_8100_Type3.csv,8100,Type3,251015,1026,195.8404,182.3713,176.9437,231.566,176.9437,,,,,,,,,,,,,,,,,,,,,,,
251015_1026_8106_Type3.csv,8106,Type3,251015,1026,178.9195,179.0317,176.9437,179.4667,176.9437,,,,,,,,,,,,,,,,,,,,,,,
251015_1029_8108_Type3.csv,8108,Type3,251015,1029,225.1409,227.7597,220.1913,231.566,215.0438,,,,,,,,,,,,,,,,,,,,,,,
251015_1030_8108_Type3.csv,8108,Type3,251015,1030,225.1409,227.7597,220.1913,231.566,215.0438,,,,,,,,,,,,,,,,,,,,,,,
251015_1033_8104_Type3.csv,8104,Type3,251015,1033,182.2221,182.2677,180.2986,183.1016,180.2986,,,,,,,,,,,,,,,,,,,,,,,
251127_1243_00.01_Type4.csv,0.01,Type4,251127,1243,743.261,742.5244,754.5804,758.3471,726.1113,,,,,,,,,,,,,,,,,,,,,,,
251127_1244_00.01_Type6.csv,0.01,Type6,251127,1244,779.8918,780.6645,787.6712,794.0103,763.7581,,,,,,,,,,,,,,,,,,,,,,,
251127_1311_8105_Type6.csv,8105,Type6,251127,1311,245.7269,251.0252,251.9445,254.1322,237.7607,,,,,,,,,,,,,,,,,,,,,,,
251127_1311_8107_Type6.csv,8107,Type6,251127,1311,245.7269,251.0252,251.9445,254.1322,237.7607,,,,,,,,,,,,,,,,,,,,,,,
251127_1314_8105_Type6.csv,8105,Type6,251127,1314,233.7418,234.0908,234.1284,236.1334,231.1802,,,,,,,,,,,,,,,,,,,,,,,
251127_1314_8107_Type6.csv,8107,Type6,251127,1314,233.7418,234.0908,234.1284,236.1334,231.1802,,,,,,,,,,,,,,,,,,,,,,,
251127_1315_8106_Type6.csv,8106,Type6,251127,1315,233.1697,232.8639,235.2527,235.2527,231.4889,,,,,,,,,,,,,,,,,,,,,,,
251127_1316_8108_Type6.csv,8108,Type6,251127,1316,268.9148,268.887,272.4672,273.326,264.0399,,,,,,,,,,,,,,,,,,,,,,,
251127_1329_573-03_Type6.csv,573-03,Type6,251127,1329,179.0888,179.1968,181.984,187.1238,168.0466,,,,,,,,,,,,,,,,,,,,,,,
251127_1330_573-03_Type4.csv,573-03,Type4,251127,1330,0.7072,0.7064,0.7631,0.788,0.607,,,,,,,,,,,,,,,,,,,,,,,
251201_0000_3906_Type4.csv,3906,Type4,251201,0,137.6298,137.2852,138.3889,140.3984,136.0959,,,,,,,,,,,,,,,,,,,,,,,
251201_0000_573-03_Type4.csv,573-03,Type4,251201,0,0.5243,0.5107,0.4137,1.197,0.0467,,,,,,,,,,,,,,,,,,,,,,,
251201_0229_3906_Type4.csv,3906,Type4,251201,229,-132.0202,-132.0794,-132.0293,-130.5056,-133.4545,,,,,,,,,,,,,,,,,,,,,,,
251201_0230_3906_Type4.csv,3906,Type4,251201,230,139.0182,137.6919,141.1548,157.0198,134.0154,,,,,,,,,,,,,,,,,,,,,,,
251201_0233_3900.03_Type4.csv,3900.03,Type4,251201,233,206.7063,207.5949,211.2499,211.2499,201.499,,,,,,,,,,,,,,,,,,,,,,,
251201_0234_3900.03_Type4.csv,3900.03,Type4,251201,234,204.1456,205.7011,193.2564,207.321,193.2564,,,,,,,,,,,,,,,,,,,,,,,
251201_1200_31006_Type4.csv,31006,Type4,251201,1200,44.8019,44.6911,47.0343,47.4406,41.9202,,,,,,,,,,,,,,,,,,,,,,,
251201_1416_31006_Type4.csv,31006,Type4,251201,1416,44.8019,44.6911,47.0343,47.4406,41.9202,,,,,,,,,,,,,,,,,,,,,,,
251201_1418_3906_Type4.csv,3906,Type4,251201,1418,137.6298,137.2852,138.3889,140.3984,136.0959,,,,,,,,,,,,,,,,,,,,,,,
251201_1429_3906_Type4.csv,3906,Type4,251201,1429,-132.0202,-132.0794,-132.0293,-130.5056,-133.4545,,,,,,,,,,,,,,,,,,,,,,,
251201_1430_3906_Type4.csv,3906,Type4,251201,1430,139.0182,137.6919,141.1548,157.0198,134.0154,,,,,,,,,,,,,,,,,,,,,,,
251201_1433_3900.03_Type4.csv,3900.03,Type4,251201,1433,206.7063,207.5949,211.2499,211.2499,201.499,,,,,,,,,,,,,,,,,,,,,,,
251201_1434_3900.03_Type4.csv,3900.03,Type4,251201,1434,204.1456,205.7011,193.2564,207.321,193.2564,,,,,,,,,,,,,,,,,,,,,,,
251201_1552_573-03_Type4.csv,573-03,Type4,251201,1552,0.5243,0.5107,0.4137,1.197,0.0467,,,,,,,,,,,,,,,,,,,,,,,
251202_0951_3906_Type4.csv,3906,Type4,251202,951,137.1884,137.5445,136.5874,139.8401,133.7689,,,,,,,,,,,,,,,,,,,,,,,
251202_0955_3906_Type4.csv,3906,Type4,251202,955,-137.6675,-137.7919,-138.8812,-134.8639,-139.6957,,,,,,,,,,,,,,,,,,,,,,,
251202_0956_3906_Type4.csv,3906,Type4,251202,956,140.4105,140.5389,137.2721,141.9929,137.2721,,,,,,,,,,,,,,,,,,,,,,,
251202_1000_31006_Type4.csv,31006,Type4,251202,1000,46.4031,46.0385,43.6404,52.2411,40.4549,,,,,,,,,,,,,,,,,,,,,,,
251202_1003_31006_Type4.csv,31006,Type4,251202,1003,47.4822,47.4134,47.7799,54.4614,44.5151,,,,,,,,,,,,,,,,,,,,,,,
251202_1006_3900.03_Type4.csv,3900.03,Type4,251202,1006,212.7363,213.4371,207.585,216.4713,204.111,,,,,,,,,,,,,,,,,,,,,,,
251202_1008_3900.03_Type4.csv,3900.03,Type4,251202,1008,210.8905,211.1329,208.0971,214.2461,205.1625,,,,,,,,,,,,,,,,,,,,,,,
251202_1021_3900.03_Type4.csv,3900.03,Type4,251202,1021,138.4253,140.0658,139.1633,147.712,125.6828,,,,,,,,,,,,,,,,,,,,,,,
251202_1024_3900.03_Type4.csv,3900.03,Type4,251202,1024,88.2805,138.4854,139.4121,144.1958,-16.5699,,,,,,,,,,,,,,,,,,,,,,,
251202_1027_3906_Type4.csv,3906,Type4,251202,1027,133.8419,134.4159,121.6206,141.2605,118.9502,,,,,,,,,,,,,,,,,,,,,,,
251202_1030_3906_Type4.csv,3906,Type4,251202,1030,138.6413,138.3852,138.3343,143.2378,136.1813,,,,,,,,,,,,,,,,,,,,,,,
251202_1033_3906_Type4.csv,3906,Type4,251202,1033,42.3249,45.3515,43.2317,49.6133,17.0118,,,,,,,,,,,,,,,,,,,,,,,
251202_1037_3906_Type4.csv,3906,Type4,251202,1037,49.0952,49.1065,55.7843,55.7843,44.5118,,,,,,,,,,,,,,,,,,,,,,,
251202_1039_3900.03_Type4.csv,3900.03,Type4,251202,1039,176.054,192.3676,148.1935,237.1059,143.0449,,,,,,,,,,,,,,,,,,,,,,,
251202_1050_3900.01_Type4.csv,3900.01,Type4,251202,1050,101.131,140.0767,0,165.9977,0,,,,,,,,,,,,,,,,,,,,,,,
251202_1050_3900.03_Type4.csv,3900.03,Type4,251202,1050,101.131,140.0767,0,165.9977,0,,,,,,,,,,,,,,,,,,,,,,,
251202_1101_3900.01_Type4.csv,3900.01,Type4,251202,1101,162.343,213.8185,0,219.0557,0,,,,,,,,,,,,,,,,,,,,,,,
251202_1101_3900.03_Type4.csv,3900.03,Type4,251202,1101,162.343,213.8185,0,219.0557,0,,,,,,,,,,,,,,,,,,,,,,,
251203_1131_8105_Type4.csv,8105,Type4,251203,1131,235.4245,233.1445,236.0883,273.353,222.2875,,,,,,,,,,,,,,,,,,,,,,,
251203_1131_8107_Type4.csv,8107,Type4,251203,1131,235.4245,233.1445,236.0883,273.353,222.2875,,,,,,,,,,,,,,,,,,,,,,,
251203_1136_8106_Type4.csv,8106,Type4,251203,1136,223.0856,223.1658,223.3002,227.1071,217.7686,,,,,,,,,,,,,,,,,,,,,,,
251203_1138_8108_Type4.csv,8108,Type4,251203,1138,238.1415,236.1904,238.8724,250.1569,228.9922,,,,,,,,,,,,,,,,,,,,,,,
251203_1142_8104_Type4.csv,8104,Type4,251203,1142,226.0253,226.1042,235.5579,237.7816,217.5198,,,,,,,,,,,,,,,,,,,,,,,
251204_0000_573-01_Type4.csv,573-01,Type4,251204,0,0.2237,0.2245,0.2252,0.2305,0.2149,,,,,,,,,,,,,,,,,,,,,,,
251204_0118_3800.01_Type4.csv,3800.01,Type4,251204,118,45.9859,46.043,44.4013,47.5453,44.4013,,,,,,,,,,,,,,,,,,,,,,,
251204_0119_3800.01_Type4.csv,3800.01,Type4,251204,119,47.1407,47.0866,48.8496,48.8496,46.0511,,,,,,,,,,,,,,,,,,,,,,,
251204_0121_3800.01_Type4.csv,3800.01,Type4,251204,121,45.8757,45.7678,46.9405,48.849,42.6055,,,,,,,,,,,,,,,,,,,,,,,
251204_1318_3800.01_Type4.csv,3800.01,Type4,251204,1318,45.9859,46.043,44.4013,47.5453,44.4013,,,,,,,,,,,,,,,,,,,,,,,
251204_1319_3800.01_Type4.csv,3800.01,Type4,251204,1319,47.1407,47.0866,48.8496,48.8496,46.0511,,,,,,,,,,,,,,,,,,,,,,,
251204_1321_3800.01_Type4.csv,3800.01,Type4,251204,1321,45.8757,45.7678,46.9405,48.849,42.6055,,,,,,,,,,,,,,,,,,,,,,,
251204_1414_573-01_Type4.csv,573-01,Type4,251204,1414,0.2237,0.2245,0.2252,0.2305,0.2149,,,,,,,,,,,,,,,,,,,,,,,
251205_0000_573-01_Type4.csv,573-01,Type4,251205,0,0.177,0.1778,0.2063,0.2374,0.0818,,,,,,,,,,,,,,,,,,,,,,,
251205_0445_573-01_Type4.csv,573-01,Type4,251205,445,0.177,0.1778,0.2063,0.2374,0.0818,,,,,,,,,,,,,,,,,,,,,,,
251209_0000_8104_Type4.csv,8104,Type4,251209,0,164.5843,165.146,156.2572,174.1642,150.2502,,,,,,,,,,,,,,,,,,,,,,,
251209_0000_8105_Type4.csv,8105,Type4,251209,0,158.2284,157.3288,152.737,169.0709,150.0909,,,,,,,,,,,,,,,,,,,,,,,
251209_0000_8106_Type4.csv,8106,Type4,251209,0,148.043,148.0919,147.97,149.328,144.9094,,,,,,,,,,,,,,,,,,,,,,,
251209_0000_8108_Type4.csv,8108,Type4,251209,0,233.2296,230.1225,251.8936,254.2132,213.9627,,,,,,,,,,,,,,,,,,,,,,,
251209_1035_3100.01_Type4.csv,3100.01,Type4,251209,1035,119.9628,121.6648,125.4524,129.9585,106.0969,,,,,,,,,,,,,,,,,,,,,,,
251209_1038_3100.01_Type4.csv,3100.01,Type4,251209,1038,119.9628,121.6648,125.4524,129.9585,106.0969,,,,,,,,,,,,,,,,,,,,,,,
251209_1042_3100.01_Type4.csv,3100.01,Type4,251209,1042,102.7912,101.7257,101.1604,110.6468,96.8277,,,,,,,,,,,,,,,,,,,,,,,
251209_1105_3100.03_Type4.csv,3100.03,Type4,251209,1105,89.6111,89.6025,93.2394,97.1287,86.1313,,,,,,,,,,,,,,,,,,,,,,,
251209_1223_3100.01_Type4.csv,3100.01,Type4,251209,1223,-100.1567,-99.6696,-105.7347,-93.9949,-108.2261,,,,,,,,,,,,,,,,,,,,,,,
251209_1224_3100.01_Type4.csv,3100.01,Type4,251209,1224,123.7802,125.6752,104.4005,130.745,104.4005,,,,,,,,,,,,,,,,,,,,,,,
251209_1231_3100.03_Type4.csv,3100.03,Type4,251209,1231,-82.5671,-82.8892,-75.6529,-75.6529,-86.5087,,,,,,,,,,,,,,,,,,,,,,,
251209_1235_3100.03_Type4.csv,3100.03,Type4,251209,1235,-95.4363,-95.3129,-97.0169,-91.9645,-101.1653,,,,,,,,,,,,,,,,,,,,,,,
251209_1236_3100.03_Type4.csv,3100.03,Type4,251209,1236,100.1067,97.5567,111.5766,112.0152,90.731,,,,,,,,,,,,,,,,,,,,,,,
251209_1238_3100.03_Type4.csv,3100.03,Type4,251209,1238,-92.2793,-94.056,-82.0471,-70.7435,-109.5697,,,,,,,,,,,,,,,,,,,,,,,
251209_1240_3100.03_Type4.csv,3100.03,Type4,251209,1240,92.2315,92.808,84.1907,98.2375,84.1907,,,,,,,,,,,,,,,,,,,,,,,
251209_1253_3150_Type4.csv,3150,Type4,251209,1253,28.1549,28.4456,27.1426,32.3309,20.8983,,,,,,,,,,,,,,,,,,,,,,,
251209_1255_3150_Type4.csv,3150,Type4,251209,1255,4.0161,0.9253,0,29.9628,-0.6104,,,,,,,,,,,,,,,,,,,,,,,
251209_1302_3150_Type4.csv,3150,Type4,251209,1302,5.8537,0.3698,0,25.6525,-1.0488,,,,,,,,,,,,,,,,,,,,,,,
251209_1315_3100.03_Type4.csv,3100.03,Type4,251209,1315,-94.1551,-93.8221,-97.936,-90.7048,-97.936,,,,,,,,,,,,,,,,,,,,,,,
251209_1317_3100.03_Type4.csv,3100.03,Type4,251209,1317,101.9774,101.7672,101.1407,105.5864,99.8609,,,,,,,,,,,,,,,,,,,,,,,
251209_1320_3102_Type4.csv,3102,Type4,251209,1320,-22.0097,-22.061,-22.4071,-21.0711,-23.1435,,,,,,,,,,,,,,,,,,,,,,,
251209_1321_3102_Type4.csv,3102,Type4,251209,1321,23.7652,23.8369,22.9627,25.3155,18.6356,,,,,,,,,,,,,,,,,,,,,,,
251209_1331_8105_Type4.csv,8105,Type4,251209,1331,158.2284,157.3288,152.737,169.0709,150.0909,,,,,,,,,,,,,,,,,,,,,,,
251209_1335_8106_Type4.csv,8106,Type4,251209,1335,148.043,148.0919,147.97,149.328,144.9094,,,,,,,,,,,,,,,,,,,,,,,
251209_1337_8104_Type4.csv,8104,Type4,251209,1337,164.5843,165.146,156.2572,174.1642,150.2502,,,,,,,,,,,,,,,,,,,,,,,
251209_1341_8108_Type4.csv,8108,Type4,251209,1341,233.2296,230.1225,251.8936,254.2132,213.9627,,,,,,,,,,,,,,,,,,,,,,,
251209_1343_8106_Type4.csv,8106,Type4,251209,1343,211.3131,211.6835,208.5028,213.1789,207.5647,,,,,,,,,,,,,,,,,,,,,,,
251209_1348_8104_Type4.csv,8104,Type4,251209,1348,225.5734,219.7461,221.0525,278.5423,214.2227,,,,,,,,,,,,,,,,,,,,,,,
251209_1352_8105_Type4.csv,8105,Type4,251209,1352,226.301,224.8008,230.6607,233.2564,221.6508,,,,,,,,,,,,,,,,,,,,,,,
251209_1356_8105_Type4.csv,8105,Type4,251209,1356,224.8084,225.7322,220.5035,227.6926,215.7998,,,,,,,,,,,,,,,,,,,,,,,
251211_0000_573-04_Type5.csv,573-04,Type5,251211,0,-0.0106,-0.0108,-0.0096,-0.0089,-0.0113,,,,,,,,,,,,,,,,,,,,,,,
260108_1119_3806_Type6.csv,3806,Type6,260108,1119,32.899,32.8597,32.8283,33.4432,32.2124,,,,,,,,,,,,,,,,,,,,,,,
260108_1124_3801_Type6.csv,3801,Type6,260108,1124,10.1776,10.2229,10.2634,10.512,9.879,,,,,,,,,,,,,,,,,,,,,,,
260205_0000_573-03_Type4.csv,573-03,Type4,260205,0,0.5217,0.4931,0.3574,1.2704,0.0162,,,,,,,,,,,,,,,,,,,,,,,
260205_1314_573-03_Type4.csv,573-03,Type4,260205,1314,0.5217,0.4931,0.3574,1.2704,0.0162,,,,,,,,,,,,,,,,,,,,,,,
260206_1423_3800.01_Type6.csv,3800.01,Type6,260206,1423,49.4224,48.0193,46.3998,56.752,44.4953,,,,,,,,,,,,,,,,,,,,,,,
260206_1553_3900.02_Type6.csv,3900.02,Type6,260206,1553,205.212,220.3973,232.1347,248.088,118.4052,,,,,,,,,,,,,,,,,,,,,,,
260206_1616_3900.02_Type6.csv,3900.02,Type6,260206,1616,176.0099,200.8039,218.8553,218.8553,112.1481,,,,,,,,,,,,,,,,,,,,,,,
260206_1626_3900.02_Type6.csv,3900.02,Type6,260206,1626,176.0099,200.8039,218.8553,218.8553,112.1481,,,,,,,,,,,,,,,,,,,,,,,
260206_1640_3906_Type6.csv,3906,Type6,260206,1640,109.5804,134.7531,79.5026,145.4837,27.5304,,,,,,,,,,,,,,,,,,,,,,,
260206_1654_3906_Type6.csv,3906,Type6,260206,1654,109.5804,134.7531,79.5026,145.4837,27.5304,,,,,,,,,,,,,,,,,,,,,,,
260219_0000_573-07_Type6.csv,573-07,Type6,260219,0,15.2698,0,0,353.1713,-6.2465,,,,,,,,,,,,,,,,,,,,,,,
260219_1123_573-07_Type6.csv,573-07,Type6,260219,1123,15.2698,0,0,353.1713,-6.2465,,,,,,,,,,,,,,,,,,,,,,,
260219_1448_573-07_Type6.csv,573-07,Type6,260219,1448,106.7559,13.3913,0,449.5158,-15.4924,,,,,,,,,,,,,,,,,,,,,,,
260223_0000_573-07_Type6.csv,573-07,Type6,260223,0,266.136,265.6239,287.0629,319.7967,160.299,,,,,,,,,,,,,,,,,,,,,,,
260223_0753_573-07_Type6.csv,573-07,Type6,260223,753,266.136,265.6239,287.0629,319.7967,160.299,,,,,,,,,,,,,,,,,,,,,,,
260224_0000_573-07_Type6.csv,573-07,Type6,260224,0,225.5593,226.8426,112.6717,300.9245,112.6717,,,,,,,,,,,,,,,,,,,,,,,
260224_1349_573-07_Type6.csv,573-07,Type6,260224,1349,225.5593,226.8426,112.6717,300.9245,112.6717,,,,,,,,,,,,,,,,,,,,,,,
260225_1406_573-07_Type6.csv,573-07,Type6,260225,1406,257.2519,259.0893,199.8139,334.4791,-10.4786,,,,,,,,,,,,,,,,,,,,,,,
260309_1030_573-08_Type6.csv,573-08,Type6,260309,1030,2.6218,2.353,0.3705,11.1313,-3.7557,,,,,,,,,,,,,,,,,,,,,,,
260309_1333_573-08_Type6.csv,573-08,Type6,260309,1333,3.3749,3.5702,0.1981,12.4028,-2.2839,,,,,,,,,,,,,,,,,,,,,,,
260316_0858_573-05_Type6.csv,573-05,Type6,260316,858,0.0269,-0.0694,1.1093,2.7538,-0.9928,,,,,,,,,,,,,,,,,,,,,,,
260316_1349_573-05_Type6.csv,573-05,Type6,260316,1349,0.9144,0.9148,-0.0795,1.5991,-0.4388,,,,,,,,,,,,,,,,,,,,,,,
260324_0000_573-05_Type8.csv,573-05,Type8,260324,0,48.4388,2.44,2.19,223.02,1.83,G 608ST-60802901,STORED,,: A:573-5,60.3 mm,3.6 mm,0.1 mm,Carbon Steel,WITHOUT LINING,Steam low press.,150.0 C,GRM1SH3-186243,1 NUM,40.0 mm,10 s,m3/h,mA,Volume flow,1692,,,,
260420_7357_23_Type8.csv,23,Type8,260420,7357,,,,,,G 608ST-60802901,STORED,,: A:7357,80.0 mm,0.1 mm,0.1 mm,Other Material,WITHOUT LINING,Other Medium,150.0 C,GRM1SH3-186243,1 NUM,-62.6 mm,10 s,m3/h,mA,Volume flow,1,330.0 m/s,3.3 mm2/s,0.00 g/cm3,
260420_7357_29_Type8.csv,29,Type8,260420,7357,,,,,,G 608ST-60802901,STORED,,: A:7357,15.0 mm,0.1 mm,0.1 mm,Other Material,WITHOUT LINING,Other Medium,150.0 C,GRM1SH3-186243,1 NUM,-70.4 mm,10 s,kg/h,mA,Mass flow,1,330.0 m/s,3.3 mm2/s,0.00 g/cm3,
260420_7357_33_Type8.csv,33,Type8,260420,7357,,,,,,G 608ST-60802901,STORED,,: A:7357,80.0 mm,0.1 mm,0.1 mm,Other Material,WITHOUT LINING,Other Medium,150.0 C,GRM1SH3-186243,1 NUM,-62.6 mm,10 s,kg/h,mA,Mass flow,4,330.0 m/s,3.3 mm2/s,0.00 g/cm3,
260504_0000_06.07_Type8.csv,6.07,Type8,260504,0,615.6184,619.07,606.37,640.64,578.28,G 608ST-60802901,STORED,,: B:323,323.0 mm,5.5 mm,0.1 mm,Carbon Steel,WITHOUT LINING,Water,20.0 C,CDM1N5213047,2 NUM,198.4 mm,10 s,m3/h,mA,Volume flow,129,,,,00:00:01 SAMPLES
260504_0000_10.11_Type8.csv,10.11,Type8,260504,0,183.495,181.01,198.58,205.27,175.13,G 608ST-60802901,STORED,,: B:273,273.0 mm,5.0 mm,0.1 mm,Carbon Steel,WITHOUT LINING,Water,20.0 C,CDM1N5213047,2 NUM,159.3 mm,10 s,m3/h,mA,Volume flow,104,,,,00:00:01 SAMPLES
260504_0000_1120_Type8.csv,1120,Type8,260504,0,85.1523,85.405,76.87,91.6,71.73,G 608ST-60802901,STORED,,: B:1-120,141.0 mm,5.0 mm,0.1 mm,Carbon Steel,WITHOUT LINING,Water,20.0 C,CDM1N5213047,2 NUM,57.4 mm,10 s,m3/h,mA,Volume flow,87,,,,00:00:01 SAMPLES
260504_0000_1160_Type8.csv,1160,Type8,260504,0,76.3362,74.43,74.09,84.5,72.61,G 608ST-60802901,STORED,,: B:1-160,129.0 mm,2.0 mm,0.0 mm,Stainless Steel,WITHOUT LINING,Water,20.0 C,CDM1N5213047,2 NUM,44.7 mm,10 s,m3/h,mA,Volume flow,61,,,,00:00:01 SAMPLES
260504_0000_1170_Type8.csv,1170,Type8,260504,0,55.4357,64.15,64.15,64.98,-66.49,G 608ST-60802901,STORED,,: B:1-170,114.0 mm,2.0 mm,0.0 mm,Stainless Steel,WITHOUT LINING,Water,20.0 C,CDM1N5213047,2 NUM,33.1 mm,10 s,m3/h,mA,Volume flow,53,,,,00:00:01 SAMPLES
260504_0000_3100.01_Type8.csv,3100.01,Type8,260504,0,72.5974,94.145,-94.36,97.62,-94.36,G 608ST-60802901,STORED,,: B:3-100-01,220.0 mm,5.5 mm,0.1 mm,Carbon Steel,WITHOUT LINING,Water,20.0 C,CDM1N5213047,2 NUM,118.9 mm,10 s,m3/h,mA,Volume flow,132,,,,00:00:01 SAMPLES
260504_0000_3100.02_Type8.csv,3100.02,Type8,260504,0,37.7372,38.275,19.86,46.87,19.86,G 608ST-60802901,STORED,,: B:3-100-02,220.0 mm,5.5 mm,0.1 mm,Carbon Steel,WITHOUT LINING,Water,20.0 C,CDM1N5213047,2 NUM,118.9 mm,10 s,m3/h,mA,Volume flow,68,,,,00:00:01 SAMPLES
260504_0000_3100.03_Type8.csv,3100.03,Type8,260504,0,67.2122,69.59,71.83,78.03,54.25,G 608ST-60802901,STORED,,: B:3-100-04,141.0 mm,4.0 mm,0.1 mm,Carbon Steel,WITHOUT LINING,Water,20.0 C,CDM1N5213047,2 NUM,56.4 mm,10 s,m3/h,mA,Volume flow,114,,,,00:00:01 SAMPLES
260504_0000_31006_Type8.csv,31006,Type8,260504,0,,,,,,G 608ST-60802901,STORED,,: A:3-900-08,139.7 mm,2.0 mm,0.0 mm,Stainless Steel,WITHOUT LINING,Water,20.0 C,CDM1N5213047,2 NUM,52.9 mm,10 s,kg/h,mA,Mass flow,2,,,,
260504_0000_3700.01_Type8.csv,3700.01,Type8,260504,0,77.5325,76.275,84.43,86.99,71.84,G 608ST-60802901,STORED,,: B:3-700-01,220.0 mm,5.0 mm,0.1 mm,Carbon Steel,WITHOUT LINING,Water,20.0 C,CDM1N5213047,2 NUM,118.4 mm,10 s,m3/h,mA,Volume flow,34,,,,00:00:01 SAMPLES
260504_0000_3801_Type8.csv,3801,Type8,260504,0,,,,,,G 608ST-60802901,STORED,,: A:3-800-02,88.9 mm,2.0 mm,0.0 mm,Stainless Steel,WITHOUT LINING,Water,20.0 C,CDM1N5213047,2 NUM,13.7 mm,10 s,kg/h,mA,Mass flow,1,,,,
260504_0000_3806_Type8.csv,3806,Type8,260504,0,,,,,,G 608ST-60802901,STORED,,: A:3-800-03,139.7 mm,2.0 mm,0.0 mm,Stainless Steel,WITHOUT LINING,Water,20.0 C,CDM1N5213047,2 NUM,52.9 mm,10 s,kg/h,mA,Mass flow,3,,,,
260504_0000_3900.01_Type8.csv,3900.01,Type8,260504,0,225.6409,225.8,226.49,233.77,208.68,G 608ST-60802901,STORED,,: B:3-900-01,204.0 mm,2.0 mm,0.0 mm,Stainless Steel,WITHOUT LINING,Water,20.0 C,CDM1N5213047,2 NUM,102.6 mm,10 s,m3/h,mA,Volume flow,65,,,,00:00:01 SAMPLES
260504_0000_3900.02_Type8.csv,3900.02,Type8,260504,0,76.1306,76.795,83.22,83.22,68.65,G 608ST-60802901,STORED,,: B:3-900-02,204.0 mm,2.0 mm,0.0 mm,Stainless Steel,WITHOUT LINING,Water,20.0 C,CDM1N5213047,2 NUM,102.6 mm,10 s,m3/h,mA,Volume flow,52,,,,00:00:01 SAMPLES
260504_0000_3900.03_Type8.csv,3900.03,Type8,260504,0,119.3738,126.16,63.75,131.11,40.04,G 608ST-60802901,STORED,,: B:3-900-04,154.0 mm,2.0 mm,0.0 mm,Stainless Steel,WITHOUT LINING,Water,20.0 C,CDM1N5213047,2 NUM,64.0 mm,10 s,m3/h,mA,Volume flow,143,,,,00:00:01 SAMPLES
260504_0000_3906_Type8.csv,3906,Type8,260504,0,,,,,,G 608ST-60802901,STORED,,: A:3-900-09,139.7 mm,2.0 mm,0.0 mm,Stainless Steel,WITHOUT LINING,Water,20.0 C,CDM1N5213047,2 NUM,52.9 mm,10 s,kg/h,mA,Mass flow,1,,,,
260504_0000_4202_Type8.csv,4202,Type8,260504,0,-14.608,-15.65,-9.31,-9.31,-16.79,G 608ST-60802901,STORED,,: B:-200-02,76.1 mm,3.6 mm,0.1 mm,Carbon Steel,WITHOUT LINING,Water,20.0 C,CDM1N5213047,2 NUM,5.9 mm,10 s,m3/h,mA,Volume flow,66,,,,00:00:01 SAMPLES
260504_0000_4303_Type8.csv,4303,Type8,260504,0,0.4415,0.37,0,0.88,-0.22,G 608ST-60802901,STORED,,: B:-303,60.3 mm,3.6 mm,0.1 mm,Carbon Steel,WITHOUT LINING,Water,20.0 C,CDM1N5213047,4 NUM,34.7 mm,10 s,m3/h,mA,Volume flow,64,,,,00:00:01 SAMPLES
260504_0000_5700_Type8.csv,5700,Type8,260504,0,2.4287,2.2,2.58,4.1,1.58,G 608ST-60802901,STORED,,: B:31-701,114.0 mm,4.5 mm,0.1 mm,Carbon Steel,WITHOUT LINING,Water,20.0 C,CDM1N5213047,2 NUM,36.1 mm,10 s,m3/h,mA,Volume flow,124,,,,00:00:01 SAMPLES
260504_0000_5800.01_Type8.csv,5800.01,Type8,260504,0,22.5084,28.37,-33.94,32.93,-33.94,G 608ST-60802901,STORED,,: B:5-800-01,114.0 mm,4.5 mm,0.1 mm,Carbon Steel,WITHOUT LINING,Water,20.0 C,CDM1N5213047,2 NUM,36.1 mm,10 s,m3/h,mA,Volume flow,81,,,,00:00:01 SAMPLES
260504_0000_5801_Type8.csv,5801,Type8,260504,0,14.0093,14.195,14.1,14.73,11.5,G 608ST-60802901,STORED,,: B:5-800-02,88.9 mm,4.0 mm,0.1 mm,Carbon Steel,WITHOUT LINING,Water,20.0 C,CDM1N5213047,2 NUM,16.2 mm,10 s,m3/h,mA,Volume flow,82,,,,00:00:01 SAMPLES
260504_0000_5802_Type8.csv,5802,Type8,260504,0,12.054,12.42,12.48,14.13,10.31,G 608ST-60802901,STORED,,: B:5-800-03,60.3 mm,3.6 mm,0.1 mm,Carbon Steel,WITHOUT LINING,Water,20.0 C,CDM1N5213047,2 NUM,5.0 mm,10 s,m3/h,mA,Volume flow,83,,,,00:00:01 SAMPLES
260504_0000_8105_Type8.csv,8105,Type8,260504,0,2.7954,0,0,11.24,0,G 608ST-60802901,STORED,,: B:47-5,168.3 mm,5.0 mm,0.1 mm,Carbon Steel,WITHOUT LINING,Water,20.0 C,CDM1N5213047,2 NUM,78.5 mm,10 s,m3/h,mA,Volume flow,29,,,,00:00:01 SAMPLES
260504_0000_8106_Type8.csv,8106,Type8,260504,0,0,0,0,0,0,G 608ST-60802901,STORED,,: B:47-3,220.0 mm,5.0 mm,0.1 mm,Carbon Steel,WITHOUT LINING,Water,20.0 C,CDM1N5213047,2 NUM,118.4 mm,10 s,m3/h,mA,Volume flow,14,,,,00:00:01 SAMPLES
260504_0000_8107_Type8.csv,8107,Type8,260504,0,264.9892,265.775,244.25,277.74,244.2,G 608ST-60802901,STORED,,: B:47-2,220.0 mm,5.0 mm,0.1 mm,Carbon Steel,WITHOUT LINING,Water,20.0 C,CDM1N5213047,2 NUM,118.4 mm,10 s,m3/h,mA,Volume flow,83,,,,00:00:01 SAMPLES
260504_0000_8108_Type8.csv,8108,Type8,260504,0,266.298,268.23,241.09,276.69,241.09,G 608ST-60802901,STORED,,: B:47-4,220.0 mm,5.0 mm,0.1 mm,Carbon Steel,WITHOUT LINING,Water,20.0 C,CDM1N5213047,2 NUM,118.4 mm,10 s,m3/h,mA,Volume flow,84,,,,00:00:01 SAMPLES
260505_0000_05.06_Type8.csv,5.06,Type8,260505,0,,,,,,G 608ST-60802901,STORED,,: A:47-8,323.0 mm,5.5 mm,0.1 mm,Carbon Steel,WITHOUT LINING,Water,20.0 C,CDM1N5213047,2 NUM,198.4 mm,10 s,m3/h,mA,Volume flow,655,,,,
260505_0000_1170_Type8.csv,1170,Type8,260505,0,,,,,,G 608ST-60802901,STORED,,: B:1-170,114.0 mm,2.0 mm,0.0 mm,Stainless Steel,WITHOUT LINING,Water,20.0 C,Standard,2 NUM,33.3 mm,10 s,m3/h,mA,Volume flow,312,,,,00:00:01 SAMPLES
260506_0000_000_Type8.csv,0,Type8,260506,0,,,,,,G 608ST-60802901,STORED,,: B:000,88.9 mm,4.0 mm,0.1 mm,Carbon Steel,WITHOUT LINING,Water,20.0 C,CDM1N5213047,2 NUM,16.2 mm,10 s,m3/h,mA,Volume flow,544,,,,00:00:01 SAMPLES
260506_0000_52100.01_Type8.csv,52100.01,Type8,260506,0,3.9,3.9,6.36,6.36,1.44,G 608ST-60802901,STORED,,: B:52101,88.9 mm,3.4 mm,0.1 mm,Carbon Steel,WITHOUT LINING,Water,20.0 C,CDM1N5213047,2 NUM,15.6 mm,10 s,m3/h,mA,Volume flow,59,,,,00:00:01 SAMPLES
260506_0000_52107_Type8.csv,52107,Type8,260506,0,-6.8506,-6.82,-8.05,-3.71,-8.6,G 608ST-60802901,STORED,,: B:52107,76.0 mm,3.4 mm,0.1 mm,Carbon Steel,WITHOUT LINING,Water,20.0 C,CDM1N5213047,1 NUM,-21.1 mm,10 s,m3/h,mA,Volume flow,47,,,,00:00:01 SAMPLES
260506_0000_52207_Type8.csv,52207,Type8,260506,0,-0.0194,0,0,0,-0.33,G 608ST-60802901,STORED,,: B:52207,60.0 mm,3.0 mm,0.1 mm,Carbon Steel,WITHOUT LINING,Water,20.0 C,CDM1N5213047,2 NUM,5.0 mm,10 s,m3/h,mA,Volume flow,19,,,,00:00:01 SAMPLES
260506_1181_00_Type8.csv,0,Type8,260506,1181,0,0,0,0,0,G 608ST-60802901,STORED,,: B:1181,76.0 mm,3.4 mm,0.1 mm,Carbon Steel,WITHOUT LINING,Water,20.0 C,CDM1N5213047,2 NUM,5.6 mm,10 s,m3/h,mA,Volume flow,14,,,,00:00:01 SAMPLES
260506_1182_02_Type8.csv,2,Type8,260506,1182,6.0723,7.005,7.22,8.24,-7.06,G 608ST-60802901,STORED,,: B:1182,76.0 mm,3.4 mm,0.1 mm,Carbon Steel,WITHOUT LINING,Water,20.0 C,CDM1N5213047,2 NUM,5.6 mm,10 s,m3/h,mA,Volume flow,133,,,,00:00:01 SAMPLES
260506_1191_08_Type8.csv,8,Type8,260506,1191,,,,,,G 608ST-60802901,STORED,,: B:1191,76.0 mm,3.4 mm,0.1 mm,Carbon Steel,WITHOUT LINING,Water,20.0 C,CDM1N5213047,2 NUM,5.6 mm,10 s,m3/h,mA,Volume flow,14,,,,00:00:01 SAMPLES
260506_1191_49_Type8.csv,49,Type8,260506,1191,0,0,0,0,0,G 608ST-60802901,STORED,,: B:1191,76.0 mm,3.4 mm,0.1 mm,Carbon Steel,WITHOUT LINING,Water,20.0 C,CDM1N5213047,2 NUM,5.6 mm,10 s,m3/h,mA,Volume flow,70,,,,00:00:01 SAMPLES
260506_1192_30_Type8.csv,30,Type8,260506,1192,11.85,13.72,12.73,16.44,-15.38,G 608ST-60802901,STORED,,: B:1192,76.0 mm,3.4 mm,0.1 mm,Carbon Steel,WITHOUT LINING,Water,20.0 C,CDM1N5213047,2 NUM,5.6 mm,10 s,m3/h,mA,Volume flow,124,,,,00:00:01 SAMPLES
260506_5601_17_Type8.csv,17,Type8,260506,5601,6.9488,9.8,-11.01,11.08,-11.69,G 608ST-60802901,STORED,,: B:5601,88.9 mm,4.0 mm,0.1 mm,Carbon Steel,WITHOUT LINING,Water,20.0 C,CDM1N5213047,2 NUM,16.2 mm,10 s,m3/h,mA,Volume flow,85,,,,00:00:01 SAMPLES
260507_0721_11.12_Type8.csv,11.12,Type8,260507,721,0.1521,0,0,0.65,0,G 608ST-60802901,STORED,,: B:47.11,88.9 mm,4.0 mm,0.1 mm,Carbon Steel,WITHOUT LINING,Water,20.0 C,CDM1N5213047,2 NUM,16.2 mm,10 s,m3/h,mA,Volume flow,152,,,,00:00:01 SAMPLES
260507_0726_11.12_Type8.csv,11.12,Type8,260507,726,0.1883,0,0,1.47,0,G 608ST-60802901,STORED,,: B:47.11,88.9 mm,4.0 mm,0.1 mm,Carbon Steel,WITHOUT LINING,Water,20.0 C,CDM1N5213047,2 NUM,16.2 mm,10 s,m3/h,mA,Volume flow,148,,,,00:00:01 SAMPLES
260507_0739_47.11.3_Type8.csv,47.11.3,Type8,260507,739,-0.0272,-0.06,-0.07,0.21,-0.19,G 608ST-60802901,STORED,,: B:47.11.3,43.5 mm,3.2 mm,0.0 mm,Stainless Steel,WITHOUT LINING,Water,20.0 C,CDM1N5213047,1 NUM,-34.8 mm,10 s,m3/h,mA,Volume flow,57,,,,00:00:01 SAMPLES
260507_0754_4500.01_Type8.csv,4500.01,Type8,260507,754,8.1965,8.96,8.93,10.5,-8.9,G 608ST-60802901,STORED,,: B:4501,60.5 mm,3.6 mm,0.1 mm,Carbon Steel,WITHOUT LINING,Water,20.0 C,CDM1N5213047,2 NUM,5.0 mm,10 s,m3/h,mA,Volume flow,142,,,,00:00:01 SAMPLES
260507_0805_4500.01_Type8.csv,4500.01,Type8,260507,805,11.6642,11.95,9.69,12.68,9.47,G 608ST-60802901,STORED,,: B:4601,76.1 mm,3.6 mm,0.1 mm,Carbon Steel,WITHOUT LINING,Water,20.0 C,CDM1N5213047,2 NUM,5.9 mm,10 s,m3/h,mA,Volume flow,106,,,,00:00:01 SAMPLES
260507_0808_4500.01_Type8.csv,4500.01,Type8,260507,808,9.0738,9.165,9.39,9.48,8.39,G 608ST-60802901,STORED,,: B:4601,76.1 mm,3.6 mm,0.1 mm,Carbon Steel,WITHOUT LINING,Water,20.0 C,CDM1N5213047,2 NUM,5.9 mm,10 s,m3/h,mA,Volume flow,24,,,,00:00:01 SAMPLES
260507_0809_4500.01_Type8.csv,4500.01,Type8,260507,809,14.5421,15.665,0.13,18.85,0.13,G 608ST-60802901,STORED,,: B:4602,76.1 mm,3.6 mm,0.1 mm,Carbon Steel,WITHOUT LINING,Water,20.0 C,CDM1N5213047,2 NUM,5.9 mm,10 s,m3/h,mA,Volume flow,95,,,,00:00:01 SAMPLES
260507_0812_4600.01_Type8.csv,4600.01,Type8,260507,812,-0.0106,0.01,0.01,0.14,-0.24,G 608ST-60802901,STORED,,: B:4603,60.3 mm,3.6 mm,0.1 mm,Carbon Steel,WITHOUT LINING,Water,20.0 C,CDM1N5213047,2 NUM,-6.3 mm,10 s,m3/h,mA,Volume flow,46,,,,00:00:01 SAMPLES
260507_0819_5600.01_Type8.csv,5600.01,Type8,260507,819,5.9901,6.1,5.74,6.7,3.94,G 608ST-60802901,STORED,,: B:4604,43.0 mm,2.0 mm,0.0 mm,Stainless Steel,WITHOUT LINING,Water,20.0 C,CDM1N5213047,1 NUM,-36.8 mm,10 s,m3/h,mA,Volume flow,107,,,,00:00:01 SAMPLES
260507_0827_4500.01_Type8.csv,4500.01,Type8,260507,827,0.0405,0.02,0.01,0.28,-0.11,G 608ST-60802901,STORED,,: B:4605,22.0 mm,1.0 mm,0.0 mm,Stainless Steel,WITHOUT LINING,Water,20.0 C,CDM1N5213047,1 NUM,-46.4 mm,10 s,m3/h,mA,Volume flow,45,,,,00:00:01 SAMPLES
260507_0833_4500.01_Type8.csv,4500.01,Type8,260507,833,,,,,,G 608ST-60802901,STORED,,: B:4602,88.9 mm,4.0 mm,0.1 mm,Carbon Steel,WITHOUT LINING,Water,20.0 C,CDM1N5213047,2 NUM,16.2 mm,10 s,m3/h,mA,Volume flow,71,,,,00:00:01 SAMPLES
260507_0842_4500.01_Type8.csv,4500.01,Type8,260507,842,-8.2908,-4.34,-11.23,0.51,-44.09,G 608ST-60802901,STORED,,: B:4605,22.0 mm,1.0 mm,0.0 mm,Stainless Steel,WITHOUT LINING,Water,20.0 C,CDM1N5213047,1 NUM,-46.4 mm,10 s,m3/h,mA,Volume flow,108,,,,00:00:01 SAMPLES
260507_0851_06.07_Type8.csv,6.07,Type8,260507,851,598.8232,595.39,614.99,658.95,563.27,G 608ST-60802901,STORED,,: B:47.09,323.0 mm,6.5 mm,0.1 mm,Carbon Steel,WITHOUT LINING,Water,20.0 C,CDM1N5213047,2 NUM,199.3 mm,10 s,m3/h,mA,Volume flow,83,,,,00:00:01 SAMPLES
260507_0853_06.07_Type8.csv,6.07,Type8,260507,853,-580.3169,-576.4,-642.15,-559.48,-642.15,G 608ST-60802901,STORED,,: B:47.09,323.0 mm,6.5 mm,0.1 mm,Carbon Steel,WITHOUT LINING,Water,20.0 C,CDM1N5213047,2 NUM,199.3 mm,10 s,m3/h,mA,Volume flow,152,,,,00:00:01 SAMPLES
260507_0856_06.07_Type8.csv,6.07,Type8,260507,856,610.6868,611.15,615.95,637.4,574.67,G 608ST-60802901,STORED,,: B:47.09,323.0 mm,6.5 mm,0.1 mm,Carbon Steel,WITHOUT LINING,Water,20.0 C,CDM1N5213047,2 NUM,199.3 mm,10 s,m3/h,mA,Volume flow,133,,,,00:00:01 SAMPLES
260507_0858_06.07_Type8.csv,6.07,Type8,260507,858,-570.4316,-569.31,-597.84,-551.18,-597.84,G 608ST-60802901,STORED,,: B:47.09,323.0 mm,6.5 mm,0.1 mm,Carbon Steel,WITHOUT LINING,Water,20.0 C,CDM1N5213047,2 NUM,199.3 mm,10 s,m3/h,mA,Volume flow,101,,,,00:00:01 SAMPLES
260507_0900_06.07_Type8.csv,6.07,Type8,260507,900,625.7909,629.94,632.67,643.64,600.88,G 608ST-60802901,STORED,,: B:47.09,323.0 mm,6.5 mm,0.1 mm,Carbon Steel,WITHOUT LINING,Water,20.0 C,CDM1N5213047,2 NUM,199.3 mm,10 s,m3/h,mA,Volume flow,93,,,,00:00:01 SAMPLES
260507_0905_10.11_Type8.csv,10.11,Type8,260507,905,188.0528,188.015,201.66,201.66,182.49,G 608ST-60802901,STORED,,: B:47.10,273.0 mm,6.0 mm,0.1 mm,Carbon Steel,WITHOUT LINING,Water,20.0 C,CDM1N5213047,2 NUM,160.3 mm,10 s,m3/h,mA,Volume flow,58,,,,00:00:01 SAMPLES
260507_0907_10.11_Type8.csv,10.11,Type8,260507,907,-179.8218,-180.58,-181.47,-170.62,-190.72,G 608ST-60802901,STORED,,: B:47.10,273.0 mm,6.0 mm,0.1 mm,Carbon Steel,WITHOUT LINING,Water,20.0 C,CDM1N5213047,2 NUM,160.3 mm,10 s,m3/h,mA,Volume flow,120,,,,00:00:01 SAMPLES
260507_0913_47.19_Type8.csv,47.19,Type8,260507,913,-48.7153,-48.96,-45.43,-45.43,-51.13,G 608ST-60802901,STORED,,: B:47.19,220.0 mm,5.0 mm,0.1 mm,Carbon Steel,WITHOUT LINING,Water,20.0 C,CDM1N5213047,2 NUM,118.4 mm,10 s,m3/h,mA,Volume flow,192,,,,00:00:01 SAMPLES
260507_0921_05.06_Type8.csv,5.06,Type8,260507,921,652.301,652.52,652.48,699.56,622.34,G 608ST-60802901,STORED,,: B:47.08,323.0 mm,5.0 mm,0.1 mm,Carbon Steel,WITHOUT LINING,Water,20.0 C,CDM1N5213047,2 NUM,197.9 mm,10 s,m3/h,mA,Volume flow,87,,,,00:00:01 SAMPLES
260507_0923_05.06_Type8.csv,5.06,Type8,260507,923,-658.5009,-661.6,-677.1,-623.7,-701.48,G 608ST-60802901,STORED,,: B:47.08,323.0 mm,5.0 mm,0.1 mm,Carbon Steel,WITHOUT LINING,Water,20.0 C,CDM1N5213047,2 NUM,197.9 mm,10 s,m3/h,mA,Volume flow,175,,,,00:00:01 SAMPLES
260507_0926_05.06_Type8.csv,5.06,Type8,260507,926,659.8977,650.245,656.9,803.84,626.51,G 608ST-60802901,STORED,,: B:47.08,323.0 mm,5.0 mm,0.1 mm,Carbon Steel,WITHOUT LINING,Water,20.0 C,CDM1N5213047,2 NUM,197.9 mm,10 s,m3/h,mA,Volume flow,76,,,,00:00:01 SAMPLES
260507_0928_05.06_Type8.csv,5.06,Type8,260507,928,-660.1445,-659.2,-681.44,-637.41,-686.17,G 608ST-60802901,STORED,,: B:47.08,323.0 mm,5.0 mm,0.1 mm,Carbon Steel,WITHOUT LINING,Water,20.0 C,CDM1N5213047,2 NUM,197.9 mm,10 s,m3/h,mA,Volume flow,100,,,,00:00:01 SAMPLES
260507_0929_05.06_Type8.csv,5.06,Type8,260507,929,669.4979,669.12,634.43,719.44,628.95,G 608ST-60802901,STORED,,: B:47.08,323.0 mm,5.0 mm,0.1 mm,Carbon Steel,WITHOUT LINING,Water,20.0 C,CDM1N5213047,2 NUM,197.9 mm,10 s,m3/h,mA,Volume flow,111,,,,00:00:01 SAMPLES
260507_1034_4700_Type8.csv,4700,Type8,260507,1034,-33.9916,-34.03,-25.33,-25.33,-39.39,G 608ST-60802901,STORED,,: B:4700,114.0 mm,4.5 mm,0.1 mm,Carbon Steel,WITHOUT LINING,Water,20.0 C,CDM1N5213047,2 NUM,36.1 mm,10 s,m3/h,mA,Volume flow,71,,,,00:00:01 SAMPLES
260507_1036_4700_Type8.csv,4700,Type8,260507,1036,33.324,33.73,37.33,37.33,28.74,G 608ST-60802901,STORED,,: B:4700,114.0 mm,4.5 mm,0.1 mm,Carbon Steel,WITHOUT LINING,Water,20.0 C,CDM1N5213047,2 NUM,36.1 mm,10 s,m3/h,mA,Volume flow,142,,,,00:00:01 SAMPLES
260507_1042_4810_Type8.csv,4810,Type8,260507,1042,-21.1983,-21.11,-21.55,-19.92,-22.91,G 608ST-60802901,STORED,,: B:4811,76.1 mm,3.6 mm,0.1 mm,Carbon Steel,WITHOUT LINING,Water,20.0 C,CDM1N5213047,2 NUM,5.9 mm,10 s,m3/h,mA,Volume flow,41,,,,00:00:01 SAMPLES
260507_1044_4710_Type8.csv,4710,Type8,260507,1044,-18.5994,-18.33,-22.49,-14.9,-22.49,G 608ST-60802901,STORED,,: B:4711,76.1 mm,3.6 mm,0.1 mm,Carbon Steel,WITHOUT LINING,Water,20.0 C,CDM1N5213047,2 NUM,5.9 mm,10 s,m3/h,mA,Volume flow,99,,,,00:00:01 SAMPLES
260507_1046_4710_Type8.csv,4710,Type8,260507,1046,18.9666,18.595,20.11,20.88,17.97,G 608ST-60802901,STORED,,: B:4711,76.1 mm,3.6 mm,0.1 mm,Carbon Steel,WITHOUT LINING,Water,20.0 C,CDM1N5213047,2 NUM,5.9 mm,10 s,m3/h,mA,Volume flow,70,,,,00:00:01 SAMPLES
260507_1049_4710_Type8.csv,4710,Type8,260507,1049,14.5214,14.53,14.53,14.79,14,G 608ST-60802901,STORED,,: B:4711,73.0 mm,2.0 mm,0.0 mm,Stainless Steel,WITHOUT LINING,Water,20.0 C,CDM1N5213047,2 NUM,1.4 mm,10 s,m3/h,mA,Volume flow,49,,,,00:00:01 SAMPLES
260507_1054_4740_Type8.csv,4740,Type8,260507,1054,1.6305,1.7,1.73,1.9,0.56,G 608ST-60802901,STORED,,: B:4741,33.7 mm,3.2 mm,0.1 mm,Carbon Steel,WITHOUT LINING,Water,20.0 C,CDM1N5213047,1 NUM,-37.8 mm,10 s,m3/h,mA,Volume flow,49,,,,00:00:01 SAMPLES
260507_1104_15.16_Type8.csv,15.16,Type8,260507,1104,24.5969,25.06,21.22,26.9,21.22,G 608ST-60802901,STORED,,: B:47.17,165.3 mm,5.0 mm,0.1 mm,Carbon Steel,WITHOUT LINING,Water,20.0 C,CDM1N5213047,2 NUM,76.2 mm,10 s,m3/h,mA,Volume flow,57,,,,00:00:01 SAMPLES
260507_1106_15.16_Type8.csv,15.16,Type8,260507,1106,-22.46,-22.35,-20.57,-20.2,-25.66,G 608ST-60802901,STORED,,: B:47.17,165.3 mm,5.0 mm,0.1 mm,Carbon Steel,WITHOUT LINING,Water,20.0 C,CDM1N5213047,2 NUM,76.2 mm,10 s,m3/h,mA,Volume flow,49,,,,00:00:01 SAMPLES
260507_1112_15.16_Type8.csv,15.16,Type8,260507,1112,-19.4524,-20.19,-19.9,-14.14,-21.02,G 608ST-60802901,STORED,,: B:47.16,155.0 mm,2.0 mm,0.0 mm,Stainless Steel,WITHOUT LINING,Water,20.0 C,CDM1N5213047,2 NUM,64.7 mm,10 s,m3/h,mA,Volume flow,27,,,,00:00:01 SAMPLES
260507_1113_15.16_Type8.csv,15.16,Type8,260507,1113,18.6258,19.34,17.42,20.02,14.87,G 608ST-60802901,STORED,,: B:47.16,155.0 mm,2.0 mm,0.0 mm,Stainless Steel,WITHOUT LINING,Water,20.0 C,CDM1N5213047,2 NUM,64.7 mm,10 s,m3/h,mA,Volume flow,53,,,,00:00:01 SAMPLES
260507_1125_8104_Type8.csv,8104,Type8,260507,1125,-0.4062,-0.39,0.17,0.85,-1.51,G 608ST-60802901,STORED,,: B:47.05,168.3 mm,5.0 mm,0.1 mm,Carbon Steel,WITHOUT LINING,Water,20.0 C,CDM1N5213047,2 NUM,78.5 mm,10 s,m3/h,mA,Volume flow,75,,,,00:00:01 SAMPLES
260511_0902_8105_Type8.csv,8105,Type8,260511,902,129.8371,255.27,0,278.22,-260.58,G 608ST-60802901,STORED,,: B:47-1,168.0 mm,5.0 mm,0.1 mm,Carbon Steel,WITHOUT LINING,Water,20.0 C,CDM1N5213047,2 NUM,78.2 mm,10 s,m3/h,mA,Volume flow,331,,,,00:00:01 SAMPLES
260511_0911_8107_Type8.csv,8107,Type8,260511,911,240.6311,238.33,246.84,258.72,231.61,G 608ST-60802901,STORED,,: B:47-2,220.0 mm,5.0 mm,0.1 mm,Carbon Steel,WITHOUT LINING,Water,20.0 C,CDM1N5213047,2 NUM,118.4 mm,10 s,m3/h,mA,Volume flow,136,,,,00:00:01 SAMPLES
260511_0916_8106_Type8.csv,8106,Type8,260511,916,2.54,2.54,5.08,5.08,0,G 608ST-60802901,STORED,,: B:47-3,220.0 mm,5.0 mm,0.1 mm,Carbon Steel,WITHOUT LINING,Water,20.0 C,CDM1N5213047,2 NUM,118.4 mm,10 s,m3/h,mA,Volume flow,74,,,,00:00:01 SAMPLES
260511_0918_8108_Type8.csv,8108,Type8,260511,918,282.8684,280.68,272.7,303.3,266.04,G 608ST-60802901,STORED,,: B:47-4,220.0 mm,5.0 mm,0.1 mm,Carbon Steel,WITHOUT LINING,Water,20.0 C,CDM1N5213047,2 NUM,118.4 mm,10 s,m3/h,mA,Volume flow,128,,,,00:00:01 SAMPLES
260511_0924_8105_Type8.csv,8105,Type8,260511,924,,,,,,G 608ST-60802901,STORED,,: B:47-5,168.0 mm,4.5 mm,0.1 mm,Carbon Steel,WITHOUT LINING,Water,20.0 C,CDM1N5213047,2 NUM,77.7 mm,10 s,m3/h,mA,Volume flow,1402,,,,00:00:01 SAMPLES
260512_0840_4200.01_Type8.csv,4200.01,Type8,260512,840,-17.8116,-17.475,-20.44,-14.9,-21.52,G 608ST-60802901,STORED,,: B:4200.01,114.0 mm,4.5 mm,0.1 mm,Carbon Steel,WITHOUT LINING,Water,20.0 C,CDM1N5213047,2 NUM,36.1 mm,10 s,m3/h,mA,Volume flow,92,,,,00:00:01 SAMPLES
260512_0850_3806_Type8.csv,3806,Type8,260512,850,88.3404,88.6,88.56,89.16,83.37,G 608ST-60802901,STORED,,: B:3806,139.7 mm,2.0 mm,0.0 mm,Stainless Steel,WITHOUT LINING,Water,20.0 C,CDM1N5213047,2 NUM,52.9 mm,10 s,m3/h,mA,Volume flow,72,,,,00:00:01 SAMPLES
260512_0854_3801_Type8.csv,3801,Type8,260512,854,30.7138,30.72,31.45,31.68,28.14,G 608ST-60802901,STORED,,: B:3801,88.9 mm,2.0 mm,0.0 mm,Stainless Steel,WITHOUT LINING,Water,20.0 C,CDM1N5213047,2 NUM,13.7 mm,10 s,m3/h,mA,Volume flow,72,,,,00:00:01 SAMPLES
260512_0901_39006_Type8.csv,39006,Type8,260512,901,134.8227,135.29,131.76,138.45,130.18,G 608ST-60802901,STORED,,: B:3906,139.7 mm,2.0 mm,0.0 mm,Stainless Steel,WITHOUT LINING,Water,20.0 C,CDM1N5213047,2 NUM,52.9 mm,10 s,m3/h,mA,Volume flow,253,,,,00:00:01 SAMPLES
260512_0906_31006_Type8.csv,31006,Type8,260512,906,38.5158,38.71,38.81,41.01,33.93,G 608ST-60802901,STORED,,: B:31006,139.7 mm,2.0 mm,0.0 mm,Stainless Steel,WITHOUT LINING,Water,20.0 C,CDM1N5213047,2 NUM,52.9 mm,10 s,m3/h,mA,Volume flow,97,,,,00:00:01 SAMPLES
260512_0910_3900.03_Type8.csv,3900.03,Type8,260512,910,171.3126,171.47,166.19,173.5,166.19,G 608ST-60802901,STORED,,: B:3900.03,154.0 mm,2.0 mm,0.0 mm,Stainless Steel,WITHOUT LINING,Water,20.0 C,CDM1N5213047,2 NUM,64.0 mm,10 s,m3/h,mA,Volume flow,62,,,,00:00:01 SAMPLES
260512_0915_31001_Type8.csv,31001,Type8,260512,915,41.6837,41.6,41.68,42.66,40.82,G 608ST-60802901,STORED,,: B:31001,88.9 mm,2.0 mm,0.0 mm,Stainless Steel,WITHOUT LINING,Water,20.0 C,CDM1N5213047,2 NUM,13.7 mm,10 s,m3/h,mA,Volume flow,66,,,,00:00:01 SAMPLES
260512_0918_3901_Type8.csv,3901,Type8,260512,918,49.7847,51.77,43.56,53.06,43.56,G 608ST-60802901,STORED,,: B:3901,88.9 mm,2.0 mm,0.0 mm,Stainless Steel,WITHOUT LINING,Water,20.0 C,CDM1N5213047,2 NUM,13.7 mm,10 s,m3/h,mA,Volume flow,57,,,,00:00:01 SAMPLES
260512_0921_3900.02_Type8.csv,3900.02,Type8,260512,921,-192.9759,-193.165,-192.95,-187.71,-195.37,G 608ST-60802901,STORED,,: B:3900.02,204.0 mm,2.0 mm,0.0 mm,Stainless Steel,WITHOUT LINING,Water,20.0 C,CDM1N5213047,2 NUM,102.6 mm,10 s,m3/h,mA,Volume flow,50,,,,00:00:01 SAMPLES
260512_0923_3900.02_Type8.csv,3900.02,Type8,260512,923,190.6486,191.88,177.35,194.3,177.35,G 608ST-60802901,STORED,,: B:3900.02,204.0 mm,2.0 mm,0.0 mm,Stainless Steel,WITHOUT LINING,Water,20.0 C,CDM1N5213047,2 NUM,102.6 mm,10 s,m3/h,mA,Volume flow,80,,,,00:00:01 SAMPLES
260512_0932_3900.01_Type8.csv,3900.01,Type8,260512,932,248.3088,247.69,233.53,262.36,233.52,G 608ST-60802901,STORED,,: B:3900.01,204.0 mm,2.0 mm,0.0 mm,Stainless Steel,WITHOUT LINING,Water,20.0 C,CDM1N5213047,2 NUM,102.6 mm,10 s,m3/h,mA,Volume flow,100,,,,00:00:01 SAMPLES
260512_0937_4700.01_Type8.csv,4700.01,Type8,260512,937,-88.0576,-86.05,-82.55,-71.47,-111.37,G 608ST-60802901,STORED,,: B:4700.01,220.0 mm,5.0 mm,0.1 mm,Carbon Steel,WITHOUT LINING,Water,20.0 C,CDM1N5213047,2 NUM,118.4 mm,10 s,m3/h,mA,Volume flow,96,,,,00:00:01 SAMPLES
260512_0940_4700.01_Type8.csv,4700.01,Type8,260512,940,-43.0618,-43.54,-44.42,-37.74,-45.77,G 608ST-60802901,STORED,,: B:4700.01,168.3 mm,5.0 mm,0.1 mm,Carbon Steel,WITHOUT LINING,Water,20.0 C,CDM1N5213047,2 NUM,78.5 mm,10 s,m3/h,mA,Volume flow,104,,,,00:00:01 SAMPLES
260512_0943_3700.01_Type8.csv,3700.01,Type8,260512,943,-97.0375,-95.39,-113.69,-83.38,-113.69,G 608ST-60802901,STORED,,: B:3700.01,220.0 mm,5.0 mm,0.1 mm,Carbon Steel,WITHOUT LINING,Water,20.0 C,CDM1N5213047,2 NUM,118.4 mm,10 s,m3/h,mA,Volume flow,89,,,,00:00:01 SAMPLES
260512_0950_5700_Type8.csv,5700,Type8,260512,950,0.5087,0,0,2.81,-2.04,G 608ST-60802901,STORED,,: B:5700.01,114.0 mm,4.5 mm,0.1 mm,Carbon Steel,WITHOUT LINING,Water,20.0 C,CDM1N5213047,1 NUM,-4.5 mm,10 s,m3/h,mA,Volume flow,74,,,,00:00:01 SAMPLES
260512_1000_06.22_Type8.csv,6.22,Type8,260512,1000,17.8951,17.81,16.28,22.7,13.65,G 608ST-60802901,STORED,,: B:47-6.22,114.0 mm,4.5 mm,0.1 mm,Carbon Steel,WITHOUT LINING,Water,20.0 C,CDM1N5213047,2 NUM,36.0 mm,10 s,m3/h,mA,Volume flow,177,,,,00:00:01 SAMPLES
260512_1007_06.07_Type8.csv,6.07,Type8,260512,1007,737.693,737.24,764,770.17,706.95,G 608ST-60802901,STORED,,: B:47-6.7,323.0 mm,5.0 mm,0.1 mm,Carbon Steel,WITHOUT LINING,Water,20.0 C,CDM1N5213047,2 NUM,197.9 mm,10 s,m3/h,mA,Volume flow,186,,,,00:00:01 SAMPLES
260512_1010_06.07_Type8.csv,6.07,Type8,260512,1010,742.2011,742.67,763.05,766.68,708.86,G 608ST-60802901,STORED,,: B:47-6.7,323.0 mm,5.5 mm,0.1 mm,Carbon Steel,WITHOUT LINING,Water,20.0 C,CDM1N5213047,2 NUM,198.4 mm,10 s,m3/h,mA,Volume flow,68,,,,00:00:01 SAMPLES
260512_1014_05.06_Type8.csv,5.06,Type8,260512,1014,777.4205,777.745,812.4,828.01,742.52,G 608ST-60802901,STORED,,: B:47-5.6,323.0 mm,5.5 mm,0.1 mm,Carbon Steel,WITHOUT LINING,Water,20.0 C,CDM1N5213047,2 NUM,198.4 mm,10 s,m3/h,mA,Volume flow,134,,,,00:00:01 SAMPLES
260512_1023_10.11_Type8.csv,10.11,Type8,260512,1023,224.3743,224.3,227.82,232.34,211.06,G 608ST-60802901,STORED,,: B:47-10.11,273.1 mm,5.5 mm,0.1 mm,Carbon Steel,WITHOUT LINING,Water,20.0 C,CDM1N5213047,2 NUM,159.9 mm,10 s,m3/h,mA,Volume flow,135,,,,00:00:01 SAMPLES
260512_1028_11.12_Type8.csv,11.12,Type8,260512,1028,-64.7599,-64.39,-61.8,-60.37,-70.16,G 608ST-60802901,STORED,,: B:47-11.12,220.0 mm,5.5 mm,0.1 mm,Carbon Steel,WITHOUT LINING,Water,20.0 C,CDM1N5213047,2 NUM,118.9 mm,10 s,m3/h,mA,Volume flow,249,,,,00:00:01 SAMPLES
260512_1038_3700.01_Type8.csv,3700.01,Type8,260512,1038,-118.3052,-116.14,-127.83,-106.78,-130.48,G 608ST-60802901,STORED,,: B:3700.01,220.0 mm,5.5 mm,0.1 mm,Carbon Steel,WITHOUT LINING,Water,20.0 C,CDM1N5213047,2 NUM,118.9 mm,10 s,m3/h,mA,Volume flow,88,,,,00:00:01 SAMPLES
260512_1041_3700.01_Type8.csv,3700.01,Type8,260512,1041,124.3458,126.45,125.95,132.02,111.02,G 608ST-60802901,STORED,,: B:3700.01,220.0 mm,5.5 mm,0.1 mm,Carbon Steel,WITHOUT LINING,Water,20.0 C,CDM1N5213047,2 NUM,118.9 mm,10 s,m3/h,mA,Volume flow,85,,,,00:00:01 SAMPLES
260512_1046_5800.01_Type8.csv,5800.01,Type8,260512,1046,-36.307,-37.18,-28.16,-28.16,-41.3,G 608ST-60802901,STORED,,: B:5800.01,114.0 mm,4.5 mm,0.1 mm,Carbon Steel,WITHOUT LINING,Water,20.0 C,CDM1N5213047,2 NUM,36.1 mm,10 s,m3/h,mA,Volume flow,87,,,,00:00:01 SAMPLES
260512_1048_5800.01_Type8.csv,5800.01,Type8,260512,1048,32.8577,33.055,29.68,37.29,27.9,G 608ST-60802901,STORED,,: B:5800.01,114.0 mm,4.5 mm,0.1 mm,Carbon Steel,WITHOUT LINING,Water,20.0 C,CDM1N5213047,2 NUM,36.1 mm,10 s,m3/h,mA,Volume flow,149,,,,00:00:01 SAMPLES
260512_1057_8107_Type8.csv,8107,Type8,260512,1057,249.0416,250.48,245.41,261.13,230.8,G 608ST-60802901,STORED,,: B:8107,220.0 mm,5.0 mm,0.1 mm,Carbon Steel,WITHOUT LINING,Water,20.0 C,CDM1N5213047,2 NUM,118.4 mm,10 s,m3/h,mA,Volume flow,98,,,,00:00:01 SAMPLES
260512_1111_8105_Type8.csv,8105,Type8,260512,1111,,,,,,G 608ST-60802901,STORED,,: B:8105,168.3 mm,5.0 mm,0.1 mm,Carbon Steel,WITHOUT LINING,Water,20.0 C,CDM1N5213047,2 NUM,78.5 mm,10 s,m3/h,mA,Volume flow,173,,,,00:00:01 SAMPLES
260512_1124_8105_Type8.csv,8105,Type8,260512,1124,,,,,,G 608ST-60802901,STORED,,: B:8105,168.3 mm,5.0 mm,0.1 mm,Carbon Steel,WITHOUT LINING,Water,20.0 C,CDM1N5213047,2 NUM,78.5 mm,10 s,m3/h,mA,Volume flow,35,,,,00:00:01 SAMPLES
260512_1139_1181_Type8.csv,1181,Type8,260512,1139,,,,,,G 608ST-60802901,STORED,,: B:1181,76.1 mm,3.6 mm,0.1 mm,Carbon Steel,WITHOUT LINING,Water,20.0 C,CDM1N5213047,2 NUM,5.9 mm,10 s,m3/h,mA,Volume flow,41,,,,00:00:01 SAMPLES
260512_1141_1181_Type8.csv,1181,Type8,260512,1141,-16.7583,-15.445,-20.28,-14.19,-20.28,G 608ST-60802901,STORED,,: B:1181,76.1 mm,3.6 mm,0.1 mm,Carbon Steel,WITHOUT LINING,Water,20.0 C,CDM1N5213047,2 NUM,5.9 mm,10 s,m3/h,mA,Volume flow,70,,,,00:00:01 SAMPLES
260512_1143_1181_Type8.csv,1181,Type8,260512,1143,14.542,14.435,15.74,19.28,9.62,G 608ST-60802901,STORED,,: B:1181,76.1 mm,3.6 mm,0.1 mm,Carbon Steel,WITHOUT LINING,Water,20.0 C,CDM1N5213047,2 NUM,5.9 mm,10 s,m3/h,mA,Volume flow,95,,,,00:00:01 SAMPLES
260512_1145_1182_Type8.csv,1182,Type8,260512,1145,0,0,0,0,0,G 608ST-60802901,STORED,,: B:1182,76.1 mm,3.6 mm,0.1 mm,Carbon Steel,WITHOUT LINING,Water,20.0 C,CDM1N5213047,2 NUM,5.9 mm,10 s,m3/h,mA,Volume flow,9,,,,00:00:01 SAMPLES
260512_1146_1191_Type8.csv,1191,Type8,260512,1146,-4.2946,-4.445,-3.57,-3.31,-5.36,G 608ST-60802901,STORED,,: B:1191,76.1 mm,3.6 mm,0.1 mm,Carbon Steel,WITHOUT LINING,Water,20.0 C,CDM1N5213047,2 NUM,5.9 mm,10 s,m3/h,mA,Volume flow,30,,,,00:00:01 SAMPLES
260512_1147_1191_Type8.csv,1191,Type8,260512,1147,-10.6648,-10.69,-9.67,-9.62,-11.72,G 608ST-60802901,STORED,,: B:1191,76.1 mm,3.6 mm,0.1 mm,Carbon Steel,WITHOUT LINING,Water,20.0 C,CDM1N5213047,2 NUM,5.9 mm,10 s,m3/h,mA,Volume flow,28,,,,00:00:01 SAMPLES
260512_1148_1191_Type8.csv,1191,Type8,260512,1148,5.6464,8.765,8.75,10.04,-9.67,G 608ST-60802901,STORED,,: B:1191,76.1 mm,3.6 mm,0.1 mm,Carbon Steel,WITHOUT LINING,Water,20.0 C,CDM1N5213047,2 NUM,5.9 mm,10 s,m3/h,mA,Volume flow,67,,,,00:00:01 SAMPLES
260512_1150_1192_Type8.csv,1192,Type8,260512,1150,-9.9873,-10.06,-10.39,-8.78,-10.85,G 608ST-60802901,STORED,,: B:1192,76.1 mm,3.6 mm,0.1 mm,Carbon Steel,WITHOUT LINING,Water,20.0 C,CDM1N5213047,2 NUM,5.9 mm,10 s,m3/h,mA,Volume flow,16,,,,00:00:01 SAMPLES
260512_1151_1192_Type8.csv,1192,Type8,260512,1151,0.655,0.64,0.83,0.9,0.36,G 608ST-60802901,STORED,,: B:1192,76.1 mm,3.6 mm,0.1 mm,Carbon Steel,WITHOUT LINING,Water,20.0 C,CDM1N5213047,2 NUM,5.9 mm,10 s,m3/h,mA,Volume flow,8,,,,00:00:01 SAMPLES
260512_1152_1192_Type8.csv,1192,Type8,260512,1152,0.47,0.47,0.47,0.47,0.47,G 608ST-60802901,STORED,,: B:1192,76.1 mm,3.6 mm,0.1 mm,Carbon Steel,WITHOUT LINING,Water,20.0 C,CDM1N5213047,2 NUM,5.9 mm,10 s,m3/h,mA,Volume flow,3,,,,00:00:01 SAMPLES
260512_1157_1120_Type8.csv,1120,Type8,260512,1157,68.1647,67.78,70.9,71.69,64.7,G 608ST-60802901,STORED,,: B:1120,114.0 mm,4.5 mm,0.1 mm,Carbon Steel,WITHOUT LINING,Water,20.0 C,CDM1N5213047,2 NUM,36.1 mm,10 s,m3/h,mA,Volume flow,19,,,,00:00:01 SAMPLES
260518_0841_3900.01_Type8.csv,3900.01,Type8,260518,841,251.2194,250.11,248.26,265.28,234.93,G 608ST-60802901,STORED,Par.Record    01,: B:3900.01,204.0 mm,2.0 mm,0.0 mm,Stainless Steel,WITHOUT LINING,Water,20.0 C,CDM1N5213047,2 NUM,102.6 mm,10 s,m3/h,mA,Volume flow,99,,,,00:00:01 SAMPLES
260518_0844_3900.01_Type8.csv,3900.01,Type8,260518,844,-263.8218,-265.41,-251.54,-251.54,-268.9,G 608ST-60802901,STORED,Par.Record    01,: B:3900.01,204.0 mm,2.0 mm,0.0 mm,Stainless Steel,WITHOUT LINING,Water,20.0 C,CDM1N5213047,2 NUM,102.6 mm,10 s,m3/h,mA,Volume flow,89,,,,00:00:01 SAMPLES
260518_0846_3900.01_Type8.csv,3900.01,Type8,260518,846,253.5097,252.92,248.87,265.58,247.64,G 608ST-60802901,STORED,Par.Record    01,: B:3900.01,204.0 mm,2.0 mm,0.0 mm,Stainless Steel,WITHOUT LINING,Water,20.0 C,CDM1N5213047,2 NUM,102.6 mm,10 s,m3/h,mA,Volume flow,52,,,,00:00:01 SAMPLES
260518_0848_4700.01_Type8.csv,4700.01,Type8,260518,848,-45.9916,-45.81,-45.41,-39.97,-51.03,G 608ST-60802901,STORED,Par.Record    02,: B:4700.01,168.0 mm,5.0 mm,0.1 mm,Carbon Steel,WITHOUT LINING,Water,20.0 C,CDM1N5213047,2 NUM,78.2 mm,10 s,m3/h,mA,Volume flow,65,,,,00:00:01 SAMPLES
260518_0851_4700.01_Type8.csv,4700.01,Type8,260518,851,,,,,,G 608ST-60802901,STORED,Par.Record    02,: B:4700.01,168.0 mm,5.0 mm,0.1 mm,Carbon Steel,WITHOUT LINING,Water,20.0 C,CDM1N5213047,2 NUM,78.2 mm,10 s,m3/h,mA,Volume flow,141,,,,00:00:01 SAMPLES
260518_0855_4700.01_Type8.csv,4700.01,Type8,260518,855,32.1,32.515,29.34,34.72,29.34,G 608ST-60802901,STORED,Par.Record    02,: B:4700.01,168.0 mm,5.0 mm,0.1 mm,Carbon Steel,WITHOUT LINING,Water,20.0 C,CDM1N5213047,2 NUM,78.2 mm,10 s,m3/h,mA,Volume flow,48,,,,00:00:01 SAMPLES
260518_0856_4700.01_Type8.csv,4700.01,Type8,260518,856,-32.4579,-32.615,-32.69,-30.89,-33.52,G 608ST-60802901,STORED,Par.Record    02,: B:4700.01,168.0 mm,5.0 mm,0.1 mm,Carbon Steel,WITHOUT LINING,Water,20.0 C,CDM1N5213047,2 NUM,78.2 mm,10 s,m3/h,mA,Volume flow,34,,,,00:00:01 SAMPLES
260518_0859_3700.01_Type8.csv,3700.01,Type8,260518,859,97.9004,97.65,104.14,107.82,89.49,G 608ST-60802901,STORED,Par.Record    03,: B:3700.01,220.0 mm,5.0 mm,0.1 mm,Carbon Steel,WITHOUT LINING,Water,20.0 C,CDM1N5213047,2 NUM,118.4 mm,10 s,m3/h,mA,Volume flow,51,,,,00:00:01 SAMPLES
260518_0907_05.06_Type8.csv,5.06,Type8,260518,907,774.0854,770.625,779.06,798.04,756.65,G 608ST-60802901,STORED,Par.Record    04,: B:05.06,323.0 mm,5.5 mm,0.1 mm,Carbon Steel,WITHOUT LINING,Water,20.0 C,CDM1N5213047,2 NUM,198.4 mm,10 s,m3/h,mA,Volume flow,54,,,,00:00:01 SAMPLES
260518_0909_05.06_Type8.csv,5.06,Type8,260518,909,,,,,,G 608ST-60802901,STORED,Par.Record    04,: B:05.06,323.0 mm,5.5 mm,0.1 mm,Carbon Steel,WITHOUT LINING,Water,20.0 C,CDM1N5213047,2 NUM,198.4 mm,10 s,m3/h,mA,Volume flow,33,,,,00:00:01 SAMPLES
260518_0910_05.06_Type8.csv,5.06,Type8,260518,910,-806.3155,-804,-823.09,-753,-855.43,G 608ST-60802901,STORED,Par.Record    04,: B:05.06,323.0 mm,5.5 mm,0.1 mm,Carbon Steel,WITHOUT LINING,Water,20.0 C,CDM1N5213047,2 NUM,198.4 mm,10 s,m3/h,mA,Volume flow,91,,,,00:00:01 SAMPLES
260518_0912_05.06_Type8.csv,5.06,Type8,260518,912,762.6774,758.68,752.22,799.22,723.33,G 608ST-60802901,STORED,Par.Record    04,: B:05.06,323.0 mm,5.5 mm,0.1 mm,Carbon Steel,WITHOUT LINING,Water,20.0 C,CDM1N5213047,2 NUM,198.4 mm,10 s,m3/h,mA,Volume flow,114,,,,00:00:01 SAMPLES
260518_0921_06.22_Type8.csv,6.22,Type8,260518,921,-20.0079,-19.85,-21.91,-17.18,-21.91,G 608ST-60802901,STORED,Par.Record    04,: B:06.22,114.0 mm,4.5 mm,0.1 mm,Carbon Steel,WITHOUT LINING,Water,20.0 C,CDM1N5213047,2 NUM,36.1 mm,10 s,m3/h,mA,Volume flow,43,,,,00:00:01 SAMPLES
260518_0925_06.07_Type8.csv,6.07,Type8,260518,925,-716.0977,-714.67,-709.24,-701.62,-735.58,G 608ST-60802901,STORED,Par.Record    04,: B:06.07,323.0 mm,5.5 mm,0.1 mm,Carbon Steel,WITHOUT LINING,Water,20.0 C,CDM1N5213047,2 NUM,198.4 mm,10 s,m3/h,mA,Volume flow,44,,,,00:00:01 SAMPLES
260518_0926_06.07_Type8.csv,6.07,Type8,260518,926,681.5404,679.95,696.04,708.45,659.2,G 608ST-60802901,STORED,Par.Record    04,: B:06.07,323.0 mm,5.5 mm,0.1 mm,Carbon Steel,WITHOUT LINING,Water,20.0 C,CDM1N5213047,2 NUM,198.4 mm,10 s,m3/h,mA,Volume flow,71,,,,00:00:01 SAMPLES
260518_1005_3100.01_Type8.csv,3100.01,Type8,260518,1005,-106.5699,-105.29,-105.91,-100.83,-116.35,G 608ST-60802901,STORED,Par.Record    04,: B:3100.01,220.0 mm,5.0 mm,0.1 mm,Carbon Steel,WITHOUT LINING,Water,20.0 C,CDM1N5213047,2 NUM,118.4 mm,10 s,m3/h,mA,Volume flow,83,,,,00:00:01 SAMPLES
260518_1007_3100.01_Type8.csv,3100.01,Type8,260518,1007,118.5598,120.9,102.74,125.24,102.74,G 608ST-60802901,STORED,Par.Record    04,: B:3100.01,220.0 mm,5.0 mm,0.1 mm,Carbon Steel,WITHOUT LINING,Water,20.0 C,CDM1N5213047,2 NUM,118.4 mm,10 s,m3/h,mA,Volume flow,140,,,,00:00:01 SAMPLES
260518_1035_8107_Type8.csv,8107,Type8,260518,1035,,,,,,G 608ST-60802901,STORED,Par.Record    04,: B:8107,220.0 mm,5.0 mm,0.1 mm,Carbon Steel,WITHOUT LINING,Water,20.0 C,CDM1N5213047,2 NUM,118.4 mm,10 s,m3/h,mA,Volume flow,22,,,,00:00:01 SAMPLES
260518_1047_3806_Type8.csv,3806,Type8,260518,1047,88.7219,88.835,89.22,91.44,86.01,G 608ST-60802901,STORED,Par.Record    04,: B:3806,139.7 mm,2.0 mm,0.0 mm,Stainless Steel,WITHOUT LINING,Water,20.0 C,CDM1N5213047,2 NUM,52.9 mm,10 s,m3/h,mA,Volume flow,75,,,,00:00:01 SAMPLES
260518_1050_3801_Type8.csv,3801,Type8,260518,1050,,,,,,G 608ST-60802901,STORED,Par.Record    04,: B:3801,88.9 mm,2.0 mm,0.0 mm,Stainless Steel,WITHOUT LINING,Water,20.0 C,CDM1N5213047,2 NUM,13.7 mm,10 s,m3/h,mA,Volume flow,63,,,,00:00:01 SAMPLES
NODATE_0000_NODATE_Type4.csv,NODATE,Type4,NODATE,0,211.3131,211.6835,208.5028,213.1789,207.5647,,,,,,,,,,,,,,,,,,,,,,,
260506_1152_000_Type8.csv,0,Type8,260506,1152,,,,,,G 608ST-60802901,STORED,,: B:000,88.9 mm,4.0 mm,0.1 mm,Carbon Steel,WITHOUT LINING,Water,20.0 C,CDM1N5213047,2 NUM,16.2 mm,10 s,m3/h,mA,Volume flow,544,,,,00:00:01 SAMPLES
