Filename;MEASURE_Avg;MEASURE_Median;MEASURE_Mode;MEASURE_Max;MEASURE_Min;DEVICE;MODE;DATE;TIME;Par.Record;Meas. Point No.;Outer Diameter;Wall Thickness;Roughness;Pipe Material;Lining;Medium;Medium Temperat.;Transducer Type;Sound Path;Transd. Distance;Damping;Full-Scale Val.;Current Loop;Storage Rate;Physic. Quant.;Unit Of Measure;Numb.Of Meas.Val;SSPEED_Avg;SSPEED_Median;SSPEED_Mode;SSPEED_Max;SSPEED_Min;c-Material;c-Medium     MIN;c-Medium     MAX;Kinem.Viscosity;Density
251007_0000_PM-V-4_Type6.csv;nan;nan;nan;nan;nan;;;;;;;;;;;;;;;;;;;;;;;;;;;;;;;;;
251007_1003_STE-04_Type6.csv;nan;nan;nan;nan;nan;;;;;;;;;;;;;;;;;;;;;;;;;;;;;;;;;
251008_0951_PM-V-4_Type7.csv;nan;nan;0.0000;nan;nan;;;;;;;;;;;;;;;;;;;;;;;;;;;;;;;;;
251008_0951_STE-04_Type7.csv;nan;nan;0.0000;nan;nan;;;;;;;;;;;;;;;;;;;;;;;;;;;;;;;;;
251008_1151_PM-V-4_Type7.csv;nan;nan;0.0000;nan;nan;;;;;;;;;;;;;;;;;;;;;;;;;;;;;;;;;
251008_1151_STE-04_Type7.csv;nan;nan;0.0000;nan;nan;;;;;;;;;;;;;;;;;;;;;;;;;;;;;;;;;
251013_0000_AT-COL-345_Type2.csv;nan;49.3846;-60.3008;57.7602;-60.3008;;;;;;;;;;;;;;;;;;;;;;;;;;;;;;;;;
251013_0841_AT-345_Type2.csv;nan;49.3846;-60.3008;57.7602;-60.3008;;;;;;;;;;;;;;;;;;;;;;;;;;;;;;;;;
251013_0900_AT-345_Type2.csv;nan;61.4060;57.3582;63.7889;48.7237;;;;;;;;;;;;;;;;;;;;;;;;;;;;;;;;;
251013_0900_AT-COL-345_Type2.csv;nan;61.4060;57.3582;63.7889;48.7237;;;;;;;;;;;;;;;;;;;;;;;;;;;;;;;;;
251013_1020_AT-345_Type2.csv;nan;49.0597;49.8867;60.6337;48.9010;;;;;;;;;;;;;;;;;;;;;;;;;;;;;;;;;
251013_1020_AT-COL-345_Type2.csv;nan;49.0597;49.8867;60.6337;48.9010;;;;;;;;;;;;;;;;;;;;;;;;;;;;;;;;;
251014_0000_AT-COL-1_Type2.csv;58.9829;59.0007;53.5592;59.8443;53.5592;;;;;;;;;;;;;;;;;;;;;;;;;;;;;;;;;
251014_0000_AT-COL-2_Type2.csv;nan;52.9652;52.5601;53.6234;52.4391;;;;;;;;;;;;;;;;;;;;;;;;;;;;;;;;;
251014_0000_AT-COL-6_Type2.csv;nan;47.1433;47.8145;47.8145;46.4208;;;;;;;;;;;;;;;;;;;;;;;;;;;;;;;;;
251014_1048_AT-6_Type2.csv;nan;47.1433;47.8145;47.8145;46.4208;;;;;;;;;;;;;;;;;;;;;;;;;;;;;;;;;
251014_1215_AT-1_Type2.csv;58.9829;59.0007;53.5592;59.8443;53.5592;;;;;;;;;;;;;;;;;;;;;;;;;;;;;;;;;
251014_1308_AT-2_Type2.csv;nan;52.9652;52.5601;53.6234;52.4391;;;;;;;;;;;;;;;;;;;;;;;;;;;;;;;;;
251015_0902_AT-6_Type2.csv;41.4233;41.2725;46.6283;46.6283;40.2184;;;;;;;;;;;;;;;;;;;;;;;;;;;;;;;;;
251015_0902_AT-COL-6_Type2.csv;41.4233;41.2725;46.6283;46.6283;40.2184;;;;;;;;;;;;;;;;;;;;;;;;;;;;;;;;;
251015_0910_AT-6_Type2.csv;37.1900;37.0668;36.9031;38.2993;36.4981;;;;;;;;;;;;;;;;;;;;;;;;;;;;;;;;;
251015_0910_AT-COL-6_Type2.csv;37.1900;37.0668;36.9031;38.2993;36.4981;;;;;;;;;;;;;;;;;;;;;;;;;;;;;;;;;
251015_0916_AT-1_Type2.csv;nan;57.6702;53.3239;57.8896;53.3239;;;;;;;;;;;;;;;;;;;;;;;;;;;;;;;;;
251015_0917_AT-COL-1_Type2.csv;nan;57.6702;53.3239;57.8896;53.3239;;;;;;;;;;;;;;;;;;;;;;;;;;;;;;;;;
251015_0922_AT-2_Type2.csv;57.7998;57.5012;57.2441;61.8962;55.5013;;;;;;;;;;;;;;;;;;;;;;;;;;;;;;;;;
251015_0922_AT-COL-2_Type2.csv;57.7998;57.5012;57.2441;61.8962;55.5013;;;;;;;;;;;;;;;;;;;;;;;;;;;;;;;;;
251015_0931_AT-3_Type2.csv;nan;49.3907;49.0162;63.3781;48.4629;;;;;;;;;;;;;;;;;;;;;;;;;;;;;;;;;
251015_0931_AT-COL-3_Type2.csv;nan;49.3907;49.0162;63.3781;48.4629;;;;;;;;;;;;;;;;;;;;;;;;;;;;;;;;;
251015_0939_AT-4_Type2.csv;nan;63.0480;62.1045;63.6180;56.6087;;;;;;;;;;;;;;;;;;;;;;;;;;;;;;;;;
251015_0939_AT-COL-4_Type2.csv;nan;63.0480;62.1045;63.6180;56.6087;;;;;;;;;;;;;;;;;;;;;;;;;;;;;;;;;
251015_0945_AT-5_Type2.csv;nan;56.9767;55.3276;57.3275;55.3276;;;;;;;;;;;;;;;;;;;;;;;;;;;;;;;;;
251015_0945_AT-COL-5_Type2.csv;nan;56.9767;55.3276;57.3275;55.3276;;;;;;;;;;;;;;;;;;;;;;;;;;;;;;;;;
251015_1000_AT-COL-6_Type2.csv;46.6633;46.4406;45.8111;48.5459;45.7425;;;;;;;;;;;;;;;;;;;;;;;;;;;;;;;;;
251015_1002_AT-6_Type2.csv;46.6633;46.4406;45.8111;48.5459;45.7425;;;;;;;;;;;;;;;;;;;;;;;;;;;;;;;;;
251015_1005_AT-6_Type2.csv;nan;40.9978;43.3340;43.3340;36.9532;;;;;;;;;;;;;;;;;;;;;;;;;;;;;;;;;
251015_1005_AT-COL-6_Type2.csv;nan;40.9978;43.3340;43.3340;36.9532;;;;;;;;;;;;;;;;;;;;;;;;;;;;;;;;;
251015_1012_AT-1_Type2.csv;nan;54.7936;51.4268;55.9388;51.4268;;;;;;;;;;;;;;;;;;;;;;;;;;;;;;;;;
251015_1012_AT-COL-1_Type2.csv;nan;54.7936;51.4268;55.9388;51.4268;;;;;;;;;;;;;;;;;;;;;;;;;;;;;;;;;
251015_1019_AT-2_Type2.csv;nan;53.7116;52.3977;54.0719;52.3977;;;;;;;;;;;;;;;;;;;;;;;;;;;;;;;;;
251015_1021_AT-COL-2_Type2.csv;nan;53.7116;52.3977;54.0719;52.3977;;;;;;;;;;;;;;;;;;;;;;;;;;;;;;;;;
251015_1021_AT-COL-345_Type2.csv;nan;50.6703;49.1510;64.3239;49.1510;;;;;;;;;;;;;;;;;;;;;;;;;;;;;;;;;
251015_1021_AT-COL-3_Type2.csv;nan;49.7339;49.1510;49.8519;49.1510;;;;;;;;;;;;;;;;;;;;;;;;;;;;;;;;;
251015_1026_AT-345_Type2.csv;nan;50.6703;49.1510;64.3239;49.1510;;;;;;;;;;;;;;;;;;;;;;;;;;;;;;;;;
251015_1026_AT-3_Type2.csv;nan;49.7339;49.1510;49.8519;49.1510;;;;;;;;;;;;;;;;;;;;;;;;;;;;;;;;;
251015_1029_AT-4_Type2.csv;nan;63.2559;61.1643;64.3239;59.7344;;;;;;;;;;;;;;;;;;;;;;;;;;;;;;;;;
251015_1030_AT-COL-4_Type2.csv;nan;63.2559;61.1643;64.3239;59.7344;;;;;;;;;;;;;;;;;;;;;;;;;;;;;;;;;
251015_1033_AT-5_Type2.csv;50.6173;50.6299;50.0829;50.8615;50.0829;;;;;;;;;;;;;;;;;;;;;;;;;;;;;;;;;
251015_1033_AT-COL-5_Type2.csv;50.6173;50.6299;50.0829;50.8615;50.0829;;;;;;;;;;;;;;;;;;;;;;;;;;;;;;;;;
251027_0000_PM-V-3_Type2.csv;nan;0.1089;0.1257;0.1257;0.0965;;;;;;;;;;;;;;;;;;;;;;;;;;;;;;;;;
251027_1439_STE-03_Type2.csv;nan;0.1089;0.1257;0.1257;0.0965;;;;;;;;;;;;;;;;;;;;;;;;;;;;;;;;;
251028_0000_PM-V-3_Type2.csv;0.1382;0.1357;0.1431;0.1482;0.1334;;;;;;;;;;;;;;;;;;;;;;;;;;;;;;;;;
251028_1108_STE-03_Type2.csv;0.1382;0.1357;0.1431;0.1482;0.1334;;;;;;;;;;;;;;;;;;;;;;;;;;;;;;;;;
251103_0000_PM-V-3_Type3.csv;nan;355.3708;422.4675;685.1006;269.7904;;;;;;;;;;;;;;;;;;;;;;;;;;;;;;;;;
251103_1252_STE-03_Type3.csv;nan;355.3708;422.4675;685.1006;269.7904;;;;;;;;;;;;;;;;;;;;;;;;;;;;;;;;;
251104_0000_PM-V-2_Type3.csv;nan;582.0701;nan;nan;nan;;;;;;;;;;;;;;;;;;;;;;;;;;;;;;;;;
251104_1036_STE-02_Type3.csv;nan;582.0701;nan;nan;nan;;;;;;;;;;;;;;;;;;;;;;;;;;;;;;;;;
251110_0000_PM-V-3_Type3.csv;nan;nan;0.0000;181.9261;-4.8774;;;;;;;;;;;;;;;;;;;;;;;;;;;;;;;;;
251110_0953_STE-03_Type3.csv;nan;nan;0.0000;181.9261;-4.8774;;;;;;;;;;;;;;;;;;;;;;;;;;;;;;;;;
251111_0000_PM-V-3_Type3.csv;nan;515.3999;441.9559;533.2049;365.2910;;;;;;;;;;;;;;;;;;;;;;;;;;;;;;;;;
251111_1109_STE-03_Type3.csv;nan;515.3999;441.9559;533.2049;365.2910;;;;;;;;;;;;;;;;;;;;;;;;;;;;;;;;;
251112_1147_PM-V-3_Type3.csv;nan;nan;nan;nan;nan;;;;;;;;;;;;;;;;;;;;;;;;;;;;;;;;;
251112_1147_STE-03_Type3.csv;nan;nan;nan;nan;nan;;;;;;;;;;;;;;;;;;;;;;;;;;;;;;;;;
251112_1226_PM-V-3_Type3.csv;nan;nan;nan;nan;nan;;;;;;;;;;;;;;;;;;;;;;;;;;;;;;;;;
251112_1226_STE-03_Type3.csv;nan;nan;nan;nan;nan;;;;;;;;;;;;;;;;;;;;;;;;;;;;;;;;;
251112_1303_STE-04_Type8.csv;nan;-10.9307;-9.6165;-8.9172;-11.3025;;;;;;;;;;;;;;;;;;;;;;;;;;;;;;;;;
251114_0000_PM-V-2_Type3.csv;nan;213.1449;653.4428;668.5131;144.5790;;;;;;;;;;;;;;;;;;;;;;;;;;;;;;;;;
251114_1121_STE-02_Type3.csv;nan;213.1449;653.4428;668.5131;144.5790;;;;;;;;;;;;;;;;;;;;;;;;;;;;;;;;;
251117_0000_PM-V-2_Type3.csv;nan;584.2199;nan;nan;nan;;;;;;;;;;;;;;;;;;;;;;;;;;;;;;;;;
251117_0924_STE-02_Type3.csv;nan;584.2199;nan;nan;nan;;;;;;;;;;;;;;;;;;;;;;;;;;;;;;;;;
251118_0000_PM-V-8_Type3.csv;nan;nan;0.0000;nan;nan;;;;;;;;;;;;;;;;;;;;;;;;;;;;;;;;;
251118_0249_STE-08_Type3.csv;nan;nan;0.0000;nan;nan;;;;;;;;;;;;;;;;;;;;;;;;;;;;;;;;;
251119_0000_PM-V-10_Type3.csv;nan;-2.5935;0.0000;2.3703;-6.2819;;;;;;;;;;;;;;;;;;;;;;;;;;;;;;;;;
251119_1123_STE-10_Type3.csv;nan;-2.5935;0.0000;2.3703;-6.2819;;;;;;;;;;;;;;;;;;;;;;;;;;;;;;;;;
251120_0923_PM-V-10_Type3.csv;-1952.4991;-2190.2666;-1425.8285;-1344.5768;-2311.9884;;;;;;;;;;;;;;;;;;;;;;;;;;;;;;;;;
251120_0923_STE-10_Type3.csv;-1952.4991;-2190.2666;-1425.8285;-1344.5768;-2311.9884;;;;;;;;;;;;;;;;;;;;;;;;;;;;;;;;;
251120_0932_PM-V-10_Type3.csv;-2.8307;0.0000;0.0000;1.1944;-12.5432;;;;;;;;;;;;;;;;;;;;;;;;;;;;;;;;;
251120_0932_STE-10_Type3.csv;-2.8307;0.0000;0.0000;1.1944;-12.5432;;;;;;;;;;;;;;;;;;;;;;;;;;;;;;;;;
251121_0000_PM-V-11_Type3.csv;nan;61.0994;63.3809;106.1155;2.9003;;;;;;;;;;;;;;;;;;;;;;;;;;;;;;;;;
251121_0256_STE-11_Type3.csv;nan;61.0994;63.3809;106.1155;2.9003;;;;;;;;;;;;;;;;;;;;;;;;;;;;;;;;;
251122_0000_PM-V-3_Type7.csv;nan;890.4162;nan;nan;nan;;;;;;;;;;;;;;;;;;;;;;;;;;;;;;;;;
251122_0031_STE-03_Type7.csv;nan;890.4162;nan;nan;nan;;;;;;;;;;;;;;;;;;;;;;;;;;;;;;;;;
251126_0000_PM-V-3_Type3.csv;nan;650.1656;486.7092;1802.7101;51.6351;;;;;;;;;;;;;;;;;;;;;;;;;;;;;;;;;
251126_1417_STE-03_Type3.csv;nan;650.1656;486.7092;1802.7101;51.6351;;;;;;;;;;;;;;;;;;;;;;;;;;;;;;;;;
251127_1243_AT-7_Type3.csv;743261.0051;742524.3896;754580.4016;758347.0642;726111.2549;;;;;;;;;;;;;;;;;;;;;;;;;;;;;;;;;
251127_1243_AT-COL-350_Type3.csv;743261.0051;742524.3896;754580.4016;758347.0642;726111.2549;;;;;;;;;;;;;;;;;;;;;;;;;;;;;;;;;
251127_1244_AT-7_Type4.csv;nan;782.1538;787.6712;794.0103;763.7581;;;;;;;;;;;;;;;;;;;;;;;;;;;;;;;;;
251127_1244_AT-COL-350_Type4.csv;nan;782.1538;787.6712;794.0103;763.7581;;;;;;;;;;;;;;;;;;;;;;;;;;;;;;;;;
251127_1311_AT-2_Type4.csv;nan;nan;251.9445;254.1322;237.7607;;;;;;;;;;;;;;;;;;;;;;;;;;;;;;;;;
251127_1311_AT-COL-2_Type4.csv;nan;nan;251.9445;254.1322;237.7607;;;;;;;;;;;;;;;;;;;;;;;;;;;;;;;;;
251127_1314_AT-2_Type4.csv;nan;231.5127;234.1284;236.1334;231.1802;;;;;;;;;;;;;;;;;;;;;;;;;;;;;;;;;
251127_1314_AT-COL-2_Type4.csv;nan;231.5127;234.1284;236.1334;231.1802;;;;;;;;;;;;;;;;;;;;;;;;;;;;;;;;;
251127_1315_AT-3_Type4.csv;233.1697;232.8639;235.2527;235.2527;231.4889;;;;;;;;;;;;;;;;;;;;;;;;;;;;;;;;;
251127_1315_AT-COL-3_Type4.csv;233.1697;232.8639;235.2527;235.2527;231.4889;;;;;;;;;;;;;;;;;;;;;;;;;;;;;;;;;
251127_1316_AT-4_Type4.csv;nan;268.8400;272.4672;273.3260;264.0399;;;;;;;;;;;;;;;;;;;;;;;;;;;;;;;;;
251127_1316_AT-COL-4_Type4.csv;nan;268.8400;272.4672;273.3260;264.0399;;;;;;;;;;;;;;;;;;;;;;;;;;;;;;;;;
251127_1329_PM-V-3_Type4.csv;179.0888;179.1968;181.9840;187.1238;168.0466;;;;;;;;;;;;;;;;;;;;;;;;;;;;;;;;;
251127_1329_STE-03_Type4.csv;179.0888;179.1968;181.9840;187.1238;168.0466;;;;;;;;;;;;;;;;;;;;;;;;;;;;;;;;;
251127_1330_PM-V-3_Type3.csv;nan;nan;763.1163;788.0087;606.9944;;;;;;;;;;;;;;;;;;;;;;;;;;;;;;;;;
251127_1330_STE-03_Type3.csv;nan;nan;763.1163;788.0087;606.9944;;;;;;;;;;;;;;;;;;;;;;;;;;;;;;;;;
251201_0000_35248_PM-V-3_PEC_Type3.csv;nan;767.7544;413.7448;1196.9707;46.6686;;;;;;;;;;;;;;;;;;;;;;;;;;;;;;;;;
251201_0000_AT-EI906_Type3.csv;nan;137237.0361;138388.8840;nan;nan;;;;;;;;;;;;;;;;;;;;;;;;;;;;;;;;;
251201_0000_temp_pec_Type9.csv;;;;;;;;;;;;;;;;;;;;;;;;;;;;;;;;;;;;;;
251201_0229_AT-EI906_Type3.csv;nan;-132029.2831;-132029.2831;-130505.5893;-133454.4983;;;;;;;;;;;;;;;;;;;;;;;;;;;;;;;;;
251201_0230_AT-EI906_Type3.csv;nan;nan;141154.8294;157019.8425;134015.4190;;;;;;;;;;;;;;;;;;;;;;;;;;;;;;;;;
251201_0233_AT-EI9061006-RT_Type3.csv;nan;207671.1685;211249.8688;211249.8688;201499.0356;;;;;;;;;;;;;;;;;;;;;;;;;;;;;;;;;
251201_0234_AT-EI9061006-RT_Type3.csv;nan;205737.4237;193256.3782;207321.0342;193256.3782;;;;;;;;;;;;;;;;;;;;;;;;;;;;;;;;;
251201_1200_AT-EI1006_Type3.csv;nan;43603.8986;47034.3040;47440.6231;41920.1958;;;;;;;;;;;;;;;;;;;;;;;;;;;;;;;;;
251201_1416_AT-EI1006_Type3.csv;nan;43603.8986;47034.3040;47440.6231;41920.1958;;;;;;;;;;;;;;;;;;;;;;;;;;;;;;;;;
251201_1418_AT-EI906_Type3.csv;nan;137237.0361;138388.8840;nan;nan;;;;;;;;;;;;;;;;;;;;;;;;;;;;;;;;;
251201_1429_AT-EI906_Type3.csv;nan;-132029.2831;-132029.2831;-130505.5893;-133454.4983;;;;;;;;;;;;;;;;;;;;;;;;;;;;;;;;;
251201_1430_AT-EI906_Type3.csv;nan;nan;141154.8294;157019.8425;134015.4190;;;;;;;;;;;;;;;;;;;;;;;;;;;;;;;;;
251201_1433_AT-EI9061006-RT_Type3.csv;nan;207671.1685;211249.8688;211249.8688;201499.0356;;;;;;;;;;;;;;;;;;;;;;;;;;;;;;;;;
251201_1434_AT-EI9061006-RT_Type3.csv;nan;205737.4237;193256.3782;207321.0342;193256.3782;;;;;;;;;;;;;;;;;;;;;;;;;;;;;;;;;
251201_1552_STE-03_Type3.csv;nan;767.7544;413.7448;1196.9707;46.6686;;;;;;;;;;;;;;;;;;;;;;;;;;;;;;;;;
251202_0951_AT-EI906-RT_Type3.csv;nan;137642.5278;136587.4146;139840.1367;133768.9270;;;;;;;;;;;;;;;;;;;;;;;;;;;;;;;;;
251202_0951_AT-EI906-RT_Type3_duplicate_1.csv;;;;;;;;;;;;;;;;;;;;;;;;;;;;;;;;;;;;;;
251202_0955_AT-EI906-RT_Type3.csv;-137667.4738;-137791.8594;-138881.1676;-134863.9206;-139695.6802;;;;;;;;;;;;;;;;;;;;;;;;;;;;;;;;;
251202_0955_AT-EI906-RT_Type3_duplicate_1.csv;;;;;;;;;;;;;;;;;;;;;;;;;;;;;;;;;;;;;;
251202_0956_AT-EI906-RT_Type3.csv;140410.4737;140538.9084;137272.1375;141992.8665;137272.1375;;;;;;;;;;;;;;;;;;;;;;;;;;;;;;;;;
251202_0956_AT-EI906-RT_Type3_duplicate_1.csv;;;;;;;;;;;;;;;;;;;;;;;;;;;;;;;;;;;;;;
251202_1000_AT-EI1006_Type3.csv;nan;nan;43640.4213;52241.0992;40454.8943;;;;;;;;;;;;;;;;;;;;;;;;;;;;;;;;;
251202_1000_AT-EI1006_Type3_duplicate_1.csv;;;;;;;;;;;;;;;;;;;;;;;;;;;;;;;;;;;;;;
251202_1003_AT-EI1006_Type3.csv;47482.1864;47413.3736;47779.8946;54461.4395;44515.0772;;;;;;;;;;;;;;;;;;;;;;;;;;;;;;;;;
251202_1003_AT-EI1006_Type3_duplicate_1.csv;;;;;;;;;;;;;;;;;;;;;;;;;;;;;;;;;;;;;;
251202_1006_AT-EI9061006-RT_Type3.csv;212736.3306;213437.1162;207584.9533;216471.3272;204110.9940;;;;;;;;;;;;;;;;;;;;;;;;;;;;;;;;;
251202_1006_AT-EI9061006-RT_Type3_duplicate_1.csv;;;;;;;;;;;;;;;;;;;;;;;;;;;;;;;;;;;;;;
251202_1008_AT-EI9061006_Type3.csv;nan;211132.8781;208097.0673;214246.1014;205162.4680;;;;;;;;;;;;;;;;;;;;;;;;;;;;;;;;;
251202_1008_AT-EI9061006_Type3_duplicate_1.csv;;;;;;;;;;;;;;;;;;;;;;;;;;;;;;;;;;;;;;
251202_1021_AT-EI9061006-5-cambiando-posicion_Type3.csv;nan;nan;139163.3102;147711.9919;125682.7698;;;;;;;;;;;;;;;;;;;;;;;;;;;;;;;;;
251202_1021_AT-EI9061006-5-cambiando-posicion_Type3_duplicate_1.csv;;;;;;;;;;;;;;;;;;;;;;;;;;;;;;;;;;;;;;
251202_1024_AT-EI9061006-3i4_Type3.csv;nan;nan;139412.0682;nan;nan;;;;;;;;;;;;;;;;;;;;;;;;;;;;;;;;;
251202_1024_AT-EI9061006-3i4_Type3_duplicate_1.csv;;;;;;;;;;;;;;;;;;;;;;;;;;;;;;;;;;;;;;
251202_1027_AT-EI906-RT_Type3.csv;133841.8654;134415.8844;121620.6024;141260.4904;118950.2243;;;;;;;;;;;;;;;;;;;;;;;;;;;;;;;;;
251202_1027_AT-EI906-RT_Type3_duplicate_1.csv;;;;;;;;;;;;;;;;;;;;;;;;;;;;;;;;;;;;;;
251202_1030_AT-EI906-RT_Type3.csv;nan;138849.5476;138334.3094;143237.7548;136181.3049;;;;;;;;;;;;;;;;;;;;;;;;;;;;;;;;;
251202_1030_AT-EI906-RT_Type3_duplicate_1.csv;;;;;;;;;;;;;;;;;;;;;;;;;;;;;;;;;;;;;;
251202_1033_AT-EI906-cambiando-posicion_Type3.csv;nan;nan;43231.7471;49613.3034;17011.7849;;;;;;;;;;;;;;;;;;;;;;;;;;;;;;;;;
251202_1033_AT-EI906-cambiando-posicion_Type3_duplicate_1.csv;;;;;;;;;;;;;;;;;;;;;;;;;;;;;;;;;;;;;;
251202_1037_AT-EI906-cambiando-posicion_Type3.csv;nan;49368.1160;55784.3204;55784.3204;44511.8156;;;;;;;;;;;;;;;;;;;;;;;;;;;;;;;;;
251202_1037_AT-EI906-cambiando-posicion_Type3_duplicate_1.csv;;;;;;;;;;;;;;;;;;;;;;;;;;;;;;;;;;;;;;
251202_1039_AT-EI9061006-3i1_Type3.csv;nan;150617.5598;148193.5226;237105.9448;143044.8898;;;;;;;;;;;;;;;;;;;;;;;;;;;;;;;;;
251202_1039_AT-EI9061006-3i1_Type3_duplicate_1.csv;;;;;;;;;;;;;;;;;;;;;;;;;;;;;;;;;;;;;;
251202_1050_AT-E900E1000-3-experiment_Type3.csv;101131.0418;140076.6861;0.0000;165997.6501;0.0000;;;;;;;;;;;;;;;;;;;;;;;;;;;;;;;;;
251202_1050_AT-EI9061006-3-experiment_Type3.csv;101131.0418;140076.6861;0.0000;165997.6501;0.0000;;;;;;;;;;;;;;;;;;;;;;;;;;;;;;;;;
251202_1050_AT-EI9061006-3-experiment_Type3_duplicate_1.csv;;;;;;;;;;;;;;;;;;;;;;;;;;;;;;;;;;;;;;
251202_1101_AT-E900E1000-1-experiment_Type3.csv;162343.0221;213818.4586;0.0000;219055.6961;0.0000;;;;;;;;;;;;;;;;;;;;;;;;;;;;;;;;;
251202_1101_AT-EI9061006-1-experiment_Type3.csv;162343.0221;213818.4586;0.0000;219055.6961;0.0000;;;;;;;;;;;;;;;;;;;;;;;;;;;;;;;;;
251202_1101_AT-EI9061006-1-experiment_Type3_duplicate_1.csv;;;;;;;;;;;;;;;;;;;;;;;;;;;;;;;;;;;;;;
251203_1131_AT-2_Type3.csv;nan;237208.5022;236088.2538;273352.9724;222287.4619;;;;;;;;;;;;;;;;;;;;;;;;;;;;;;;;;
251203_1131_AT-COL-2_Type3.csv;nan;237208.5022;236088.2538;273352.9724;222287.4619;;;;;;;;;;;;;;;;;;;;;;;;;;;;;;;;;
251203_1136_AT-3_Type3.csv;223085.5716;223165.7845;223300.1953;227107.0816;217768.6203;;;;;;;;;;;;;;;;;;;;;;;;;;;;;;;;;
251203_1136_AT-COL-3_Type3.csv;223085.5716;223165.7845;223300.1953;227107.0816;217768.6203;;;;;;;;;;;;;;;;;;;;;;;;;;;;;;;;;
251203_1138_AT-4_Type3.csv;nan;nan;238872.3541;250156.8787;228992.2394;;;;;;;;;;;;;;;;;;;;;;;;;;;;;;;;;
251203_1138_AT-COL-4_Type3.csv;nan;nan;238872.3541;250156.8787;228992.2394;;;;;;;;;;;;;;;;;;;;;;;;;;;;;;;;;
251203_1142_AT-5_Type3.csv;226025.3143;226104.2358;235557.8888;237781.6315;217519.7800;;;;;;;;;;;;;;;;;;;;;;;;;;;;;;;;;
251203_1142_AT-COL-5_Type3.csv;226025.3143;226104.2358;235557.8888;237781.6315;217519.7800;;;;;;;;;;;;;;;;;;;;;;;;;;;;;;;;;
251204_0000_PM-V-1_E800_Type3.csv;nan;nan;225.1604;nan;nan;;;;;;;;;;;;;;;;;;;;;;;;;;;;;;;;;
251204_0118_AT-E800_Type3.csv;45985.9482;46043.0265;44401.3447;47545.3262;44401.3447;;;;;;;;;;;;;;;;;;;;;;;;;;;;;;;;;
251204_0119_AT-E800_Type3.csv;47140.7493;47086.5955;48849.5888;48849.5888;46051.1375;;;;;;;;;;;;;;;;;;;;;;;;;;;;;;;;;
251204_0121_AT-E800_Type3.csv;nan;nan;46940.4774;48848.9502;42605.4577;;;;;;;;;;;;;;;;;;;;;;;;;;;;;;;;;
251204_1318_AT-E800_Type3.csv;45985.9482;46043.0265;44401.3447;47545.3262;44401.3447;;;;;;;;;;;;;;;;;;;;;;;;;;;;;;;;;
251204_1319_AT-E800_Type3.csv;47140.7493;47086.5955;48849.5888;48849.5888;46051.1375;;;;;;;;;;;;;;;;;;;;;;;;;;;;;;;;;
251204_1321_AT-E800_Type3.csv;nan;nan;46940.4774;48848.9502;42605.4577;;;;;;;;;;;;;;;;;;;;;;;;;;;;;;;;;
251204_1414_STE-01_Type3.csv;nan;nan;225.1604;nan;nan;;;;;;;;;;;;;;;;;;;;;;;;;;;;;;;;;
251205_0000_44520_PM-V-1_E800_Type3.csv;nan;nan;206.3417;237.4131;81.8048;;;;;;;;;;;;;;;;;;;;;;;;;;;;;;;;;
251205_0445_STE-01_Type3.csv;nan;nan;206.3417;237.4131;81.8048;;;;;;;;;;;;;;;;;;;;;;;;;;;;;;;;;
251209_0000_AT-2_OD2_Type3.csv;nan;nan;230660.7330;233256.4453;221650.8453;;;;;;;;;;;;;;;;;;;;;;;;;;;;;;;;;
251209_0000_AT-2_OD3_Type3.csv;224808.3657;225732.1564;220503.5431;227692.5980;215799.8428;;;;;;;;;;;;;;;;;;;;;;;;;;;;;;;;;
251209_0000_AT-2_Type3.csv;nan;156474.0349;152737.0422;169070.8694;150090.8752;;;;;;;;;;;;;;;;;;;;;;;;;;;;;;;;;
251209_0000_AT-3_Type3.csv;148043.0197;148091.9266;147970.0058;149327.9709;144909.4070;;;;;;;;;;;;;;;;;;;;;;;;;;;;;;;;;
251209_0000_AT-4_Type3.csv;nan;nan;251893.5699;254213.1683;213962.6541;;;;;;;;;;;;;;;;;;;;;;;;;;;;;;;;;
251209_0000_AT-5_OD2_Type3.csv;225573.3513;219746.1044;221052.4750;278542.2546;214222.7280;;;;;;;;;;;;;;;;;;;;;;;;;;;;;;;;;
251209_0000_AT-5_Type3.csv;nan;163010.1517;156257.1579;174164.2273;150250.2319;;;;;;;;;;;;;;;;;;;;;;;;;;;;;;;;;
251209_1035_AT-PEC-RT_Type3.csv;nan;98165.5540;98223.5344;108698.5313;94240.0772;;;;;;;;;;;;;;;;;;;;;;;;;;;;;;;;;
251209_1035_AT-PEC_Type3.csv;nan;121664.8499;125452.3590;129958.5388;106096.8933;;;;;;;;;;;;;;;;;;;;;;;;;;;;;;;;;
251209_1038_AT-PEC-RT_Type3.csv;nan;98165.5540;98223.5344;108698.5313;94240.0772;;;;;;;;;;;;;;;;;;;;;;;;;;;;;;;;;
251209_1038_AT-PEC_Type3.csv;nan;121664.8499;125452.3590;129958.5388;106096.8933;;;;;;;;;;;;;;;;;;;;;;;;;;;;;;;;;
251209_1042_AT-PEC_Type3.csv;102791.1625;101725.6805;101160.4408;110646.8262;96827.6733;;;;;;;;;;;;;;;;;;;;;;;;;;;;;;;;;
251209_1042_AT-PEC_Type3_duplicate_1.csv;;;;;;;;;;;;;;;;;;;;;;;;;;;;;;;;;;;;;;
251209_1105_AT-E100_Type3.csv;89611.0816;89602.4597;93239.4287;97128.7331;86131.2607;;;;;;;;;;;;;;;;;;;;;;;;;;;;;;;;;
251209_1105_AT-E100_Type3_duplicate_1.csv;;;;;;;;;;;;;;;;;;;;;;;;;;;;;;;;;;;;;;
251209_1223_AT-PEC-RT_Type3.csv;nan;nan;-105734.6603;-93994.9448;-108226.1192;;;;;;;;;;;;;;;;;;;;;;;;;;;;;;;;;
251209_1223_AT-PEC-RT_Type3_duplicate_1.csv;;;;;;;;;;;;;;;;;;;;;;;;;;;;;;;;;;;;;;
251209_1224_AT-PEC_Type3.csv;123780.1874;125675.2441;104400.5493;130744.9539;104400.5493;;;;;;;;;;;;;;;;;;;;;;;;;;;;;;;;;
251209_1224_AT-PEC_Type3_duplicate_1.csv;;;;;;;;;;;;;;;;;;;;;;;;;;;;;;;;;;;;;;
251209_1231_AT-E100-RT_Type3.csv;-82567.0895;-82889.2467;-75652.9266;-75652.9266;-86508.6891;;;;;;;;;;;;;;;;;;;;;;;;;;;;;;;;;
251209_1231_AT-E100-RT_Type3_duplicate_1.csv;;;;;;;;;;;;;;;;;;;;;;;;;;;;;;;;;;;;;;
251209_1235_AT-E100-RT_Type3.csv;-95436.3259;-95312.8613;-97016.8854;-91964.5271;-101165.3091;;;;;;;;;;;;;;;;;;;;;;;;;;;;;;;;;
251209_1235_AT-E100-RT_Type3_duplicate_1.csv;;;;;;;;;;;;;;;;;;;;;;;;;;;;;;;;;;;;;;
251209_1236_AT-E100_Type3.csv;100106.6651;97556.6780;111576.6335;112015.2214;90730.9959;;;;;;;;;;;;;;;;;;;;;;;;;;;;;;;;;
251209_1236_AT-E100_Type3_duplicate_1.csv;;;;;;;;;;;;;;;;;;;;;;;;;;;;;;;;;;;;;;
251209_1238_AT-E100-RT_Type3.csv;nan;nan;-82047.1481;-70743.5349;-109569.7128;;;;;;;;;;;;;;;;;;;;;;;;;;;;;;;;;
251209_1238_AT-E100-RT_Type3_duplicate_1.csv;;;;;;;;;;;;;;;;;;;;;;;;;;;;;;;;;;;;;;
251209_1240_AT-E100_Type3.csv;92231.5060;92807.9544;84190.7387;98237.5145;84190.7387;;;;;;;;;;;;;;;;;;;;;;;;;;;;;;;;;
251209_1240_AT-E100_Type3_duplicate_1.csv;;;;;;;;;;;;;;;;;;;;;;;;;;;;;;;;;;;;;;
251209_1253_AT-EI150_Type3.csv;nan;27390.0138;27142.6180;32330.9338;20898.2534;;;;;;;;;;;;;;;;;;;;;;;;;;;;;;;;;
251209_1253_AT-EI150_Type3_duplicate_1.csv;;;;;;;;;;;;;;;;;;;;;;;;;;;;;;;;;;;;;;
251209_1253_AT-EI150RARO2_Type3.csv;nan;nan;0.0000;nan;nan;;;;;;;;;;;;;;;;;;;;;;;;;;;;;;;;;
251209_1253_AT-EI150RARO_Type3.csv;nan;0.0000;0.0000;nan;nan;;;;;;;;;;;;;;;;;;;;;;;;;;;;;;;;;
251209_1255_AT-EI150RARO_Type3.csv;nan;0.0000;0.0000;nan;nan;;;;;;;;;;;;;;;;;;;;;;;;;;;;;;;;;
251209_1302_AT-EI150RARO2_Type3.csv;nan;nan;0.0000;nan;nan;;;;;;;;;;;;;;;;;;;;;;;;;;;;;;;;;
251209_1315_AT-E100-RT_Type3.csv;-94155.1259;-93822.0543;-97936.0153;-90704.8073;-97936.0153;;;;;;;;;;;;;;;;;;;;;;;;;;;;;;;;;
251209_1315_AT-E100-RT_Type3_duplicate_1.csv;;;;;;;;;;;;;;;;;;;;;;;;;;;;;;;;;;;;;;
251209_1317_AT-E100_Type3.csv;101977.4415;101767.1814;101140.6998;105586.3655;99860.8955;;;;;;;;;;;;;;;;;;;;;;;;;;;;;;;;;
251209_1317_AT-E100_Type3_duplicate_1.csv;;;;;;;;;;;;;;;;;;;;;;;;;;;;;;;;;;;;;;
251209_1320_AT-EI102-RT_Type3.csv;-22009.6830;-22060.9520;-22407.0951;-21071.0529;-23143.5362;;;;;;;;;;;;;;;;;;;;;;;;;;;;;;;;;
251209_1320_AT-EI102-RT_Type3_duplicate_1.csv;;;;;;;;;;;;;;;;;;;;;;;;;;;;;;;;;;;;;;
251209_1321_AT-EI102_Type3.csv;23765.2352;23836.8834;22962.7424;25315.4629;18635.6295;;;;;;;;;;;;;;;;;;;;;;;;;;;;;;;;;
251209_1321_AT-EI102_Type3_duplicate_1.csv;;;;;;;;;;;;;;;;;;;;;;;;;;;;;;;;;;;;;;
251209_1331_AT-2_Type3.csv;nan;156474.0349;152737.0422;169070.8694;150090.8752;;;;;;;;;;;;;;;;;;;;;;;;;;;;;;;;;
251209_1335_AT-3_Type3.csv;148043.0197;148091.9266;147970.0058;149327.9709;144909.4070;;;;;;;;;;;;;;;;;;;;;;;;;;;;;;;;;
251209_1337_AT-5_Type3.csv;nan;163010.1517;156257.1579;174164.2273;150250.2319;;;;;;;;;;;;;;;;;;;;;;;;;;;;;;;;;
251209_1341_AT-4_Type3.csv;nan;nan;251893.5699;254213.1683;213962.6541;;;;;;;;;;;;;;;;;;;;;;;;;;;;;;;;;
251209_1343_AT-3_Type3.csv;211313.0516;211683.5403;208502.7786;213178.8757;207564.7385;;;;;;;;;;;;;;;;;;;;;;;;;;;;;;;;;
251209_1348_AT-5_OD2_Type3.csv;225573.3513;219746.1044;221052.4750;278542.2546;214222.7280;;;;;;;;;;;;;;;;;;;;;;;;;;;;;;;;;
251209_1352_AT-2_OD2_Type3.csv;nan;nan;230660.7330;233256.4453;221650.8453;;;;;;;;;;;;;;;;;;;;;;;;;;;;;;;;;
251209_1356_AT-2_OD3_Type3.csv;224808.3657;225732.1564;220503.5431;227692.5980;215799.8428;;;;;;;;;;;;;;;;;;;;;;;;;;;;;;;;;
251211_0000_PM-V-4_Type8.csv;nan;-10.9307;-9.6165;-8.9172;-11.3025;;;;;;;;;;;;;;;;;;;;;;;;;;;;;;;;;
260108_1119_AT-EI806_Type4.csv;nan;33.0724;32.8283;nan;nan;;;;;;;;;;;;;;;;;;;;;;;;;;;;;;;;;
260108_1124_AT-EI801_Type4.csv;nan;9.9645;10.2634;nan;nan;;;;;;;;;;;;;;;;;;;;;;;;;;;;;;;;;
260205_0000_PM-V-3_Type3.csv;nan;451.3458;nan;nan;nan;;;;;;;;;;;;;;;;;;;;;;;;;;;;;;;;;
260205_1314_STE-03_Type3.csv;nan;451.3458;nan;nan;nan;;;;;;;;;;;;;;;;;;;;;;;;;;;;;;;;;
260206_1423_AT-E800-experiment_Type4.csv;nan;48.0195;46.3998;56.7520;44.4953;;;;;;;;;;;;;;;;;;;;;;;;;;;;;;;;;
260206_1423_AT-E800-experiment_Type4_duplicate_1.csv;;;;;;;;;;;;;;;;;;;;;;;;;;;;;;;;;;;;;;
260206_1553_AT-EI9001006-experiment_Type4.csv;nan;180.7374;232.1347;248.0880;118.4052;;;;;;;;;;;;;;;;;;;;;;;;;;;;;;;;;
260206_1553_AT-EI9001006-experiment_Type4_duplicate_1.csv;;;;;;;;;;;;;;;;;;;;;;;;;;;;;;;;;;;;;;
260206_1616_AT-EI9061006-experiment_Type4.csv;176.0099;200.8039;218.8553;218.8553;112.1481;;;;;;;;;;;;;;;;;;;;;;;;;;;;;;;;;
260206_1626_AT-EI9061006-experiment_Type4.csv;176.0099;200.8039;218.8553;218.8553;112.1481;;;;;;;;;;;;;;;;;;;;;;;;;;;;;;;;;
260206_1640_AT-EI906-experiment_Type4.csv;nan;140.2855;79.5026;145.4837;27.5304;;;;;;;;;;;;;;;;;;;;;;;;;;;;;;;;;
260206_1654_AT-EI906-experiment_Type4.csv;nan;140.2855;79.5026;145.4837;27.5304;;;;;;;;;;;;;;;;;;;;;;;;;;;;;;;;;
260219_0000_PM-V-7_Type4.csv;nan;nan;0.0000;nan;nan;;;;;;;;;;;;;;;;;;;;;;;;;;;;;;;;;
260219_1123_STE-07_Type4.csv;nan;nan;0.0000;nan;nan;;;;;;;;;;;;;;;;;;;;;;;;;;;;;;;;;
260219_1448_PM-V-7_Type4.csv;nan;nan;0.0000;nan;nan;;;;;;;;;;;;;;;;;;;;;;;;;;;;;;;;;
260219_1448_STE-07_Type4.csv;nan;nan;0.0000;nan;nan;;;;;;;;;;;;;;;;;;;;;;;;;;;;;;;;;
260223_0000_PM-V-7_Type4.csv;nan;264.8170;nan;nan;nan;;;;;;;;;;;;;;;;;;;;;;;;;;;;;;;;;
260223_0753_STE-07_Type4.csv;nan;264.8170;nan;nan;nan;;;;;;;;;;;;;;;;;;;;;;;;;;;;;;;;;
260224_0000_PM-V-7_Type4.csv;nan;251.5667;nan;nan;nan;;;;;;;;;;;;;;;;;;;;;;;;;;;;;;;;;
260224_1349_STE-07_Type4.csv;nan;251.5667;nan;nan;nan;;;;;;;;;;;;;;;;;;;;;;;;;;;;;;;;;
260225_1406_STE-07_Type4.csv;nan;322.0724;nan;nan;nan;;;;;;;;;;;;;;;;;;;;;;;;;;;;;;;;;
260309_1030_STE-08_Type4.csv;nan;0.3916;nan;nan;nan;;;;;;;;;;;;;;;;;;;;;;;;;;;;;;;;;
260309_1333_STE-08_Type4.csv;nan;3.0811;nan;nan;nan;;;;;;;;;;;;;;;;;;;;;;;;;;;;;;;;;
260316_0858_STE-05_Type4.csv;nan;-0.0686;nan;nan;nan;;;;;;;;;;;;;;;;;;;;;;;;;;;;;;;;;
260316_1349_STE-05_Type4.csv;nan;0.5714;nan;nan;nan;;;;;;;;;;;;;;;;;;;;;;;;;;;;;;;;;
260324_0000_573-5_10_OD60_Type1.csv;48.4388;2.4400;2.1900;223.0200;1.8300;G 608ST-60802901;STORED;24.03.2026;12:16:10;;: A:573-5;60.3 mm;3.6 mm;0.1 mm;Carbon Steel;WITHOUT LINING;Steam low press.;150.0 C;GRM1SH3-186243;1 NUM;40.0 mm;10 s;m3/h;mA;00:01:00 AVERAGE;Volume flow;[m3/h]/[m3];1692;675.0454;677.1000;677.1000;1041.3000;38.0000;;;;;
260420_7357_23_OD80_Type1.csv;;;;;;G 608ST-60802901;STORED;20.04.2026;11:00:23;;: A:7357;80.0 mm;0.1 mm;0.1 mm;Other Material;WITHOUT LINING;Other Medium;150.0 C;GRM1SH3-186243;1 NUM;-62.6 mm;10 s;m3/h;mA;00:01:00 AVERAGE;Volume flow;[m3/h]/[m3];1;;;;;;330.0 m/s;330.0 m/s;330.0 m/s;3.3 mm2/s;0.00 g/cm3
260420_7357_29_OD15_Type1.csv;;;;;;G 608ST-60802901;STORED;20.04.2026;11:07:29;;: A:7357;15.0 mm;0.1 mm;0.1 mm;Other Material;WITHOUT LINING;Other Medium;150.0 C;GRM1SH3-186243;1 NUM;-70.4 mm;10 s;kg/h;mA;00:01:00 AVERAGE;Mass flow;[kg/h]/[kg];1;;;;;;330.0 m/s;330.0 m/s;330.0 m/s;3.3 mm2/s;0.00 g/cm3
260420_7357_33_OD80_Type1.csv;;;;;;G 608ST-60802901;STORED;20.04.2026;11:02:33;;: A:7357;80.0 mm;0.1 mm;0.1 mm;Other Material;WITHOUT LINING;Other Medium;150.0 C;GRM1SH3-186243;1 NUM;-62.6 mm;10 s;kg/h;mA;00:01:00 AVERAGE;Mass flow;[kg/h]/[kg];4;;;;;;330.0 m/s;330.0 m/s;330.0 m/s;3.3 mm2/s;0.00 g/cm3
260504_0000_-200-02_48_OD76_Type1.csv;-14.6080;-15.6500;-9.3100;-9.3100;-16.7900;G 608ST-60802901;STORED;04.05.2026;08:00:48;;: B:-200-02;76.1 mm;3.6 mm;0.1 mm;Carbon Steel;WITHOUT LINING;Water;20.0 C;CDM1N5213047;2 NUM;5.9 mm;10 s;m3/h;mA;00:00:01 SAMPLES;Volume flow;[m3/h]/[m3];66;494.9692;39.0000;11.0000;2029.6000;11.0000;;;;;
260504_0000_-303_55_OD60_Type1.csv;0.4415;0.3700;0.0000;0.8800;-0.2200;G 608ST-60802901;STORED;04.05.2026;08:07:55;;: B:-303;60.3 mm;3.6 mm;0.1 mm;Carbon Steel;WITHOUT LINING;Water;20.0 C;CDM1N5213047;4 NUM;34.7 mm;10 s;m3/h;mA;00:00:01 SAMPLES;Volume flow;[m3/h]/[m3];64;2405.5484;2594.7500;2521.6000;2734.5000;11.0000;;;;;
260504_0000_-710-01_34_OD168_Type1.csv;29.4309;29.4700;30.1300;31.7900;27.4300;G 608ST-60802901;STORED;04.05.2026;09:18:34;;: B:-710-01;168.3 mm;5.0 mm;0.1 mm;Carbon Steel;WITHOUT LINING;Water;20.0 C;CDM1N5213047;2 NUM;78.5 mm;10 s;m3/h;mA;00:00:01 SAMPLES;Volume flow;[m3/h]/[m3];44;1155.8795;1484.8000;11.0000;1508.4000;11.0000;;;;;
260504_0000_-710-01_56_OD168_Type1.csv;-27.6560;-33.0700;-33.0700;-13.3400;-33.2200;G 608ST-60802901;STORED;04.05.2026;09:17:56;;: B:-710-01;168.3 mm;5.0 mm;0.1 mm;Carbon Steel;WITHOUT LINING;Water;20.0 C;CDM1N5213047;2 NUM;78.5 mm;10 s;m3/h;mA;00:00:01 SAMPLES;Volume flow;[m3/h]/[m3];20;923.3350;1496.4000;1537.3000;1552.9000;11.0000;;;;;
260504_0000_1-120_37_OD141_Type1.csv;85.1523;85.4050;76.8700;91.6000;71.7300;G 608ST-60802901;STORED;04.05.2026;12:01:37;;: B:1-120;141.0 mm;5.0 mm;0.1 mm;Carbon Steel;WITHOUT LINING;Water;20.0 C;CDM1N5213047;2 NUM;57.4 mm;10 s;m3/h;mA;00:00:01 SAMPLES;Volume flow;[m3/h]/[m3];87;1180.1368;1499.0000;11.0000;1574.8000;11.0000;;;;;
260504_0000_1-160_41_OD129_Type1.csv;76.3362;74.4300;74.0900;84.5000;72.6100;G 608ST-60802901;STORED;04.05.2026;12:05:41;;: B:1-160;129.0 mm;2.0 mm;0.0 mm;Stainless Steel;WITHOUT LINING;Water;20.0 C;CDM1N5213047;2 NUM;44.7 mm;10 s;m3/h;mA;00:00:01 SAMPLES;Volume flow;[m3/h]/[m3];61;1358.3600;1479.9000;1480.1000;1483.5000;13.0000;;;;;
260504_0000_1-170_02_OD114_Type1.csv;55.4357;64.1500;64.1500;64.9800;-66.4900;G 608ST-60802901;STORED;04.05.2026;12:09:02;;: B:1-170;114.0 mm;2.0 mm;0.0 mm;Stainless Steel;WITHOUT LINING;Water;20.0 C;CDM1N5213047;2 NUM;33.1 mm;10 s;m3/h;mA;00:00:01 SAMPLES;Volume flow;[m3/h]/[m3];53;1191.9245;1465.4000;1465.4000;1467.8000;13.0000;;;;;
260504_0000_273-0_02_OD323_Type1.csv;659.5693;659.6900;660.4400;680.5600;640.7500;G 608ST-60802901;STORED;04.05.2026;10:49:02;;: B:273-0;323.0 mm;5.5 mm;0.1 mm;Carbon Steel;WITHOUT LINING;Water;20.0 C;CDM1N5213047;2 NUM;198.4 mm;10 s;m3/h;mA;00:00:01 SAMPLES;Volume flow;[m3/h]/[m3];152;1063.8776;1488.2000;11.0000;1502.8000;10.0000;;;;;
260504_0000_273_12_OD273_Type1.csv;183.4950;181.0100;198.5800;205.2700;175.1300;G 608ST-60802901;STORED;04.05.2026;10:43:12;;: B:273;273.0 mm;5.0 mm;0.1 mm;Carbon Steel;WITHOUT LINING;Water;20.0 C;CDM1N5213047;2 NUM;159.3 mm;10 s;m3/h;mA;00:00:01 SAMPLES;Volume flow;[m3/h]/[m3];104;1493.7250;1489.2000;1482.5000;1518.3000;1481.5000;;;;;
260504_0000_3-100-01_05_OD220_Type1.csv;72.5974;94.1450;-94.3600;97.6200;-94.3600;G 608ST-60802901;STORED;04.05.2026;11:13:05;;: B:3-100-01;220.0 mm;5.5 mm;0.1 mm;Carbon Steel;WITHOUT LINING;Water;20.0 C;CDM1N5213047;2 NUM;118.9 mm;10 s;m3/h;mA;00:00:01 SAMPLES;Volume flow;[m3/h]/[m3];132;968.5674;1507.9000;11.0000;1527.3000;9.0000;;;;;
260504_0000_3-100-02_12_OD220_Type1.csv;37.7372;38.2750;19.8600;46.8700;19.8600;G 608ST-60802901;STORED;04.05.2026;11:18:12;;: B:3-100-02;220.0 mm;5.5 mm;0.1 mm;Carbon Steel;WITHOUT LINING;Water;20.0 C;CDM1N5213047;2 NUM;118.9 mm;10 s;m3/h;mA;00:00:01 SAMPLES;Volume flow;[m3/h]/[m3];68;1489.9426;1508.8000;1499.2000;1528.2000;14.0000;;;;;
260504_0000_3-100-04_42_OD141_Type1.csv;67.2122;69.5900;71.8300;78.0300;54.2500;G 608ST-60802901;STORED;04.05.2026;11:21:42;;: B:3-100-04;141.0 mm;4.0 mm;0.1 mm;Carbon Steel;WITHOUT LINING;Water;20.0 C;CDM1N5213047;2 NUM;56.4 mm;10 s;m3/h;mA;00:00:01 SAMPLES;Volume flow;[m3/h]/[m3];114;1150.2175;1521.2000;13.0000;1585.9000;11.0000;;;;;
260504_0000_3-700-01_26_OD220_Type1.csv;77.5325;76.2750;84.4300;86.9900;71.8400;G 608ST-60802901;STORED;04.05.2026;09:25:26;;: B:3-700-01;220.0 mm;5.0 mm;0.1 mm;Carbon Steel;WITHOUT LINING;Water;20.0 C;CDM1N5213047;2 NUM;118.4 mm;10 s;m3/h;mA;00:00:01 SAMPLES;Volume flow;[m3/h]/[m3];34;1497.8000;1494.3000;1494.3000;1507.9000;1492.1000;;;;;
260504_0000_3-800-02_03_OD88_Type1.csv;;;;;;G 608ST-60802901;STORED;04.05.2026;08:30:03;;: A:3-800-02;88.9 mm;2.0 mm;0.0 mm;Stainless Steel;WITHOUT LINING;Water;20.0 C;CDM1N5213047;2 NUM;13.7 mm;10 s;kg/h;mA;00:01:00 AVERAGE;Mass flow;[kg/h]/[kg];1;;;;;;;;;;
260504_0000_3-800-03_02_OD154_Type1.csv;89.2653;130.3200;131.0100;131.7600;-129.3200;G 608ST-60802901;STORED;04.05.2026;08:47:02;;: B:3-800-03;154.0 mm;2.0 mm;0.0 mm;Stainless Steel;WITHOUT LINING;Water;20.0 C;CDM1N5213047;2 NUM;64.0 mm;10 s;m3/h;mA;00:00:01 SAMPLES;Volume flow;[m3/h]/[m3];95;421.9200;40.0000;13.0000;1559.7000;13.0000;;;;;
260504_0000_3-800-03_45_OD139_Type1.csv;;;;;;G 608ST-60802901;STORED;04.05.2026;08:24:45;;: A:3-800-03;139.7 mm;2.0 mm;0.0 mm;Stainless Steel;WITHOUT LINING;Water;20.0 C;CDM1N5213047;2 NUM;52.9 mm;10 s;kg/h;mA;00:01:00 AVERAGE;Mass flow;[kg/h]/[kg];3;491.2333;13.0000;13.0000;1447.7000;13.0000;;;;;
260504_0000_3-900-01_32_OD204_Type1.csv;233.0956;231.4500;238.1900;242.1900;227.0200;G 608ST-60802901;STORED;04.05.2026;10:33:32;;: B:3-900-01;204.0 mm;2.0 mm;0.0 mm;Stainless Steel;WITHOUT LINING;Water;20.0 C;CDM1N5213047;2 NUM;102.6 mm;10 s;m3/h;mA;00:00:01 SAMPLES;Volume flow;[m3/h]/[m3];72;960.7986;1461.3500;15.0000;1482.7000;13.0000;;;;;
260504_0000_3-900-01_37_OD204_Type1.csv;225.6409;225.8000;226.4900;233.7700;208.6800;G 608ST-60802901;STORED;04.05.2026;09:14:37;;: B:3-900-01;204.0 mm;2.0 mm;0.0 mm;Stainless Steel;WITHOUT LINING;Water;20.0 C;CDM1N5213047;2 NUM;102.6 mm;10 s;m3/h;mA;00:00:01 SAMPLES;Volume flow;[m3/h]/[m3];65;1215.4446;1460.4000;1460.6000;1460.6000;13.0000;;;;;
260504_0000_3-900-02_04_OD204_Type1.csv;-45.1784;-41.2800;-80.6400;66.2100;-91.7300;G 608ST-60802901;STORED;04.05.2026;08:55:04;;: B:3-900-02;204.0 mm;2.0 mm;0.0 mm;Stainless Steel;WITHOUT LINING;Water;20.0 C;CDM1N5213047;2 NUM;102.6 mm;10 s;m3/h;mA;00:00:01 SAMPLES;Volume flow;[m3/h]/[m3];162;527.8611;31.0000;13.0000;1460.9000;13.0000;;;;;
260504_0000_3-900-02_11_OD204_Type1.csv;71.4237;71.1250;70.1300;75.0900;68.2100;G 608ST-60802901;STORED;04.05.2026;09:03:11;;: B:3-900-02;204.0 mm;2.0 mm;0.0 mm;Stainless Steel;WITHOUT LINING;Water;20.0 C;CDM1N5213047;2 NUM;102.6 mm;10 s;m3/h;mA;00:00:01 SAMPLES;Volume flow;[m3/h]/[m3];86;258.0919;13.0000;13.0000;1180.2000;13.0000;;;;;
260504_0000_3-900-02_43_OD204_Type1.csv;165.0147;162.7500;162.7500;174.7400;152.7400;G 608ST-60802901;STORED;04.05.2026;10:30:43;;: B:3-900-02;204.0 mm;2.0 mm;0.0 mm;Stainless Steel;WITHOUT LINING;Water;20.0 C;CDM1N5213047;2 NUM;102.6 mm;10 s;m3/h;mA;00:00:01 SAMPLES;Volume flow;[m3/h]/[m3];88;1252.6091;1376.8000;1378.0000;1378.3000;13.0000;;;;;
260504_0000_3-900-02_47_OD204_Type1.csv;60.2078;68.4700;-57.5700;78.0000;-57.5700;G 608ST-60802901;STORED;04.05.2026;08:51:47;;: B:3-900-02;204.0 mm;2.0 mm;0.0 mm;Stainless Steel;WITHOUT LINING;Water;20.0 C;CDM1N5213047;2 NUM;102.6 mm;10 s;m3/h;mA;00:00:01 SAMPLES;Volume flow;[m3/h]/[m3];109;702.1156;1154.2000;13.0000;1463.6000;13.0000;;;;;
260504_0000_3-900-02_55_OD204_Type1.csv;76.1306;76.7950;83.2200;83.2200;68.6500;G 608ST-60802901;STORED;04.05.2026;08:53:55;;: B:3-900-02;204.0 mm;2.0 mm;0.0 mm;Stainless Steel;WITHOUT LINING;Water;20.0 C;CDM1N5213047;2 NUM;102.6 mm;10 s;m3/h;mA;00:00:01 SAMPLES;Volume flow;[m3/h]/[m3];52;644.7923;591.7500;13.0000;1342.8000;13.0000;;;;;
260504_0000_3-900-04_04_OD154_Type1.csv;150.0041;149.2000;152.9000;155.3500;144.7800;G 608ST-60802901;STORED;04.05.2026;10:28:04;;: B:3-900-04;154.0 mm;2.0 mm;0.0 mm;Stainless Steel;WITHOUT LINING;Water;20.0 C;CDM1N5213047;2 NUM;64.0 mm;10 s;m3/h;mA;00:00:01 SAMPLES;Volume flow;[m3/h]/[m3];59;1246.7627;1468.6000;1470.1000;1470.2000;13.0000;;;;;
260504_0000_3-900-04_51_OD154_Type1.csv;119.3738;126.1600;63.7500;131.1100;40.0400;G 608ST-60802901;STORED;04.05.2026;08:59:51;;: B:3-900-04;154.0 mm;2.0 mm;0.0 mm;Stainless Steel;WITHOUT LINING;Water;20.0 C;CDM1N5213047;2 NUM;64.0 mm;10 s;m3/h;mA;00:00:01 SAMPLES;Volume flow;[m3/h]/[m3];143;647.0385;41.0000;13.0000;1559.8000;13.0000;;;;;
260504_0000_3-900-08_47_OD139_Type1.csv;;;;;;G 608ST-60802901;STORED;04.05.2026;08:39:47;;: A:3-900-08;139.7 mm;2.0 mm;0.0 mm;Stainless Steel;WITHOUT LINING;Water;20.0 C;CDM1N5213047;2 NUM;52.9 mm;10 s;kg/h;mA;00:01:00 AVERAGE;Mass flow;[kg/h]/[kg];2;781.5500;781.5500;14.0000;1549.1000;14.0000;;;;;
260504_0000_3-900-09_04_OD139_Type1.csv;;;;;;G 608ST-60802901;STORED;04.05.2026;08:37:04;;: A:3-900-09;139.7 mm;2.0 mm;0.0 mm;Stainless Steel;WITHOUT LINING;Water;20.0 C;CDM1N5213047;2 NUM;52.9 mm;10 s;kg/h;mA;00:01:00 AVERAGE;Mass flow;[kg/h]/[kg];1;;;;;;;;;;
260504_0000_31-701_29_OD114_Type1.csv;2.4287;2.2000;2.5800;4.1000;1.5800;G 608ST-60802901;STORED;04.05.2026;09:21:29;;: B:31-701;114.0 mm;4.5 mm;0.1 mm;Carbon Steel;WITHOUT LINING;Water;20.0 C;CDM1N5213047;2 NUM;36.1 mm;10 s;m3/h;mA;00:00:01 SAMPLES;Volume flow;[m3/h]/[m3];124;965.9056;1652.5000;11.0000;1729.4000;11.0000;;;;;
260504_0000_323_11_OD323_Type1.csv;615.6184;619.0700;606.3700;640.6400;578.2800;G 608ST-60802901;STORED;04.05.2026;09:32:11;;: B:323;323.0 mm;5.5 mm;0.1 mm;Carbon Steel;WITHOUT LINING;Water;20.0 C;CDM1N5213047;2 NUM;198.4 mm;10 s;m3/h;mA;00:00:01 SAMPLES;Volume flow;[m3/h]/[m3];129;1486.0426;1495.8000;1495.9000;1523.6000;9.0000;;;;;
260504_0000_47-1_05_OD168_Type1.csv;276.5695;276.2100;280.8400;284.1100;269.5500;G 608ST-60802901;STORED;04.05.2026;11:53:05;;: B:47-1;168.3 mm;5.0 mm;0.1 mm;Carbon Steel;WITHOUT LINING;Water;20.0 C;CDM1N5213047;2 NUM;78.5 mm;10 s;m3/h;mA;00:00:01 SAMPLES;Volume flow;[m3/h]/[m3];27;1593.2037;1599.9000;1599.9000;1684.1000;1547.0000;;;;;
260504_0000_47-1_53_OD168_Type1.csv;280.1417;278.0100;287.5100;287.5100;268.3700;G 608ST-60802901;STORED;04.05.2026;11:44:53;;: B:47-1;168.3 mm;5.0 mm;0.1 mm;Carbon Steel;WITHOUT LINING;Water;20.0 C;CDM1N5213047;2 NUM;78.5 mm;10 s;m3/h;mA;00:00:01 SAMPLES;Volume flow;[m3/h]/[m3];81;525.6617;21.0000;20.0000;1677.2000;19.0000;;;;;
260504_0000_47-2_21_OD220_Type1.csv;264.9892;265.7750;244.2500;277.7400;244.2000;G 608ST-60802901;STORED;04.05.2026;11:33:21;;: B:47-2;220.0 mm;5.0 mm;0.1 mm;Carbon Steel;WITHOUT LINING;Water;20.0 C;CDM1N5213047;2 NUM;118.4 mm;10 s;m3/h;mA;00:00:01 SAMPLES;Volume flow;[m3/h]/[m3];83;1516.8060;1517.1000;1505.3000;1526.7000;1505.3000;;;;;
260504_0000_47-3_21_OD220_Type1.csv;0.0000;0.0000;0.0000;0.0000;0.0000;G 608ST-60802901;STORED;04.05.2026;11:35:21;;: B:47-3;220.0 mm;5.0 mm;0.1 mm;Carbon Steel;WITHOUT LINING;Water;20.0 C;CDM1N5213047;2 NUM;118.4 mm;10 s;m3/h;mA;00:00:01 SAMPLES;Volume flow;[m3/h]/[m3];14;1496.1357;1496.1000;1495.3000;1498.0000;1495.3000;;;;;
260504_0000_47-4_49_OD220_Type1.csv;266.2980;268.2300;241.0900;276.6900;241.0900;G 608ST-60802901;STORED;04.05.2026;11:37:49;;: B:47-4;220.0 mm;5.0 mm;0.1 mm;Carbon Steel;WITHOUT LINING;Water;20.0 C;CDM1N5213047;2 NUM;118.4 mm;10 s;m3/h;mA;00:00:01 SAMPLES;Volume flow;[m3/h]/[m3];84;1223.8750;1485.6000;14.0000;1491.4000;13.0000;;;;;
260504_0000_47-5_20_OD168_Type1.csv;2.7954;0.0000;0.0000;11.2400;0.0000;G 608ST-60802901;STORED;04.05.2026;11:51:20;;: B:47-5;168.3 mm;5.0 mm;0.1 mm;Carbon Steel;WITHOUT LINING;Water;20.0 C;CDM1N5213047;2 NUM;78.5 mm;10 s;m3/h;mA;00:00:01 SAMPLES;Volume flow;[m3/h]/[m3];29;1381.0138;1481.0000;1481.0000;1497.5000;30.0000;;;;;
260504_0000_5-800-01_52_OD114_Type1.csv;22.5084;28.3700;-33.9400;32.9300;-33.9400;G 608ST-60802901;STORED;04.05.2026;10:57:52;;: B:5-800-01;114.0 mm;4.5 mm;0.1 mm;Carbon Steel;WITHOUT LINING;Water;20.0 C;CDM1N5213047;2 NUM;36.1 mm;10 s;m3/h;mA;00:00:01 SAMPLES;Volume flow;[m3/h]/[m3];81;1596.6889;1578.5000;1556.4000;1680.9000;1546.6000;;;;;
260504_0000_5-800-02_47_OD88_Type1.csv;14.0093;14.1950;14.1000;14.7300;11.5000;G 608ST-60802901;STORED;04.05.2026;11:01:47;;: B:5-800-02;88.9 mm;4.0 mm;0.1 mm;Carbon Steel;WITHOUT LINING;Water;20.0 C;CDM1N5213047;2 NUM;16.2 mm;10 s;m3/h;mA;00:00:01 SAMPLES;Volume flow;[m3/h]/[m3];82;1501.4244;1488.0000;1480.5000;1585.0000;1478.4000;;;;;
260504_0000_5-800-03_35_OD60_Type1.csv;12.0540;12.4200;12.4800;14.1300;10.3100;G 608ST-60802901;STORED;04.05.2026;11:04:35;;: B:5-800-03;60.3 mm;3.6 mm;0.1 mm;Carbon Steel;WITHOUT LINING;Water;20.0 C;CDM1N5213047;2 NUM;5.0 mm;10 s;m3/h;mA;00:00:01 SAMPLES;Volume flow;[m3/h]/[m3];83;1445.4614;1459.5000;1467.2000;1480.6000;1347.8000;;;;;
260505_0000_1-170_12_OD114_Type1.csv;;;;;;G 608ST-60802901;STORED;05.05.2026;08:27:12;;: B:1-170;114.0 mm;2.0 mm;0.0 mm;Stainless Steel;WITHOUT LINING;Water;20.0 C;Standard;2 NUM;33.3 mm;10 s;m3/h;mA;00:00:01 SAMPLES;Volume flow;[m3/h]/[m3];312;;;;;;;;;;
260505_0000_47-8_01_OD323_Type1.csv;611.8891;613.5550;605.7700;635.7600;579.8400;G 608ST-60802901;STORED;05.05.2026;10:23:01;;: A:47-8;323.0 mm;5.5 mm;0.1 mm;Carbon Steel;WITHOUT LINING;Water;20.0 C;CDM1N5213047;2 NUM;198.4 mm;10 s;m3/h;mA;00:00:10 AVERAGE;Volume flow;[m3/h]/[m3];655;1492.7702;1493.0000;1496.9000;1500.4000;1484.1000;;;;;
260506_0000_000_21_OD88_Type1.csv;;;;;;G 608ST-60802901;STORED;06.05.2026;11:52:21;;: B:000;88.9 mm;4.0 mm;0.1 mm;Carbon Steel;WITHOUT LINING;Water;20.0 C;CDM1N5213047;2 NUM;16.2 mm;10 s;m3/h;mA;00:00:01 SAMPLES;Volume flow;[m3/h]/[m3];544;;;;;;;;;;
260506_0000_52101_14_OD88_Type1.csv;3.9000;3.9000;6.3600;6.3600;1.4400;G 608ST-60802901;STORED;06.05.2026;09:38:14;;: B:52101;88.9 mm;3.4 mm;0.1 mm;Carbon Steel;WITHOUT LINING;Water;20.0 C;CDM1N5213047;2 NUM;15.6 mm;10 s;m3/h;mA;00:00:01 SAMPLES;Volume flow;[m3/h]/[m3];59;301.7051;30.0000;28.0000;1847.8000;13.0000;;;;;
260506_0000_52107_11_OD76_Type1.csv;5.6990;4.6000;0.6900;14.0100;0.6900;G 608ST-60802901;STORED;06.05.2026;09:33:11;;: B:52107;76.0 mm;3.4 mm;0.1 mm;Carbon Steel;WITHOUT LINING;Water;20.0 C;CDM1N5213047;1 NUM;-21.1 mm;10 s;m3/h;mA;00:00:01 SAMPLES;Volume flow;[m3/h]/[m3];55;710.1473;28.0000;14.0000;2459.0000;12.0000;;;;;
260506_0000_52107_22_OD76_Type1.csv;-6.8506;-6.8200;-8.0500;-3.7100;-8.6000;G 608ST-60802901;STORED;06.05.2026;09:31:22;;: B:52107;76.0 mm;3.4 mm;0.1 mm;Carbon Steel;WITHOUT LINING;Water;20.0 C;CDM1N5213047;1 NUM;-21.1 mm;10 s;m3/h;mA;00:00:01 SAMPLES;Volume flow;[m3/h]/[m3];47;1451.4404;1868.5000;14.0000;2003.2000;12.0000;;;;;
260506_0000_52207_03_OD60_Type1.csv;1.2482;0.3950;0.0000;16.1200;-1.1800;G 608ST-60802901;STORED;06.05.2026;09:27:03;;: B:52207;60.0 mm;3.0 mm;0.1 mm;Carbon Steel;WITHOUT LINING;Water;20.0 C;CDM1N5213047;1 NUM;-28.0 mm;10 s;m3/h;mA;00:00:01 SAMPLES;Volume flow;[m3/h]/[m3];52;1877.5269;2130.6000;2361.8000;3267.7000;12.0000;;;;;
260506_0000_52207_55_OD60_Type1.csv;-0.0194;0.0000;0.0000;0.0000;-0.3300;G 608ST-60802901;STORED;06.05.2026;09:25:55;;: B:52207;60.0 mm;3.0 mm;0.1 mm;Carbon Steel;WITHOUT LINING;Water;20.0 C;CDM1N5213047;2 NUM;5.0 mm;10 s;m3/h;mA;00:00:01 SAMPLES;Volume flow;[m3/h]/[m3];19;2428.7105;3041.6000;48.0000;3664.9000;47.0000;;;;;
260506_1152_000_88_duplicate_1_Type1.csv;;;;;;G 608ST-60802901;STORED;06.05.2026;11:52:21;;: B:000;88.9 mm;4.0 mm;0.1 mm;Carbon Steel;WITHOUT LINING;Water;20.0 C;CDM1N5213047;2 NUM;16.2 mm;10 s;m3/h;mA;00:00:01 SAMPLES;Volume flow;[m3/h]/[m3];544;;;;;;;;;;
260506_1152_000_OD88_Type1.csv;;;;;;G 608ST-60802901;STORED;06.05.2026;11:52:21;;: B:000;88.9 mm;4.0 mm;0.1 mm;Carbon Steel;WITHOUT LINING;Water;20.0 C;CDM1N5213047;2 NUM;16.2 mm;10 s;m3/h;mA;00:00:01 SAMPLES;Volume flow;[m3/h]/[m3];544;;;;;;;;;;
260506_1181_00_OD76_Type1.csv;0.0000;0.0000;0.0000;0.0000;0.0000;G 608ST-60802901;STORED;06.05.2026;09:14:00;;: B:1181;76.0 mm;3.4 mm;0.1 mm;Carbon Steel;WITHOUT LINING;Water;20.0 C;CDM1N5213047;2 NUM;5.6 mm;10 s;m3/h;mA;00:00:01 SAMPLES;Volume flow;[m3/h]/[m3];14;1411.1571;1749.7500;1889.0000;1889.0000;11.0000;;;;;
260506_1182_02_OD76_Type1.csv;6.0723;7.0050;7.2200;8.2400;-7.0600;G 608ST-60802901;STORED;06.05.2026;09:15:02;;: B:1182;76.0 mm;3.4 mm;0.1 mm;Carbon Steel;WITHOUT LINING;Water;20.0 C;CDM1N5213047;2 NUM;5.6 mm;10 s;m3/h;mA;00:00:01 SAMPLES;Volume flow;[m3/h]/[m3];133;1510.5677;1556.4000;1585.3000;1630.3000;11.0000;;;;;
260506_1191_08_OD76_Type1.csv;;;;;;G 608ST-60802901;STORED;06.05.2026;09:05:08;;: B:1191;76.0 mm;3.4 mm;0.1 mm;Carbon Steel;WITHOUT LINING;Water;20.0 C;CDM1N5213047;2 NUM;5.6 mm;10 s;m3/h;mA;00:00:01 SAMPLES;Volume flow;[m3/h]/[m3];14;711.4143;11.0000;11.0000;1645.3000;11.0000;;;;;
260506_1191_49_OD76_Type1.csv;0.0000;0.0000;0.0000;0.0000;0.0000;G 608ST-60802901;STORED;06.05.2026;09:05:49;;: B:1191;76.0 mm;3.4 mm;0.1 mm;Carbon Steel;WITHOUT LINING;Water;20.0 C;CDM1N5213047;2 NUM;5.6 mm;10 s;m3/h;mA;00:00:01 SAMPLES;Volume flow;[m3/h]/[m3];70;1121.4543;1570.9000;1542.0000;1697.9000;11.0000;;;;;
260506_1192_30_OD76_Type1.csv;11.8500;13.7200;12.7300;16.4400;-15.3800;G 608ST-60802901;STORED;06.05.2026;09:09:30;;: B:1192;76.0 mm;3.4 mm;0.1 mm;Carbon Steel;WITHOUT LINING;Water;20.0 C;CDM1N5213047;2 NUM;5.6 mm;10 s;m3/h;mA;00:00:01 SAMPLES;Volume flow;[m3/h]/[m3];124;1289.9661;1511.5000;40.0000;1616.5000;34.0000;;;;;
260506_5601_17_OD88_Type1.csv;6.9488;9.8000;-11.0100;11.0800;-11.6900;G 608ST-60802901;STORED;06.05.2026;09:47:17;;: B:5601;88.9 mm;4.0 mm;0.1 mm;Carbon Steel;WITHOUT LINING;Water;20.0 C;CDM1N5213047;2 NUM;16.2 mm;10 s;m3/h;mA;00:00:01 SAMPLES;Volume flow;[m3/h]/[m3];85;1164.9259;1576.6000;11.0000;1679.1000;11.0000;;;;;
260507_0721_47.11_88_duplicate_1_Type1.csv;0.1521;0.0000;0.0000;0.6500;0.0000;G 608ST-60802901;STORED;07.05.2026;07:21:11;;: B:47.11;88.9 mm;4.0 mm;0.1 mm;Carbon Steel;WITHOUT LINING;Water;20.0 C;CDM1N5213047;2 NUM;16.2 mm;10 s;m3/h;mA;00:00:01 SAMPLES;Volume flow;[m3/h]/[m3];152;446.1178;31.0000;11.0000;2235.8000;11.0000;;;;;
260507_0721_47.11_OD88_Type1.csv;0.1521;0.0000;0.0000;0.6500;0.0000;G 608ST-60802901;STORED;07.05.2026;07:21:11;;: B:47.11;88.9 mm;4.0 mm;0.1 mm;Carbon Steel;WITHOUT LINING;Water;20.0 C;CDM1N5213047;2 NUM;16.2 mm;10 s;m3/h;mA;00:00:01 SAMPLES;Volume flow;[m3/h]/[m3];152;446.1178;31.0000;11.0000;2235.8000;11.0000;;;;;
260507_0726_47.11_88_duplicate_1_Type1.csv;0.1883;0.0000;0.0000;1.4700;0.0000;G 608ST-60802901;STORED;07.05.2026;07:26:07;;: B:47.11;88.9 mm;4.0 mm;0.1 mm;Carbon Steel;WITHOUT LINING;Water;20.0 C;CDM1N5213047;2 NUM;16.2 mm;10 s;m3/h;mA;00:00:01 SAMPLES;Volume flow;[m3/h]/[m3];148;288.3804;12.0000;11.0000;1615.5000;11.0000;;;;;
260507_0726_47.11_OD88_Type1.csv;0.1883;0.0000;0.0000;1.4700;0.0000;G 608ST-60802901;STORED;07.05.2026;07:26:07;;: B:47.11;88.9 mm;4.0 mm;0.1 mm;Carbon Steel;WITHOUT LINING;Water;20.0 C;CDM1N5213047;2 NUM;16.2 mm;10 s;m3/h;mA;00:00:01 SAMPLES;Volume flow;[m3/h]/[m3];148;288.3804;12.0000;11.0000;1615.5000;11.0000;;;;;
260507_0739_47.11.3_43_duplicate_1_Type1.csv;-0.0272;-0.0600;-0.0700;0.2100;-0.1900;G 608ST-60802901;STORED;07.05.2026;07:39:44;;: B:47.11.3;43.5 mm;3.2 mm;0.0 mm;Stainless Steel;WITHOUT LINING;Water;20.0 C;CDM1N5213047;1 NUM;-34.8 mm;10 s;m3/h;mA;00:00:01 SAMPLES;Volume flow;[m3/h]/[m3];57;872.6947;977.8000;19.0000;1532.5000;14.0000;;;;;
260507_0739_47.11.3_OD43_Type1.csv;-0.0272;-0.0600;-0.0700;0.2100;-0.1900;G 608ST-60802901;STORED;07.05.2026;07:39:44;;: B:47.11.3;43.5 mm;3.2 mm;0.0 mm;Stainless Steel;WITHOUT LINING;Water;20.0 C;CDM1N5213047;1 NUM;-34.8 mm;10 s;m3/h;mA;00:00:01 SAMPLES;Volume flow;[m3/h]/[m3];57;872.6947;977.8000;19.0000;1532.5000;14.0000;;;;;
260507_0754_4501_60_duplicate_1_Type1.csv;8.1965;8.9600;8.9300;10.5000;-8.9000;G 608ST-60802901;STORED;07.05.2026;07:54:48;;: B:4501;60.5 mm;3.6 mm;0.1 mm;Carbon Steel;WITHOUT LINING;Water;20.0 C;CDM1N5213047;2 NUM;5.0 mm;10 s;m3/h;mA;00:00:01 SAMPLES;Volume flow;[m3/h]/[m3];142;1396.2852;1477.3000;1489.6000;1517.3000;11.0000;;;;;
260507_0754_4501_OD60_Type1.csv;8.1965;8.9600;8.9300;10.5000;-8.9000;G 608ST-60802901;STORED;07.05.2026;07:54:48;;: B:4501;60.5 mm;3.6 mm;0.1 mm;Carbon Steel;WITHOUT LINING;Water;20.0 C;CDM1N5213047;2 NUM;5.0 mm;10 s;m3/h;mA;00:00:01 SAMPLES;Volume flow;[m3/h]/[m3];142;1396.2852;1477.3000;1489.6000;1517.3000;11.0000;;;;;
260507_0805_4601_76_duplicate_1_Type1.csv;11.6642;11.9500;9.6900;12.6800;9.4700;G 608ST-60802901;STORED;07.05.2026;08:05:47;;: B:4601;76.1 mm;3.6 mm;0.1 mm;Carbon Steel;WITHOUT LINING;Water;20.0 C;CDM1N5213047;2 NUM;5.9 mm;10 s;m3/h;mA;00:00:01 SAMPLES;Volume flow;[m3/h]/[m3];106;1257.5066;1669.6000;32.0000;1795.5000;11.0000;;;;;
260507_0805_4601_OD76_Type1.csv;11.6642;11.9500;9.6900;12.6800;9.4700;G 608ST-60802901;STORED;07.05.2026;08:05:47;;: B:4601;76.1 mm;3.6 mm;0.1 mm;Carbon Steel;WITHOUT LINING;Water;20.0 C;CDM1N5213047;2 NUM;5.9 mm;10 s;m3/h;mA;00:00:01 SAMPLES;Volume flow;[m3/h]/[m3];106;1257.5066;1669.6000;32.0000;1795.5000;11.0000;;;;;
260507_0808_4601_76_duplicate_1_Type1.csv;9.0738;9.1650;9.3900;9.4800;8.3900;G 608ST-60802901;STORED;07.05.2026;08:08:12;;: B:4601;76.1 mm;3.6 mm;0.1 mm;Carbon Steel;WITHOUT LINING;Water;20.0 C;CDM1N5213047;2 NUM;5.9 mm;10 s;m3/h;mA;00:00:01 SAMPLES;Volume flow;[m3/h]/[m3];24;1479.6708;1479.6000;1481.3000;1488.8000;1474.0000;;;;;
260507_0808_4601_OD76_Type1.csv;9.0738;9.1650;9.3900;9.4800;8.3900;G 608ST-60802901;STORED;07.05.2026;08:08:12;;: B:4601;76.1 mm;3.6 mm;0.1 mm;Carbon Steel;WITHOUT LINING;Water;20.0 C;CDM1N5213047;2 NUM;5.9 mm;10 s;m3/h;mA;00:00:01 SAMPLES;Volume flow;[m3/h]/[m3];24;1479.6708;1479.6000;1481.3000;1488.8000;1474.0000;;;;;
260507_0809_4602_76_duplicate_1_Type1.csv;14.5421;15.6650;0.1300;18.8500;0.1300;G 608ST-60802901;STORED;07.05.2026;08:09:24;;: B:4602;76.1 mm;3.6 mm;0.1 mm;Carbon Steel;WITHOUT LINING;Water;20.0 C;CDM1N5213047;2 NUM;5.9 mm;10 s;m3/h;mA;00:00:01 SAMPLES;Volume flow;[m3/h]/[m3];95;1024.6937;1710.9000;38.0000;1947.8000;13.0000;;;;;
260507_0809_4602_OD76_Type1.csv;14.5421;15.6650;0.1300;18.8500;0.1300;G 608ST-60802901;STORED;07.05.2026;08:09:24;;: B:4602;76.1 mm;3.6 mm;0.1 mm;Carbon Steel;WITHOUT LINING;Water;20.0 C;CDM1N5213047;2 NUM;5.9 mm;10 s;m3/h;mA;00:00:01 SAMPLES;Volume flow;[m3/h]/[m3];95;1024.6937;1710.9000;38.0000;1947.8000;13.0000;;;;;
260507_0812_4603_60_duplicate_1_Type1.csv;-0.0106;0.0100;0.0100;0.1400;-0.2400;G 608ST-60802901;STORED;07.05.2026;08:12:20;;: B:4603;60.3 mm;3.6 mm;0.1 mm;Carbon Steel;WITHOUT LINING;Water;20.0 C;CDM1N5213047;2 NUM;-6.3 mm;10 s;m3/h;mA;00:00:01 SAMPLES;Volume flow;[m3/h]/[m3];46;2173.8714;3246.9500;44.0000;3876.1000;38.0000;;;;;
260507_0812_4603_OD60_Type1.csv;-0.0106;0.0100;0.0100;0.1400;-0.2400;G 608ST-60802901;STORED;07.05.2026;08:12:20;;: B:4603;60.3 mm;3.6 mm;0.1 mm;Carbon Steel;WITHOUT LINING;Water;20.0 C;CDM1N5213047;2 NUM;-6.3 mm;10 s;m3/h;mA;00:00:01 SAMPLES;Volume flow;[m3/h]/[m3];46;2173.8714;3246.9500;44.0000;3876.1000;38.0000;;;;;
260507_0819_4604_43_duplicate_1_Type1.csv;5.9901;6.1000;5.7400;6.7000;3.9400;G 608ST-60802901;STORED;07.05.2026;08:19:53;;: B:4604;43.0 mm;2.0 mm;0.0 mm;Stainless Steel;WITHOUT LINING;Water;20.0 C;CDM1N5213047;1 NUM;-36.8 mm;10 s;m3/h;mA;00:00:01 SAMPLES;Volume flow;[m3/h]/[m3];107;1025.1430;1372.1000;19.0000;1429.1000;16.0000;;;;;
260507_0819_4604_OD43_Type1.csv;5.9901;6.1000;5.7400;6.7000;3.9400;G 608ST-60802901;STORED;07.05.2026;08:19:53;;: B:4604;43.0 mm;2.0 mm;0.0 mm;Stainless Steel;WITHOUT LINING;Water;20.0 C;CDM1N5213047;1 NUM;-36.8 mm;10 s;m3/h;mA;00:00:01 SAMPLES;Volume flow;[m3/h]/[m3];107;1025.1430;1372.1000;19.0000;1429.1000;16.0000;;;;;
260507_0827_4605_22_duplicate_1_Type1.csv;0.0405;0.0200;0.0100;0.2800;-0.1100;G 608ST-60802901;STORED;07.05.2026;08:27:23;;: B:4605;22.0 mm;1.0 mm;0.0 mm;Stainless Steel;WITHOUT LINING;Water;20.0 C;CDM1N5213047;1 NUM;-46.4 mm;10 s;m3/h;mA;00:00:01 SAMPLES;Volume flow;[m3/h]/[m3];45;2125.1333;2346.0000;28.0000;2527.0000;24.0000;;;;;
260507_0827_4605_OD22_Type1.csv;0.0405;0.0200;0.0100;0.2800;-0.1100;G 608ST-60802901;STORED;07.05.2026;08:27:23;;: B:4605;22.0 mm;1.0 mm;0.0 mm;Stainless Steel;WITHOUT LINING;Water;20.0 C;CDM1N5213047;1 NUM;-46.4 mm;10 s;m3/h;mA;00:00:01 SAMPLES;Volume flow;[m3/h]/[m3];45;2125.1333;2346.0000;28.0000;2527.0000;24.0000;;;;;
260507_0833_4602_88_duplicate_1_Type1.csv;;;;;;G 608ST-60802901;STORED;07.05.2026;08:33:08;;: B:4602;88.9 mm;4.0 mm;0.1 mm;Carbon Steel;WITHOUT LINING;Water;20.0 C;CDM1N5213047;2 NUM;16.2 mm;10 s;m3/h;mA;00:00:01 SAMPLES;Volume flow;[m3/h]/[m3];71;;;;;;;;;;
260507_0833_4602_OD88_Type1.csv;;;;;;G 608ST-60802901;STORED;07.05.2026;08:33:08;;: B:4602;88.9 mm;4.0 mm;0.1 mm;Carbon Steel;WITHOUT LINING;Water;20.0 C;CDM1N5213047;2 NUM;16.2 mm;10 s;m3/h;mA;00:00:01 SAMPLES;Volume flow;[m3/h]/[m3];71;;;;;;;;;;
260507_0842_4605_22_duplicate_1_Type1.csv;-8.2908;-4.3400;-11.2300;0.5100;-44.0900;G 608ST-60802901;STORED;07.05.2026;08:42:06;;: B:4605;22.0 mm;1.0 mm;0.0 mm;Stainless Steel;WITHOUT LINING;Water;20.0 C;CDM1N5213047;1 NUM;-46.4 mm;10 s;m3/h;mA;00:00:01 SAMPLES;Volume flow;[m3/h]/[m3];108;1199.3130;1782.9000;19.0000;2838.3000;13.0000;;;;;
260507_0842_4605_OD22_Type1.csv;-8.2908;-4.3400;-11.2300;0.5100;-44.0900;G 608ST-60802901;STORED;07.05.2026;08:42:06;;: B:4605;22.0 mm;1.0 mm;0.0 mm;Stainless Steel;WITHOUT LINING;Water;20.0 C;CDM1N5213047;1 NUM;-46.4 mm;10 s;m3/h;mA;00:00:01 SAMPLES;Volume flow;[m3/h]/[m3];108;1199.3130;1782.9000;19.0000;2838.3000;13.0000;;;;;
260507_0851_47.09_323_duplicate_1_Type1.csv;598.8232;595.3900;614.9900;658.9500;563.2700;G 608ST-60802901;STORED;07.05.2026;08:51:00;;: B:47.09;323.0 mm;6.5 mm;0.1 mm;Carbon Steel;WITHOUT LINING;Water;20.0 C;CDM1N5213047;2 NUM;199.3 mm;10 s;m3/h;mA;00:00:01 SAMPLES;Volume flow;[m3/h]/[m3];83;1407.5614;1496.7000;1492.8000;1514.2000;11.0000;;;;;
260507_0851_47.09_OD323_Type1.csv;598.8232;595.3900;614.9900;658.9500;563.2700;G 608ST-60802901;STORED;07.05.2026;08:51:00;;: B:47.09;323.0 mm;6.5 mm;0.1 mm;Carbon Steel;WITHOUT LINING;Water;20.0 C;CDM1N5213047;2 NUM;199.3 mm;10 s;m3/h;mA;00:00:01 SAMPLES;Volume flow;[m3/h]/[m3];83;1407.5614;1496.7000;1492.8000;1514.2000;11.0000;;;;;
260507_0853_47.09_323_duplicate_1_Type1.csv;-580.3169;-576.4000;-642.1500;-559.4800;-642.1500;G 608ST-60802901;STORED;07.05.2026;08:53:11;;: B:47.09;323.0 mm;6.5 mm;0.1 mm;Carbon Steel;WITHOUT LINING;Water;20.0 C;CDM1N5213047;2 NUM;199.3 mm;10 s;m3/h;mA;00:00:01 SAMPLES;Volume flow;[m3/h]/[m3];152;1492.7408;1490.0000;1489.9000;1516.3000;1487.3000;;;;;
260507_0853_47.09_OD323_Type1.csv;-580.3169;-576.4000;-642.1500;-559.4800;-642.1500;G 608ST-60802901;STORED;07.05.2026;08:53:11;;: B:47.09;323.0 mm;6.5 mm;0.1 mm;Carbon Steel;WITHOUT LINING;Water;20.0 C;CDM1N5213047;2 NUM;199.3 mm;10 s;m3/h;mA;00:00:01 SAMPLES;Volume flow;[m3/h]/[m3];152;1492.7408;1490.0000;1489.9000;1516.3000;1487.3000;;;;;
260507_0856_47.09_323_duplicate_1_Type1.csv;610.6868;611.1500;615.9500;637.4000;574.6700;G 608ST-60802901;STORED;07.05.2026;08:56:04;;: B:47.09;323.0 mm;6.5 mm;0.1 mm;Carbon Steel;WITHOUT LINING;Water;20.0 C;CDM1N5213047;2 NUM;199.3 mm;10 s;m3/h;mA;00:00:01 SAMPLES;Volume flow;[m3/h]/[m3];133;1451.1353;1496.1000;1494.4000;1500.6000;19.0000;;;;;
260507_0856_47.09_OD323_Type1.csv;610.6868;611.1500;615.9500;637.4000;574.6700;G 608ST-60802901;STORED;07.05.2026;08:56:04;;: B:47.09;323.0 mm;6.5 mm;0.1 mm;Carbon Steel;WITHOUT LINING;Water;20.0 C;CDM1N5213047;2 NUM;199.3 mm;10 s;m3/h;mA;00:00:01 SAMPLES;Volume flow;[m3/h]/[m3];133;1451.1353;1496.1000;1494.4000;1500.6000;19.0000;;;;;
260507_0858_47.09_323_duplicate_1_Type1.csv;-570.4316;-569.3100;-597.8400;-551.1800;-597.8400;G 608ST-60802901;STORED;07.05.2026;08:58:34;;: B:47.09;323.0 mm;6.5 mm;0.1 mm;Carbon Steel;WITHOUT LINING;Water;20.0 C;CDM1N5213047;2 NUM;199.3 mm;10 s;m3/h;mA;00:00:01 SAMPLES;Volume flow;[m3/h]/[m3];101;1491.1743;1489.1000;1487.7000;1517.0000;1487.6000;;;;;
260507_0858_47.09_OD323_Type1.csv;-570.4316;-569.3100;-597.8400;-551.1800;-597.8400;G 608ST-60802901;STORED;07.05.2026;08:58:34;;: B:47.09;323.0 mm;6.5 mm;0.1 mm;Carbon Steel;WITHOUT LINING;Water;20.0 C;CDM1N5213047;2 NUM;199.3 mm;10 s;m3/h;mA;00:00:01 SAMPLES;Volume flow;[m3/h]/[m3];101;1491.1743;1489.1000;1487.7000;1517.0000;1487.6000;;;;;
260507_0900_47.09_323_duplicate_1_Type1.csv;625.7909;629.9400;632.6700;643.6400;600.8800;G 608ST-60802901;STORED;07.05.2026;09:00:31;;: B:47.09;323.0 mm;6.5 mm;0.1 mm;Carbon Steel;WITHOUT LINING;Water;20.0 C;CDM1N5213047;2 NUM;199.3 mm;10 s;m3/h;mA;00:00:01 SAMPLES;Volume flow;[m3/h]/[m3];93;1464.4215;1492.4000;1489.8000;1515.1000;34.0000;;;;;
260507_0900_47.09_OD323_Type1.csv;625.7909;629.9400;632.6700;643.6400;600.8800;G 608ST-60802901;STORED;07.05.2026;09:00:31;;: B:47.09;323.0 mm;6.5 mm;0.1 mm;Carbon Steel;WITHOUT LINING;Water;20.0 C;CDM1N5213047;2 NUM;199.3 mm;10 s;m3/h;mA;00:00:01 SAMPLES;Volume flow;[m3/h]/[m3];93;1464.4215;1492.4000;1489.8000;1515.1000;34.0000;;;;;
260507_0905_47.10_273_duplicate_1_Type1.csv;188.0528;188.0150;201.6600;201.6600;182.4900;G 608ST-60802901;STORED;07.05.2026;09:05:54;;: B:47.10;273.0 mm;6.0 mm;0.1 mm;Carbon Steel;WITHOUT LINING;Water;20.0 C;CDM1N5213047;2 NUM;160.3 mm;10 s;m3/h;mA;00:00:01 SAMPLES;Volume flow;[m3/h]/[m3];58;1496.3414;1496.2000;1495.2000;1506.9000;1483.3000;;;;;
260507_0905_47.10_OD273_Type1.csv;188.0528;188.0150;201.6600;201.6600;182.4900;G 608ST-60802901;STORED;07.05.2026;09:05:54;;: B:47.10;273.0 mm;6.0 mm;0.1 mm;Carbon Steel;WITHOUT LINING;Water;20.0 C;CDM1N5213047;2 NUM;160.3 mm;10 s;m3/h;mA;00:00:01 SAMPLES;Volume flow;[m3/h]/[m3];58;1496.3414;1496.2000;1495.2000;1506.9000;1483.3000;;;;;
260507_0907_47.10_273_duplicate_1_Type1.csv;-179.8218;-180.5800;-181.4700;-170.6200;-190.7200;G 608ST-60802901;STORED;07.05.2026;09:07:37;;: B:47.10;273.0 mm;6.0 mm;0.1 mm;Carbon Steel;WITHOUT LINING;Water;20.0 C;CDM1N5213047;2 NUM;160.3 mm;10 s;m3/h;mA;00:00:01 SAMPLES;Volume flow;[m3/h]/[m3];120;1522.8075;1524.3500;1526.2000;1527.0000;1516.4000;;;;;
260507_0907_47.10_OD273_Type1.csv;-179.8218;-180.5800;-181.4700;-170.6200;-190.7200;G 608ST-60802901;STORED;07.05.2026;09:07:37;;: B:47.10;273.0 mm;6.0 mm;0.1 mm;Carbon Steel;WITHOUT LINING;Water;20.0 C;CDM1N5213047;2 NUM;160.3 mm;10 s;m3/h;mA;00:00:01 SAMPLES;Volume flow;[m3/h]/[m3];120;1522.8075;1524.3500;1526.2000;1527.0000;1516.4000;;;;;
260507_0913_47.19_220_duplicate_1_Type1.csv;-48.7153;-48.9600;-45.4300;-45.4300;-51.1300;G 608ST-60802901;STORED;07.05.2026;09:13:42;;: B:47.19;220.0 mm;5.0 mm;0.1 mm;Carbon Steel;WITHOUT LINING;Water;20.0 C;CDM1N5213047;2 NUM;118.4 mm;10 s;m3/h;mA;00:00:01 SAMPLES;Volume flow;[m3/h]/[m3];192;648.6000;13.0000;11.0000;1529.6000;11.0000;;;;;
260507_0913_47.19_OD220_Type1.csv;-48.7153;-48.9600;-45.4300;-45.4300;-51.1300;G 608ST-60802901;STORED;07.05.2026;09:13:42;;: B:47.19;220.0 mm;5.0 mm;0.1 mm;Carbon Steel;WITHOUT LINING;Water;20.0 C;CDM1N5213047;2 NUM;118.4 mm;10 s;m3/h;mA;00:00:01 SAMPLES;Volume flow;[m3/h]/[m3];192;648.6000;13.0000;11.0000;1529.6000;11.0000;;;;;
260507_0921_47.08_323_duplicate_1_Type1.csv;652.3010;652.5200;652.4800;699.5600;622.3400;G 608ST-60802901;STORED;07.05.2026;09:21:09;;: B:47.08;323.0 mm;5.0 mm;0.1 mm;Carbon Steel;WITHOUT LINING;Water;20.0 C;CDM1N5213047;2 NUM;197.9 mm;10 s;m3/h;mA;00:00:01 SAMPLES;Volume flow;[m3/h]/[m3];87;1503.7713;1502.7000;1501.9000;1528.8000;1499.0000;;;;;
260507_0921_47.08_OD323_Type1.csv;652.3010;652.5200;652.4800;699.5600;622.3400;G 608ST-60802901;STORED;07.05.2026;09:21:09;;: B:47.08;323.0 mm;5.0 mm;0.1 mm;Carbon Steel;WITHOUT LINING;Water;20.0 C;CDM1N5213047;2 NUM;197.9 mm;10 s;m3/h;mA;00:00:01 SAMPLES;Volume flow;[m3/h]/[m3];87;1503.7713;1502.7000;1501.9000;1528.8000;1499.0000;;;;;
260507_0923_47.08_323_duplicate_1_Type1.csv;-658.5009;-661.6000;-677.1000;-623.7000;-701.4800;G 608ST-60802901;STORED;07.05.2026;09:23:20;;: B:47.08;323.0 mm;5.0 mm;0.1 mm;Carbon Steel;WITHOUT LINING;Water;20.0 C;CDM1N5213047;2 NUM;197.9 mm;10 s;m3/h;mA;00:00:01 SAMPLES;Volume flow;[m3/h]/[m3];175;1461.3223;1502.9000;1500.8000;1511.6000;33.0000;;;;;
260507_0923_47.08_OD323_Type1.csv;-658.5009;-661.6000;-677.1000;-623.7000;-701.4800;G 608ST-60802901;STORED;07.05.2026;09:23:20;;: B:47.08;323.0 mm;5.0 mm;0.1 mm;Carbon Steel;WITHOUT LINING;Water;20.0 C;CDM1N5213047;2 NUM;197.9 mm;10 s;m3/h;mA;00:00:01 SAMPLES;Volume flow;[m3/h]/[m3];175;1461.3223;1502.9000;1500.8000;1511.6000;33.0000;;;;;
260507_0926_47.08_323_duplicate_1_Type1.csv;659.8977;650.2450;656.9000;803.8400;626.5100;G 608ST-60802901;STORED;07.05.2026;09:26:38;;: B:47.08;323.0 mm;5.0 mm;0.1 mm;Carbon Steel;WITHOUT LINING;Water;20.0 C;CDM1N5213047;2 NUM;197.9 mm;10 s;m3/h;mA;00:00:01 SAMPLES;Volume flow;[m3/h]/[m3];76;1333.5289;1507.5000;1507.5000;1516.4000;13.0000;;;;;
260507_0926_47.08_OD323_Type1.csv;659.8977;650.2450;656.9000;803.8400;626.5100;G 608ST-60802901;STORED;07.05.2026;09:26:38;;: B:47.08;323.0 mm;5.0 mm;0.1 mm;Carbon Steel;WITHOUT LINING;Water;20.0 C;CDM1N5213047;2 NUM;197.9 mm;10 s;m3/h;mA;00:00:01 SAMPLES;Volume flow;[m3/h]/[m3];76;1333.5289;1507.5000;1507.5000;1516.4000;13.0000;;;;;
260507_0928_47.08_323_duplicate_1_Type1.csv;-660.1445;-659.2000;-681.4400;-637.4100;-686.1700;G 608ST-60802901;STORED;07.05.2026;09:28:05;;: B:47.08;323.0 mm;5.0 mm;0.1 mm;Carbon Steel;WITHOUT LINING;Water;20.0 C;CDM1N5213047;2 NUM;197.9 mm;10 s;m3/h;mA;00:00:01 SAMPLES;Volume flow;[m3/h]/[m3];100;1448.2490;1508.1500;1506.0000;1510.7000;13.0000;;;;;
260507_0928_47.08_OD323_Type1.csv;-660.1445;-659.2000;-681.4400;-637.4100;-686.1700;G 608ST-60802901;STORED;07.05.2026;09:28:05;;: B:47.08;323.0 mm;5.0 mm;0.1 mm;Carbon Steel;WITHOUT LINING;Water;20.0 C;CDM1N5213047;2 NUM;197.9 mm;10 s;m3/h;mA;00:00:01 SAMPLES;Volume flow;[m3/h]/[m3];100;1448.2490;1508.1500;1506.0000;1510.7000;13.0000;;;;;
260507_0929_47.08_323_duplicate_1_Type1.csv;669.4979;669.1200;634.4300;719.4400;628.9500;G 608ST-60802901;STORED;07.05.2026;09:29:55;;: B:47.08;323.0 mm;5.0 mm;0.1 mm;Carbon Steel;WITHOUT LINING;Water;20.0 C;CDM1N5213047;2 NUM;197.9 mm;10 s;m3/h;mA;00:00:01 SAMPLES;Volume flow;[m3/h]/[m3];111;1333.1964;1505.4000;1507.9000;1516.4000;11.0000;;;;;
260507_0929_47.08_OD323_Type1.csv;669.4979;669.1200;634.4300;719.4400;628.9500;G 608ST-60802901;STORED;07.05.2026;09:29:55;;: B:47.08;323.0 mm;5.0 mm;0.1 mm;Carbon Steel;WITHOUT LINING;Water;20.0 C;CDM1N5213047;2 NUM;197.9 mm;10 s;m3/h;mA;00:00:01 SAMPLES;Volume flow;[m3/h]/[m3];111;1333.1964;1505.4000;1507.9000;1516.4000;11.0000;;;;;
260507_1034_4700_114_duplicate_1_Type1.csv;-33.9916;-34.0300;-25.3300;-25.3300;-39.3900;G 608ST-60802901;STORED;07.05.2026;10:34:35;;: B:4700;114.0 mm;4.5 mm;0.1 mm;Carbon Steel;WITHOUT LINING;Water;20.0 C;CDM1N5213047;2 NUM;36.1 mm;10 s;m3/h;mA;00:00:01 SAMPLES;Volume flow;[m3/h]/[m3];71;1430.7493;1560.5000;1560.5000;1585.2000;11.0000;;;;;
260507_1034_4700_OD114_Type1.csv;-33.9916;-34.0300;-25.3300;-25.3300;-39.3900;G 608ST-60802901;STORED;07.05.2026;10:34:35;;: B:4700;114.0 mm;4.5 mm;0.1 mm;Carbon Steel;WITHOUT LINING;Water;20.0 C;CDM1N5213047;2 NUM;36.1 mm;10 s;m3/h;mA;00:00:01 SAMPLES;Volume flow;[m3/h]/[m3];71;1430.7493;1560.5000;1560.5000;1585.2000;11.0000;;;;;
260507_1036_4700_114_duplicate_1_Type1.csv;33.3240;33.7300;37.3300;37.3300;28.7400;G 608ST-60802901;STORED;07.05.2026;10:36:06;;: B:4700;114.0 mm;4.5 mm;0.1 mm;Carbon Steel;WITHOUT LINING;Water;20.0 C;CDM1N5213047;2 NUM;36.1 mm;10 s;m3/h;mA;00:00:01 SAMPLES;Volume flow;[m3/h]/[m3];142;826.1810;1476.4000;13.0000;1573.3000;11.0000;;;;;
260507_1036_4700_OD114_Type1.csv;33.3240;33.7300;37.3300;37.3300;28.7400;G 608ST-60802901;STORED;07.05.2026;10:36:06;;: B:4700;114.0 mm;4.5 mm;0.1 mm;Carbon Steel;WITHOUT LINING;Water;20.0 C;CDM1N5213047;2 NUM;36.1 mm;10 s;m3/h;mA;00:00:01 SAMPLES;Volume flow;[m3/h]/[m3];142;826.1810;1476.4000;13.0000;1573.3000;11.0000;;;;;
260507_1042_4811_76_duplicate_1_Type1.csv;-21.1983;-21.1100;-21.5500;-19.9200;-22.9100;G 608ST-60802901;STORED;07.05.2026;10:42:43;;: B:4811;76.1 mm;3.6 mm;0.1 mm;Carbon Steel;WITHOUT LINING;Water;20.0 C;CDM1N5213047;2 NUM;5.9 mm;10 s;m3/h;mA;00:00:01 SAMPLES;Volume flow;[m3/h]/[m3];41;1335.1000;1521.8000;13.0000;1552.5000;13.0000;;;;;
260507_1042_4811_OD76_Type1.csv;-21.1983;-21.1100;-21.5500;-19.9200;-22.9100;G 608ST-60802901;STORED;07.05.2026;10:42:43;;: B:4811;76.1 mm;3.6 mm;0.1 mm;Carbon Steel;WITHOUT LINING;Water;20.0 C;CDM1N5213047;2 NUM;5.9 mm;10 s;m3/h;mA;00:00:01 SAMPLES;Volume flow;[m3/h]/[m3];41;1335.1000;1521.8000;13.0000;1552.5000;13.0000;;;;;
260507_1044_4711_76_duplicate_1_Type1.csv;-18.5994;-18.3300;-22.4900;-14.9000;-22.4900;G 608ST-60802901;STORED;07.05.2026;10:44:58;;: B:4711;76.1 mm;3.6 mm;0.1 mm;Carbon Steel;WITHOUT LINING;Water;20.0 C;CDM1N5213047;2 NUM;5.9 mm;10 s;m3/h;mA;00:00:01 SAMPLES;Volume flow;[m3/h]/[m3];99;1150.5727;1667.1000;31.0000;1854.8000;12.0000;;;;;
260507_1044_4711_OD76_Type1.csv;-18.5994;-18.3300;-22.4900;-14.9000;-22.4900;G 608ST-60802901;STORED;07.05.2026;10:44:58;;: B:4711;76.1 mm;3.6 mm;0.1 mm;Carbon Steel;WITHOUT LINING;Water;20.0 C;CDM1N5213047;2 NUM;5.9 mm;10 s;m3/h;mA;00:00:01 SAMPLES;Volume flow;[m3/h]/[m3];99;1150.5727;1667.1000;31.0000;1854.8000;12.0000;;;;;
260507_1046_4711_76_duplicate_1_Type1.csv;18.9666;18.5950;20.1100;20.8800;17.9700;G 608ST-60802901;STORED;07.05.2026;10:46:53;;: B:4711;76.1 mm;3.6 mm;0.1 mm;Carbon Steel;WITHOUT LINING;Water;20.0 C;CDM1N5213047;2 NUM;5.9 mm;10 s;m3/h;mA;00:00:01 SAMPLES;Volume flow;[m3/h]/[m3];70;1587.3343;1584.0000;1559.3000;1665.1000;1546.1000;;;;;
260507_1046_4711_OD76_Type1.csv;18.9666;18.5950;20.1100;20.8800;17.9700;G 608ST-60802901;STORED;07.05.2026;10:46:53;;: B:4711;76.1 mm;3.6 mm;0.1 mm;Carbon Steel;WITHOUT LINING;Water;20.0 C;CDM1N5213047;2 NUM;5.9 mm;10 s;m3/h;mA;00:00:01 SAMPLES;Volume flow;[m3/h]/[m3];70;1587.3343;1584.0000;1559.3000;1665.1000;1546.1000;;;;;
260507_1049_4711_73_duplicate_1_Type1.csv;14.5214;14.5300;14.5300;14.7900;14.0000;G 608ST-60802901;STORED;07.05.2026;10:49:45;;: B:4711;73.0 mm;2.0 mm;0.0 mm;Stainless Steel;WITHOUT LINING;Water;20.0 C;CDM1N5213047;2 NUM;1.4 mm;10 s;m3/h;mA;00:00:01 SAMPLES;Volume flow;[m3/h]/[m3];49;1295.5163;1470.8000;1470.1000;1493.4000;13.0000;;;;;
260507_1049_4711_OD73_Type1.csv;14.5214;14.5300;14.5300;14.7900;14.0000;G 608ST-60802901;STORED;07.05.2026;10:49:45;;: B:4711;73.0 mm;2.0 mm;0.0 mm;Stainless Steel;WITHOUT LINING;Water;20.0 C;CDM1N5213047;2 NUM;1.4 mm;10 s;m3/h;mA;00:00:01 SAMPLES;Volume flow;[m3/h]/[m3];49;1295.5163;1470.8000;1470.1000;1493.4000;13.0000;;;;;
260507_1054_4741_33_duplicate_1_Type1.csv;1.6305;1.7000;1.7300;1.9000;0.5600;G 608ST-60802901;STORED;07.05.2026;10:54:25;;: B:4741;33.7 mm;3.2 mm;0.1 mm;Carbon Steel;WITHOUT LINING;Water;20.0 C;CDM1N5213047;1 NUM;-37.8 mm;10 s;m3/h;mA;00:00:01 SAMPLES;Volume flow;[m3/h]/[m3];49;1350.0408;1588.3000;15.0000;1892.9000;15.0000;;;;;
260507_1054_4741_OD33_Type1.csv;1.6305;1.7000;1.7300;1.9000;0.5600;G 608ST-60802901;STORED;07.05.2026;10:54:25;;: B:4741;33.7 mm;3.2 mm;0.1 mm;Carbon Steel;WITHOUT LINING;Water;20.0 C;CDM1N5213047;1 NUM;-37.8 mm;10 s;m3/h;mA;00:00:01 SAMPLES;Volume flow;[m3/h]/[m3];49;1350.0408;1588.3000;15.0000;1892.9000;15.0000;;;;;
260507_1104_47.17_165_duplicate_1_Type1.csv;24.5969;25.0600;21.2200;26.9000;21.2200;G 608ST-60802901;STORED;07.05.2026;11:04:35;;: B:47.17;165.3 mm;5.0 mm;0.1 mm;Carbon Steel;WITHOUT LINING;Water;20.0 C;CDM1N5213047;2 NUM;76.2 mm;10 s;m3/h;mA;00:00:01 SAMPLES;Volume flow;[m3/h]/[m3];57;1463.3789;1509.7000;1539.9000;1540.7000;13.0000;;;;;
260507_1104_47.17_OD165_Type1.csv;24.5969;25.0600;21.2200;26.9000;21.2200;G 608ST-60802901;STORED;07.05.2026;11:04:35;;: B:47.17;165.3 mm;5.0 mm;0.1 mm;Carbon Steel;WITHOUT LINING;Water;20.0 C;CDM1N5213047;2 NUM;76.2 mm;10 s;m3/h;mA;00:00:01 SAMPLES;Volume flow;[m3/h]/[m3];57;1463.3789;1509.7000;1539.9000;1540.7000;13.0000;;;;;
260507_1106_47.17_165_duplicate_1_Type1.csv;-22.4600;-22.3500;-20.5700;-20.2000;-25.6600;G 608ST-60802901;STORED;07.05.2026;11:06:43;;: B:47.17;165.3 mm;5.0 mm;0.1 mm;Carbon Steel;WITHOUT LINING;Water;20.0 C;CDM1N5213047;2 NUM;76.2 mm;10 s;m3/h;mA;00:00:01 SAMPLES;Volume flow;[m3/h]/[m3];49;1507.7837;1556.1000;1629.8000;1692.8000;17.0000;;;;;
260507_1106_47.17_OD165_Type1.csv;-22.4600;-22.3500;-20.5700;-20.2000;-25.6600;G 608ST-60802901;STORED;07.05.2026;11:06:43;;: B:47.17;165.3 mm;5.0 mm;0.1 mm;Carbon Steel;WITHOUT LINING;Water;20.0 C;CDM1N5213047;2 NUM;76.2 mm;10 s;m3/h;mA;00:00:01 SAMPLES;Volume flow;[m3/h]/[m3];49;1507.7837;1556.1000;1629.8000;1692.8000;17.0000;;;;;
260507_1112_47.16_155_duplicate_1_Type1.csv;-19.4524;-20.1900;-19.9000;-14.1400;-21.0200;G 608ST-60802901;STORED;07.05.2026;11:12:17;;: B:47.16;155.0 mm;2.0 mm;0.0 mm;Stainless Steel;WITHOUT LINING;Water;20.0 C;CDM1N5213047;2 NUM;64.7 mm;10 s;m3/h;mA;00:00:01 SAMPLES;Volume flow;[m3/h]/[m3];27;1416.0926;1415.7000;1413.4000;1419.2000;1413.4000;;;;;
260507_1112_47.16_OD155_Type1.csv;-19.4524;-20.1900;-19.9000;-14.1400;-21.0200;G 608ST-60802901;STORED;07.05.2026;11:12:17;;: B:47.16;155.0 mm;2.0 mm;0.0 mm;Stainless Steel;WITHOUT LINING;Water;20.0 C;CDM1N5213047;2 NUM;64.7 mm;10 s;m3/h;mA;00:00:01 SAMPLES;Volume flow;[m3/h]/[m3];27;1416.0926;1415.7000;1413.4000;1419.2000;1413.4000;;;;;
260507_1113_47.16_155_duplicate_1_Type1.csv;18.6258;19.3400;17.4200;20.0200;14.8700;G 608ST-60802901;STORED;07.05.2026;11:13:00;;: B:47.16;155.0 mm;2.0 mm;0.0 mm;Stainless Steel;WITHOUT LINING;Water;20.0 C;CDM1N5213047;2 NUM;64.7 mm;10 s;m3/h;mA;00:00:01 SAMPLES;Volume flow;[m3/h]/[m3];53;1260.0698;1405.9000;1405.4000;1444.4000;33.0000;;;;;
260507_1113_47.16_OD155_Type1.csv;18.6258;19.3400;17.4200;20.0200;14.8700;G 608ST-60802901;STORED;07.05.2026;11:13:00;;: B:47.16;155.0 mm;2.0 mm;0.0 mm;Stainless Steel;WITHOUT LINING;Water;20.0 C;CDM1N5213047;2 NUM;64.7 mm;10 s;m3/h;mA;00:00:01 SAMPLES;Volume flow;[m3/h]/[m3];53;1260.0698;1405.9000;1405.4000;1444.4000;33.0000;;;;;
260507_1125_47.05_168_duplicate_1_Type1.csv;-0.4062;-0.3900;0.1700;0.8500;-1.5100;G 608ST-60802901;STORED;07.05.2026;11:25:53;;: B:47.05;168.3 mm;5.0 mm;0.1 mm;Carbon Steel;WITHOUT LINING;Water;20.0 C;CDM1N5213047;2 NUM;78.5 mm;10 s;m3/h;mA;00:00:01 SAMPLES;Volume flow;[m3/h]/[m3];75;584.5480;42.0000;17.0000;1522.5000;12.0000;;;;;
260507_1125_47.05_OD168_Type1.csv;-0.4062;-0.3900;0.1700;0.8500;-1.5100;G 608ST-60802901;STORED;07.05.2026;11:25:53;;: B:47.05;168.3 mm;5.0 mm;0.1 mm;Carbon Steel;WITHOUT LINING;Water;20.0 C;CDM1N5213047;2 NUM;78.5 mm;10 s;m3/h;mA;00:00:01 SAMPLES;Volume flow;[m3/h]/[m3];75;584.5480;42.0000;17.0000;1522.5000;12.0000;;;;;
260511_0902_47-1_168_duplicate_1_Type1.csv;129.8371;255.2700;0.0000;278.2200;-260.5800;G 608ST-60802901;STORED;11.05.2026;09:02:12;;: B:47-1;168.0 mm;5.0 mm;0.1 mm;Carbon Steel;WITHOUT LINING;Water;20.0 C;CDM1N5213047;2 NUM;78.2 mm;10 s;m3/h;mA;00:00:01 SAMPLES;Volume flow;[m3/h]/[m3];331;1081.3284;1499.7000;1501.2000;1511.7000;11.0000;;;;;
260511_0902_47-1_OD168_Type1.csv;129.8371;255.2700;0.0000;278.2200;-260.5800;G 608ST-60802901;STORED;11.05.2026;09:02:12;;: B:47-1;168.0 mm;5.0 mm;0.1 mm;Carbon Steel;WITHOUT LINING;Water;20.0 C;CDM1N5213047;2 NUM;78.2 mm;10 s;m3/h;mA;00:00:01 SAMPLES;Volume flow;[m3/h]/[m3];331;1081.3284;1499.7000;1501.2000;1511.7000;11.0000;;;;;
260511_0911_47-2_220_duplicate_1_Type1.csv;240.6311;238.3300;246.8400;258.7200;231.6100;G 608ST-60802901;STORED;11.05.2026;09:11:32;;: B:47-2;220.0 mm;5.0 mm;0.1 mm;Carbon Steel;WITHOUT LINING;Water;20.0 C;CDM1N5213047;2 NUM;118.4 mm;10 s;m3/h;mA;00:00:01 SAMPLES;Volume flow;[m3/h]/[m3];136;1460.1449;1481.9500;1481.5000;1537.3000;28.0000;;;;;
260511_0911_47-2_OD220_Type1.csv;240.6311;238.3300;246.8400;258.7200;231.6100;G 608ST-60802901;STORED;11.05.2026;09:11:32;;: B:47-2;220.0 mm;5.0 mm;0.1 mm;Carbon Steel;WITHOUT LINING;Water;20.0 C;CDM1N5213047;2 NUM;118.4 mm;10 s;m3/h;mA;00:00:01 SAMPLES;Volume flow;[m3/h]/[m3];136;1460.1449;1481.9500;1481.5000;1537.3000;28.0000;;;;;
260511_0916_47-3_220_duplicate_1_Type1.csv;2.5400;2.5400;5.0800;5.0800;0.0000;G 608ST-60802901;STORED;11.05.2026;09:16:35;;: B:47-3;220.0 mm;5.0 mm;0.1 mm;Carbon Steel;WITHOUT LINING;Water;20.0 C;CDM1N5213047;2 NUM;118.4 mm;10 s;m3/h;mA;00:00:01 SAMPLES;Volume flow;[m3/h]/[m3];74;388.7608;26.0000;23.0000;1536.6000;19.0000;;;;;
260511_0916_47-3_OD220_Type1.csv;2.5400;2.5400;5.0800;5.0800;0.0000;G 608ST-60802901;STORED;11.05.2026;09:16:35;;: B:47-3;220.0 mm;5.0 mm;0.1 mm;Carbon Steel;WITHOUT LINING;Water;20.0 C;CDM1N5213047;2 NUM;118.4 mm;10 s;m3/h;mA;00:00:01 SAMPLES;Volume flow;[m3/h]/[m3];74;388.7608;26.0000;23.0000;1536.6000;19.0000;;;;;
260511_0918_47-4_220_duplicate_1_Type1.csv;282.8684;280.6800;272.7000;303.3000;266.0400;G 608ST-60802901;STORED;11.05.2026;09:18:22;;: B:47-4;220.0 mm;5.0 mm;0.1 mm;Carbon Steel;WITHOUT LINING;Water;20.0 C;CDM1N5213047;2 NUM;118.4 mm;10 s;m3/h;mA;00:00:01 SAMPLES;Volume flow;[m3/h]/[m3];128;1407.3602;1520.6000;1538.2000;1561.4000;32.0000;;;;;
260511_0918_47-4_OD220_Type1.csv;282.8684;280.6800;272.7000;303.3000;266.0400;G 608ST-60802901;STORED;11.05.2026;09:18:22;;: B:47-4;220.0 mm;5.0 mm;0.1 mm;Carbon Steel;WITHOUT LINING;Water;20.0 C;CDM1N5213047;2 NUM;118.4 mm;10 s;m3/h;mA;00:00:01 SAMPLES;Volume flow;[m3/h]/[m3];128;1407.3602;1520.6000;1538.2000;1561.4000;32.0000;;;;;
260511_0924_47-5_168_duplicate_1_Type1.csv;;;;;;G 608ST-60802901;STORED;11.05.2026;09:24:16;;: B:47-5;168.0 mm;4.5 mm;0.1 mm;Carbon Steel;WITHOUT LINING;Water;20.0 C;CDM1N5213047;2 NUM;77.7 mm;10 s;m3/h;mA;00:00:01 SAMPLES;Volume flow;[m3/h]/[m3];1402;;;;;;;;;;
260511_0924_47-5_OD168_Type1.csv;;;;;;G 608ST-60802901;STORED;11.05.2026;09:24:16;;: B:47-5;168.0 mm;4.5 mm;0.1 mm;Carbon Steel;WITHOUT LINING;Water;20.0 C;CDM1N5213047;2 NUM;77.7 mm;10 s;m3/h;mA;00:00:01 SAMPLES;Volume flow;[m3/h]/[m3];1402;;;;;;;;;;
260512_0840_4200.01_OD114_Type1.csv;-17.8116;-17.4750;-20.4400;-14.9000;-21.5200;G 608ST-60802901;STORED;12.05.2026;08:40:48;;: B:4200.01;114.0 mm;4.5 mm;0.1 mm;Carbon Steel;WITHOUT LINING;Water;20.0 C;CDM1N5213047;2 NUM;36.1 mm;10 s;m3/h;mA;00:00:01 SAMPLES;Volume flow;[m3/h]/[m3];92;1428.7391;1499.9500;1491.7000;1695.0000;12.0000;;;;;
260512_0850_3806_OD139_Type1.csv;88.3404;88.6000;88.5600;89.1600;83.3700;G 608ST-60802901;STORED;12.05.2026;08:50:58;;: B:3806;139.7 mm;2.0 mm;0.0 mm;Stainless Steel;WITHOUT LINING;Water;20.0 C;CDM1N5213047;2 NUM;52.9 mm;10 s;m3/h;mA;00:00:01 SAMPLES;Volume flow;[m3/h]/[m3];72;1464.0486;1464.0000;1464.0000;1464.8000;1463.4000;;;;;
260512_0854_3801_OD88_Type1.csv;30.7138;30.7200;31.4500;31.6800;28.1400;G 608ST-60802901;STORED;12.05.2026;08:54:20;;: B:3801;88.9 mm;2.0 mm;0.0 mm;Stainless Steel;WITHOUT LINING;Water;20.0 C;CDM1N5213047;2 NUM;13.7 mm;10 s;m3/h;mA;00:00:01 SAMPLES;Volume flow;[m3/h]/[m3];72;1328.3653;1470.5500;1473.2000;1473.8000;13.0000;;;;;
260512_0901_3906_OD139_Type1.csv;134.8227;135.2900;131.7600;138.4500;130.1800;G 608ST-60802901;STORED;12.05.2026;09:01:06;;: B:3906;139.7 mm;2.0 mm;0.0 mm;Stainless Steel;WITHOUT LINING;Water;20.0 C;CDM1N5213047;2 NUM;52.9 mm;10 s;m3/h;mA;00:00:01 SAMPLES;Volume flow;[m3/h]/[m3];253;1001.6763;1460.3000;21.0000;1477.4000;15.0000;;;;;
260512_0906_31006_OD139_Type1.csv;38.5158;38.7100;38.8100;41.0100;33.9300;G 608ST-60802901;STORED;12.05.2026;09:06:14;;: B:31006;139.7 mm;2.0 mm;0.0 mm;Stainless Steel;WITHOUT LINING;Water;20.0 C;CDM1N5213047;2 NUM;52.9 mm;10 s;m3/h;mA;00:00:01 SAMPLES;Volume flow;[m3/h]/[m3];97;1264.6928;1474.3000;1475.0000;1475.2000;13.0000;;;;;
260512_0910_3900.03_OD154_Type1.csv;171.3126;171.4700;166.1900;173.5000;166.1900;G 608ST-60802901;STORED;12.05.2026;09:10:32;;: B:3900.03;154.0 mm;2.0 mm;0.0 mm;Stainless Steel;WITHOUT LINING;Water;20.0 C;CDM1N5213047;2 NUM;64.0 mm;10 s;m3/h;mA;00:00:01 SAMPLES;Volume flow;[m3/h]/[m3];62;1467.3452;1467.8500;1468.3000;1468.4000;1464.1000;;;;;
260512_0915_31001_OD88_Type1.csv;41.6837;41.6000;41.6800;42.6600;40.8200;G 608ST-60802901;STORED;12.05.2026;09:15:08;;: B:31001;88.9 mm;2.0 mm;0.0 mm;Stainless Steel;WITHOUT LINING;Water;20.0 C;CDM1N5213047;2 NUM;13.7 mm;10 s;m3/h;mA;00:00:01 SAMPLES;Volume flow;[m3/h]/[m3];66;1116.6727;1440.6500;1441.6000;1446.6000;13.0000;;;;;
260512_0918_3901_OD88_Type1.csv;49.7847;51.7700;43.5600;53.0600;43.5600;G 608ST-60802901;STORED;12.05.2026;09:18:16;;: B:3901;88.9 mm;2.0 mm;0.0 mm;Stainless Steel;WITHOUT LINING;Water;20.0 C;CDM1N5213047;2 NUM;13.7 mm;10 s;m3/h;mA;00:00:01 SAMPLES;Volume flow;[m3/h]/[m3];57;1407.3667;1457.7000;1457.5000;1462.5000;19.0000;;;;;
260512_0921_3900.02_OD204_Type1.csv;-192.9759;-193.1650;-192.9500;-187.7100;-195.3700;G 608ST-60802901;STORED;12.05.2026;09:21:58;;: B:3900.02;204.0 mm;2.0 mm;0.0 mm;Stainless Steel;WITHOUT LINING;Water;20.0 C;CDM1N5213047;2 NUM;102.6 mm;10 s;m3/h;mA;00:00:01 SAMPLES;Volume flow;[m3/h]/[m3];50;1001.4180;1379.4000;1379.5000;1379.7000;26.0000;;;;;
260512_0923_3900.02_OD204_Type1.csv;190.6486;191.8800;177.3500;194.3000;177.3500;G 608ST-60802901;STORED;12.05.2026;09:23:18;;: B:3900.02;204.0 mm;2.0 mm;0.0 mm;Stainless Steel;WITHOUT LINING;Water;20.0 C;CDM1N5213047;2 NUM;102.6 mm;10 s;m3/h;mA;00:00:01 SAMPLES;Volume flow;[m3/h]/[m3];80;1059.3637;1380.9500;27.0000;1382.3000;23.0000;;;;;
260512_0932_3900.01_OD204_Type1.csv;248.3088;247.6900;233.5300;262.3600;233.5200;G 608ST-60802901;STORED;12.05.2026;09:32:44;;: B:3900.01;204.0 mm;2.0 mm;0.0 mm;Stainless Steel;WITHOUT LINING;Water;20.0 C;CDM1N5213047;2 NUM;102.6 mm;10 s;m3/h;mA;00:00:01 SAMPLES;Volume flow;[m3/h]/[m3];100;1033.9050;1467.0000;1467.7000;1467.9000;13.0000;;;;;
260512_0937_4700.01_OD220_Type1.csv;-88.0576;-86.0500;-82.5500;-71.4700;-111.3700;G 608ST-60802901;STORED;12.05.2026;09:37:21;;: B:4700.01;220.0 mm;5.0 mm;0.1 mm;Carbon Steel;WITHOUT LINING;Water;20.0 C;CDM1N5213047;2 NUM;118.4 mm;10 s;m3/h;mA;00:00:01 SAMPLES;Volume flow;[m3/h]/[m3];96;1806.7375;1895.5000;1911.4000;1986.8000;11.0000;;;;;
260512_0940_4700.01_OD168_Type1.csv;-43.0618;-43.5400;-44.4200;-37.7400;-45.7700;G 608ST-60802901;STORED;12.05.2026;09:40:12;;: B:4700.01;168.3 mm;5.0 mm;0.1 mm;Carbon Steel;WITHOUT LINING;Water;20.0 C;CDM1N5213047;2 NUM;78.5 mm;10 s;m3/h;mA;00:00:01 SAMPLES;Volume flow;[m3/h]/[m3];104;1477.7000;1489.8000;1488.4000;1506.8000;29.0000;;;;;
260512_0943_3700.01_OD220_Type1.csv;-97.0375;-95.3900;-113.6900;-83.3800;-113.6900;G 608ST-60802901;STORED;12.05.2026;09:43:13;;: B:3700.01;220.0 mm;5.0 mm;0.1 mm;Carbon Steel;WITHOUT LINING;Water;20.0 C;CDM1N5213047;2 NUM;118.4 mm;10 s;m3/h;mA;00:00:01 SAMPLES;Volume flow;[m3/h]/[m3];89;1395.2371;1509.4000;1508.6000;1530.7000;25.0000;;;;;
260512_0950_5700.01_OD114_Type1.csv;0.5087;0.0000;0.0000;2.8100;-2.0400;G 608ST-60802901;STORED;12.05.2026;09:50:45;;: B:5700.01;114.0 mm;4.5 mm;0.1 mm;Carbon Steel;WITHOUT LINING;Water;20.0 C;CDM1N5213047;1 NUM;-4.5 mm;10 s;m3/h;mA;00:00:01 SAMPLES;Volume flow;[m3/h]/[m3];74;822.9473;1461.2000;24.0000;1625.3000;11.0000;;;;;
260512_1000_47-6.22_OD114_Type1.csv;17.8951;17.8100;16.2800;22.7000;13.6500;G 608ST-60802901;STORED;12.05.2026;10:00:14;;: B:47-6.22;114.0 mm;4.5 mm;0.1 mm;Carbon Steel;WITHOUT LINING;Water;20.0 C;CDM1N5213047;2 NUM;36.0 mm;10 s;m3/h;mA;00:00:01 SAMPLES;Volume flow;[m3/h]/[m3];177;1254.3616;1550.6000;30.0000;1690.5000;26.0000;;;;;
260512_1007_47-6.7_OD323_Type1.csv;737.6930;737.2400;764.0000;770.1700;706.9500;G 608ST-60802901;STORED;12.05.2026;10:07:29;;: B:47-6.7;323.0 mm;5.0 mm;0.1 mm;Carbon Steel;WITHOUT LINING;Water;20.0 C;CDM1N5213047;2 NUM;197.9 mm;10 s;m3/h;mA;00:00:01 SAMPLES;Volume flow;[m3/h]/[m3];186;1457.4586;1505.3000;1507.8000;1514.1000;32.0000;;;;;
260512_1010_47-6.7_OD323_Type1.csv;742.2011;742.6700;763.0500;766.6800;708.8600;G 608ST-60802901;STORED;12.05.2026;10:10:55;;: B:47-6.7;323.0 mm;5.5 mm;0.1 mm;Carbon Steel;WITHOUT LINING;Water;20.0 C;CDM1N5213047;2 NUM;198.4 mm;10 s;m3/h;mA;00:00:01 SAMPLES;Volume flow;[m3/h]/[m3];68;1305.3603;1499.1000;1499.4000;1505.2000;29.0000;;;;;
260512_1014_47-5.6_OD323_Type1.csv;777.4205;777.7450;812.4000;828.0100;742.5200;G 608ST-60802901;STORED;12.05.2026;10:14:17;;: B:47-5.6;323.0 mm;5.5 mm;0.1 mm;Carbon Steel;WITHOUT LINING;Water;20.0 C;CDM1N5213047;2 NUM;198.4 mm;10 s;m3/h;mA;00:00:01 SAMPLES;Volume flow;[m3/h]/[m3];134;1460.5784;1492.6000;1491.9000;1500.5000;28.0000;;;;;
260512_1023_47-10.11_OD273_Type1.csv;224.3743;224.3000;227.8200;232.3400;211.0600;G 608ST-60802901;STORED;12.05.2026;10:23:16;;: B:47-10.11;273.1 mm;5.5 mm;0.1 mm;Carbon Steel;WITHOUT LINING;Water;20.0 C;CDM1N5213047;2 NUM;159.9 mm;10 s;m3/h;mA;00:00:01 SAMPLES;Volume flow;[m3/h]/[m3];135;1497.1244;1518.5000;1517.7000;1580.7000;29.0000;;;;;
260512_1028_47-11.12_OD220_Type1.csv;-64.7599;-64.3900;-61.8000;-60.3700;-70.1600;G 608ST-60802901;STORED;12.05.2026;10:28:55;;: B:47-11.12;220.0 mm;5.5 mm;0.1 mm;Carbon Steel;WITHOUT LINING;Water;20.0 C;CDM1N5213047;2 NUM;118.9 mm;10 s;m3/h;mA;00:00:01 SAMPLES;Volume flow;[m3/h]/[m3];249;644.5522;30.0000;26.0000;1549.3000;21.0000;;;;;
260512_1038_3700.01_OD220_Type1.csv;-118.3052;-116.1400;-127.8300;-106.7800;-130.4800;G 608ST-60802901;STORED;12.05.2026;10:38:40;;: B:3700.01;220.0 mm;5.5 mm;0.1 mm;Carbon Steel;WITHOUT LINING;Water;20.0 C;CDM1N5213047;2 NUM;118.9 mm;10 s;m3/h;mA;00:00:01 SAMPLES;Volume flow;[m3/h]/[m3];88;1147.8341;1553.7000;32.0000;1617.4000;23.0000;;;;;
260512_1041_3700.01_OD220_Type1.csv;124.3458;126.4500;125.9500;132.0200;111.0200;G 608ST-60802901;STORED;12.05.2026;10:41:52;;: B:3700.01;220.0 mm;5.5 mm;0.1 mm;Carbon Steel;WITHOUT LINING;Water;20.0 C;CDM1N5213047;2 NUM;118.9 mm;10 s;m3/h;mA;00:00:01 SAMPLES;Volume flow;[m3/h]/[m3];85;1540.5835;1542.3000;1547.8000;1562.3000;1508.7000;;;;;
260512_1046_5800.01_OD114_Type1.csv;-36.3070;-37.1800;-28.1600;-28.1600;-41.3000;G 608ST-60802901;STORED;12.05.2026;10:46:24;;: B:5800.01;114.0 mm;4.5 mm;0.1 mm;Carbon Steel;WITHOUT LINING;Water;20.0 C;CDM1N5213047;2 NUM;36.1 mm;10 s;m3/h;mA;00:00:01 SAMPLES;Volume flow;[m3/h]/[m3];87;1029.8931;1659.0000;34.0000;1700.6000;19.0000;;;;;
260512_1048_5800.01_OD114_Type1.csv;32.8577;33.0550;29.6800;37.2900;27.9000;G 608ST-60802901;STORED;12.05.2026;10:48:11;;: B:5800.01;114.0 mm;4.5 mm;0.1 mm;Carbon Steel;WITHOUT LINING;Water;20.0 C;CDM1N5213047;2 NUM;36.1 mm;10 s;m3/h;mA;00:00:01 SAMPLES;Volume flow;[m3/h]/[m3];149;1488.4779;1561.1000;30.0000;1590.8000;20.0000;;;;;
260512_1057_8107_OD220_Type1.csv;249.0416;250.4800;245.4100;261.1300;230.8000;G 608ST-60802901;STORED;12.05.2026;10:57:05;;: B:8107;220.0 mm;5.0 mm;0.1 mm;Carbon Steel;WITHOUT LINING;Water;20.0 C;CDM1N5213047;2 NUM;118.4 mm;10 s;m3/h;mA;00:00:01 SAMPLES;Volume flow;[m3/h]/[m3];98;1542.3122;1544.0000;1546.6000;1584.4000;1524.6000;;;;;
260512_1111_8105_OD168_Type1.csv;;;;;;G 608ST-60802901;STORED;12.05.2026;11:11:17;;: B:8105;168.3 mm;5.0 mm;0.1 mm;Carbon Steel;WITHOUT LINING;Water;20.0 C;CDM1N5213047;2 NUM;78.5 mm;10 s;m3/h;mA;00:00:01 SAMPLES;Volume flow;[m3/h]/[m3];173;;;;;;;;;;
260512_1124_8105_OD168_Type1.csv;;;;;;G 608ST-60802901;STORED;12.05.2026;11:24:19;;: B:8105;168.3 mm;5.0 mm;0.1 mm;Carbon Steel;WITHOUT LINING;Water;20.0 C;CDM1N5213047;2 NUM;78.5 mm;10 s;m3/h;mA;00:00:01 SAMPLES;Volume flow;[m3/h]/[m3];35;;;;;;;;;;
260512_1139_1181_OD76_Type1.csv;;;;;;G 608ST-60802901;STORED;12.05.2026;11:39:47;;: B:1181;76.1 mm;3.6 mm;0.1 mm;Carbon Steel;WITHOUT LINING;Water;20.0 C;CDM1N5213047;2 NUM;5.9 mm;10 s;m3/h;mA;00:00:01 SAMPLES;Volume flow;[m3/h]/[m3];41;597.0098;42.0000;28.0000;1746.6000;12.0000;;;;;
260512_1141_1181_OD76_Type1.csv;-16.7583;-15.4450;-20.2800;-14.1900;-20.2800;G 608ST-60802901;STORED;12.05.2026;11:41:10;;: B:1181;76.1 mm;3.6 mm;0.1 mm;Carbon Steel;WITHOUT LINING;Water;20.0 C;CDM1N5213047;2 NUM;5.9 mm;10 s;m3/h;mA;00:00:01 SAMPLES;Volume flow;[m3/h]/[m3];70;534.8486;48.0000;48.0000;1857.2000;23.0000;;;;;
260512_1143_1181_OD76_Type1.csv;14.5420;14.4350;15.7400;19.2800;9.6200;G 608ST-60802901;STORED;12.05.2026;11:43:11;;: B:1181;76.1 mm;3.6 mm;0.1 mm;Carbon Steel;WITHOUT LINING;Water;20.0 C;CDM1N5213047;2 NUM;5.9 mm;10 s;m3/h;mA;00:00:01 SAMPLES;Volume flow;[m3/h]/[m3];95;1548.9421;1625.6000;1553.2000;1722.4000;42.0000;;;;;
260512_1145_1182_OD76_Type1.csv;0.0000;0.0000;0.0000;0.0000;0.0000;G 608ST-60802901;STORED;12.05.2026;11:45:54;;: B:1182;76.1 mm;3.6 mm;0.1 mm;Carbon Steel;WITHOUT LINING;Water;20.0 C;CDM1N5213047;2 NUM;5.9 mm;10 s;m3/h;mA;00:00:01 SAMPLES;Volume flow;[m3/h]/[m3];9;1519.8889;1512.9000;1506.9000;1571.8000;1506.9000;;;;;
260512_1146_1191_OD76_Type1.csv;-4.2946;-4.4450;-3.5700;-3.3100;-5.3600;G 608ST-60802901;STORED;12.05.2026;11:46:46;;: B:1191;76.1 mm;3.6 mm;0.1 mm;Carbon Steel;WITHOUT LINING;Water;20.0 C;CDM1N5213047;2 NUM;5.9 mm;10 s;m3/h;mA;00:00:01 SAMPLES;Volume flow;[m3/h]/[m3];30;1497.5033;1578.7000;1564.2000;1644.5000;31.0000;;;;;
260512_1147_1191_OD76_Type1.csv;-10.6648;-10.6900;-9.6700;-9.6200;-11.7200;G 608ST-60802901;STORED;12.05.2026;11:47:41;;: B:1191;76.1 mm;3.6 mm;0.1 mm;Carbon Steel;WITHOUT LINING;Water;20.0 C;CDM1N5213047;2 NUM;5.9 mm;10 s;m3/h;mA;00:00:01 SAMPLES;Volume flow;[m3/h]/[m3];28;1587.5500;1592.9000;1603.0000;1608.7000;1553.2000;;;;;
260512_1148_1191_OD76_Type1.csv;5.6464;8.7650;8.7500;10.0400;-9.6700;G 608ST-60802901;STORED;12.05.2026;11:48:21;;: B:1191;76.1 mm;3.6 mm;0.1 mm;Carbon Steel;WITHOUT LINING;Water;20.0 C;CDM1N5213047;2 NUM;5.9 mm;10 s;m3/h;mA;00:00:01 SAMPLES;Volume flow;[m3/h]/[m3];67;1717.2792;1772.9000;1724.4000;1886.0000;23.0000;;;;;
260512_1150_1192_OD76_Type1.csv;-9.9873;-10.0600;-10.3900;-8.7800;-10.8500;G 608ST-60802901;STORED;12.05.2026;11:50:37;;: B:1192;76.1 mm;3.6 mm;0.1 mm;Carbon Steel;WITHOUT LINING;Water;20.0 C;CDM1N5213047;2 NUM;5.9 mm;10 s;m3/h;mA;00:00:01 SAMPLES;Volume flow;[m3/h]/[m3];16;1588.6125;1549.9000;1645.5000;1645.5000;1547.2000;;;;;
260512_1151_1192_OD76_Type1.csv;0.6550;0.6400;0.8300;0.9000;0.3600;G 608ST-60802901;STORED;12.05.2026;11:51:59;;: B:1192;76.1 mm;3.6 mm;0.1 mm;Carbon Steel;WITHOUT LINING;Water;20.0 C;CDM1N5213047;2 NUM;5.9 mm;10 s;m3/h;mA;00:00:01 SAMPLES;Volume flow;[m3/h]/[m3];8;1508.2750;1508.6000;1508.6000;1510.0000;1505.8000;;;;;
260512_1152_1192_OD76_Type1.csv;0.4700;0.4700;0.4700;0.4700;0.4700;G 608ST-60802901;STORED;12.05.2026;11:52:22;;: B:1192;76.1 mm;3.6 mm;0.1 mm;Carbon Steel;WITHOUT LINING;Water;20.0 C;CDM1N5213047;2 NUM;5.9 mm;10 s;m3/h;mA;00:00:01 SAMPLES;Volume flow;[m3/h]/[m3];3;1721.5000;1721.5000;1721.5000;1721.5000;1721.5000;;;;;
260512_1157_1120_OD114_Type1.csv;68.1647;67.7800;70.9000;71.6900;64.7000;G 608ST-60802901;STORED;12.05.2026;11:57:09;;: B:1120;114.0 mm;4.5 mm;0.1 mm;Carbon Steel;WITHOUT LINING;Water;20.0 C;CDM1N5213047;2 NUM;36.1 mm;10 s;m3/h;mA;00:00:01 SAMPLES;Volume flow;[m3/h]/[m3];19;1246.2789;1246.5000;1251.5000;1251.6000;1232.7000;;;;;
260518_0841_3900.01_OD204_Type1.csv;251.2194;250.1100;248.2600;265.2800;234.9300;G 608ST-60802901;STORED;18.05.2026;08:41:58;Par.Record    01;: B:3900.01;204.0 mm;2.0 mm;0.0 mm;Stainless Steel;WITHOUT LINING;Water;20.0 C;CDM1N5213047;2 NUM;102.6 mm;10 s;m3/h;mA;00:00:01 SAMPLES;Volume flow;[m3/h]/[m3];99;725.8465;28.0000;26.0000;1469.6000;13.0000;;;;;
260518_0844_3900.01_OD204_Type1.csv;-263.8218;-265.4100;-251.5400;-251.5400;-268.9000;G 608ST-60802901;STORED;18.05.2026;08:44:29;Par.Record    01;: B:3900.01;204.0 mm;2.0 mm;0.0 mm;Stainless Steel;WITHOUT LINING;Water;20.0 C;CDM1N5213047;2 NUM;102.6 mm;10 s;m3/h;mA;00:00:01 SAMPLES;Volume flow;[m3/h]/[m3];89;1230.6753;1475.7000;1476.5000;1476.5000;14.0000;;;;;
260518_0846_3900.01_OD204_Type1.csv;253.5097;252.9200;248.8700;265.5800;247.6400;G 608ST-60802901;STORED;18.05.2026;08:46:08;Par.Record    01;: B:3900.01;204.0 mm;2.0 mm;0.0 mm;Stainless Steel;WITHOUT LINING;Water;20.0 C;CDM1N5213047;2 NUM;102.6 mm;10 s;m3/h;mA;00:00:01 SAMPLES;Volume flow;[m3/h]/[m3];52;1165.1308;1470.3000;1470.4000;1470.5000;26.0000;;;;;
260518_0848_4700.01_OD168_Type1.csv;-45.9916;-45.8100;-45.4100;-39.9700;-51.0300;G 608ST-60802901;STORED;18.05.2026;08:48:59;Par.Record    02;: B:4700.01;168.0 mm;5.0 mm;0.1 mm;Carbon Steel;WITHOUT LINING;Water;20.0 C;CDM1N5213047;2 NUM;78.2 mm;10 s;m3/h;mA;00:00:01 SAMPLES;Volume flow;[m3/h]/[m3];65;1308.6215;1487.4000;1478.1000;1505.2000;14.0000;;;;;
260518_0851_4700.01_OD168_Type1.csv;;;;;;G 608ST-60802901;STORED;18.05.2026;08:51:09;Par.Record    02;: B:4700.01;168.0 mm;5.0 mm;0.1 mm;Carbon Steel;WITHOUT LINING;Water;20.0 C;CDM1N5213047;2 NUM;78.2 mm;10 s;m3/h;mA;00:00:01 SAMPLES;Volume flow;[m3/h]/[m3];141;;;;;;;;;;
260518_0855_4700.01_OD168_Type1.csv;32.1000;32.5150;29.3400;34.7200;29.3400;G 608ST-60802901;STORED;18.05.2026;08:55:34;Par.Record    02;: B:4700.01;168.0 mm;5.0 mm;0.1 mm;Carbon Steel;WITHOUT LINING;Water;20.0 C;CDM1N5213047;2 NUM;78.2 mm;10 s;m3/h;mA;00:00:01 SAMPLES;Volume flow;[m3/h]/[m3];48;513.5083;29.0000;11.0000;1511.1000;11.0000;;;;;
260518_0856_4700.01_OD168_Type1.csv;-32.4579;-32.6150;-32.6900;-30.8900;-33.5200;G 608ST-60802901;STORED;18.05.2026;08:56:30;Par.Record    02;: B:4700.01;168.0 mm;5.0 mm;0.1 mm;Carbon Steel;WITHOUT LINING;Water;20.0 C;CDM1N5213047;2 NUM;78.2 mm;10 s;m3/h;mA;00:00:01 SAMPLES;Volume flow;[m3/h]/[m3];34;1319.1824;1491.2000;32.0000;1505.0000;32.0000;;;;;
260518_0859_3700.01_OD220_Type1.csv;97.9004;97.6500;104.1400;107.8200;89.4900;G 608ST-60802901;STORED;18.05.2026;08:59:34;Par.Record    03;: B:3700.01;220.0 mm;5.0 mm;0.1 mm;Carbon Steel;WITHOUT LINING;Water;20.0 C;CDM1N5213047;2 NUM;118.4 mm;10 s;m3/h;mA;00:00:01 SAMPLES;Volume flow;[m3/h]/[m3];51;1507.1882;1506.8000;1503.7000;1517.9000;1498.5000;;;;;
260518_0907_05.06_OD323_Type1.csv;774.0854;770.6250;779.0600;798.0400;756.6500;G 608ST-60802901;STORED;18.05.2026;09:07:42;Par.Record    04;: B:05.06;323.0 mm;5.5 mm;0.1 mm;Carbon Steel;WITHOUT LINING;Water;20.0 C;CDM1N5213047;2 NUM;198.4 mm;10 s;m3/h;mA;00:00:01 SAMPLES;Volume flow;[m3/h]/[m3];54;1490.5907;1490.4000;1490.1000;1494.9000;1486.6000;;;;;
260518_0909_05.06_OD323_Type1.csv;;;;;;G 608ST-60802901;STORED;18.05.2026;09:09:38;Par.Record    04;: B:05.06;323.0 mm;5.5 mm;0.1 mm;Carbon Steel;WITHOUT LINING;Water;20.0 C;CDM1N5213047;2 NUM;198.4 mm;10 s;m3/h;mA;00:00:01 SAMPLES;Volume flow;[m3/h]/[m3];33;324.1576;10.0000;10.0000;1495.2000;9.0000;;;;;
260518_0910_05.06_OD323_Type1.csv;-806.3155;-804.0000;-823.0900;-753.0000;-855.4300;G 608ST-60802901;STORED;18.05.2026;09:10:25;Par.Record    04;: B:05.06;323.0 mm;5.5 mm;0.1 mm;Carbon Steel;WITHOUT LINING;Water;20.0 C;CDM1N5213047;2 NUM;198.4 mm;10 s;m3/h;mA;00:00:01 SAMPLES;Volume flow;[m3/h]/[m3];91;1452.0088;1499.0000;1498.6000;1504.4000;26.0000;;;;;
260518_0912_05.06_OD323_Type1.csv;762.6774;758.6800;752.2200;799.2200;723.3300;G 608ST-60802901;STORED;18.05.2026;09:12:11;Par.Record    04;: B:05.06;323.0 mm;5.5 mm;0.1 mm;Carbon Steel;WITHOUT LINING;Water;20.0 C;CDM1N5213047;2 NUM;198.4 mm;10 s;m3/h;mA;00:00:01 SAMPLES;Volume flow;[m3/h]/[m3];114;1302.2632;1495.1000;1496.8000;1501.4000;13.0000;;;;;
260518_0921_06.22_OD114_Type1.csv;-20.0079;-19.8500;-21.9100;-17.1800;-21.9100;G 608ST-60802901;STORED;18.05.2026;09:21:20;Par.Record    04;: B:06.22;114.0 mm;4.5 mm;0.1 mm;Carbon Steel;WITHOUT LINING;Water;20.0 C;CDM1N5213047;2 NUM;36.1 mm;10 s;m3/h;mA;00:00:01 SAMPLES;Volume flow;[m3/h]/[m3];43;1494.3837;1545.4000;32.0000;1834.4000;32.0000;;;;;
260518_0925_06.07_OD323_Type1.csv;-716.0977;-714.6700;-709.2400;-701.6200;-735.5800;G 608ST-60802901;STORED;18.05.2026;09:25:36;Par.Record    04;: B:06.07;323.0 mm;5.5 mm;0.1 mm;Carbon Steel;WITHOUT LINING;Water;20.0 C;CDM1N5213047;2 NUM;198.4 mm;10 s;m3/h;mA;00:00:01 SAMPLES;Volume flow;[m3/h]/[m3];44;1499.3818;1498.4000;1505.3000;1505.3000;1496.5000;;;;;
260518_0926_06.07_OD323_Type1.csv;681.5404;679.9500;696.0400;708.4500;659.2000;G 608ST-60802901;STORED;18.05.2026;09:26:40;Par.Record    04;: B:06.07;323.0 mm;5.5 mm;0.1 mm;Carbon Steel;WITHOUT LINING;Water;20.0 C;CDM1N5213047;2 NUM;198.4 mm;10 s;m3/h;mA;00:00:01 SAMPLES;Volume flow;[m3/h]/[m3];71;1499.1099;1497.2000;1496.5000;1511.0000;1495.9000;;;;;
260518_1005_3100.01_OD220_Type1.csv;-106.5699;-105.2900;-105.9100;-100.8300;-116.3500;G 608ST-60802901;STORED;18.05.2026;10:05:20;Par.Record    04;: B:3100.01;220.0 mm;5.0 mm;0.1 mm;Carbon Steel;WITHOUT LINING;Water;20.0 C;CDM1N5213047;2 NUM;118.4 mm;10 s;m3/h;mA;00:00:01 SAMPLES;Volume flow;[m3/h]/[m3];83;1375.0193;1519.4000;1501.7000;1539.4000;27.0000;;;;;
260518_1007_3100.01_OD220_Type1.csv;118.5598;120.9000;102.7400;125.2400;102.7400;G 608ST-60802901;STORED;18.05.2026;10:07:34;Par.Record    04;: B:3100.01;220.0 mm;5.0 mm;0.1 mm;Carbon Steel;WITHOUT LINING;Water;20.0 C;CDM1N5213047;2 NUM;118.4 mm;10 s;m3/h;mA;00:00:01 SAMPLES;Volume flow;[m3/h]/[m3];140;1459.9829;1524.3000;1523.8000;1534.6000;20.0000;;;;;
260518_1035_8107_OD220_Type1.csv;;;;;;G 608ST-60802901;STORED;18.05.2026;10:35:27;Par.Record    04;: B:8107;220.0 mm;5.0 mm;0.1 mm;Carbon Steel;WITHOUT LINING;Water;20.0 C;CDM1N5213047;2 NUM;118.4 mm;10 s;m3/h;mA;00:00:01 SAMPLES;Volume flow;[m3/h]/[m3];22;;;;;;;;;;
260518_1047_3806_OD139_Type1.csv;88.7219;88.8350;89.2200;91.4400;86.0100;G 608ST-60802901;STORED;18.05.2026;10:47:15;Par.Record    04;: B:3806;139.7 mm;2.0 mm;0.0 mm;Stainless Steel;WITHOUT LINING;Water;20.0 C;CDM1N5213047;2 NUM;52.9 mm;10 s;m3/h;mA;00:00:01 SAMPLES;Volume flow;[m3/h]/[m3];75;1398.6293;1473.3000;1473.3000;1493.1000;26.0000;;;;;
260518_1050_3801_OD88_Type1.csv;;;;;;G 608ST-60802901;STORED;18.05.2026;10:50:00;Par.Record    04;: B:3801;88.9 mm;2.0 mm;0.0 mm;Stainless Steel;WITHOUT LINING;Water;20.0 C;CDM1N5213047;2 NUM;13.7 mm;10 s;m3/h;mA;00:00:01 SAMPLES;Volume flow;[m3/h]/[m3];63;;;;;;;;;;
NODATE_0000_1-3_Type5.csv;76032.6316;72854.0634;0.0000;218864.7400;-9986.9362;;;;;;;;;;;;;;;;;;;;;;;;;;;;;;;;;
NODATE_0000_251209t134322_AT-3_Type3.csv;211313.0516;211683.5403;208502.7786;213178.8757;207564.7385;;;;;;;;;;;;;;;;;;;;;;;;;;;;;;;;;
