Filename,DEVICE,MODE,DATE,TIME,Par.Record,Meas. Point No.,Outer Diameter,Wall Thickness,Roughness,Pipe Material,Lining,Medium,Medium Temperat.,Transducer Type,Sound Path,Transd. Distance,Damping,Full-Scale Val.,Current Loop,Storage Rate,Physic. Quant.,Unit Of Measure,Numb.Of Meas.Val,MEASURE_Avg,MEASURE_Median,MEASURE_Mode,MEASURE_Max,MEASURE_Min,SSPEED_Avg,SSPEED_Median,SSPEED_Mode,SSPEED_Max,SSPEED_Min
260506_1152_000_88.csv,G 608ST-60802901,STORED,06.05.2026,11:52:21,,: B:000,88.9 mm,4.0 mm,0.1 mm,Carbon Steel,WITHOUT LINING,Water,20.0 C,CDM1N5213047,2 NUM,16.2 mm,10 s,m3/h,mA,00:00:01 SAMPLES,Volume flow,[m3/h]/[m3],544,,,,,,,,,,
260507_0721_47.11_88.csv,G 608ST-60802901,STORED,07.05.2026,07:21:11,,: B:47.11,88.9 mm,4.0 mm,0.1 mm,Carbon Steel,WITHOUT LINING,Water,20.0 C,CDM1N5213047,2 NUM,16.2 mm,10 s,m3/h,mA,00:00:01 SAMPLES,Volume flow,[m3/h]/[m3],152,0.1521,0,0,0.65,0,446.1178,31,11,2235.8,11
260507_0726_47.11_88.csv,G 608ST-60802901,STORED,07.05.2026,07:26:07,,: B:47.11,88.9 mm,4.0 mm,0.1 mm,Carbon Steel,WITHOUT LINING,Water,20.0 C,CDM1N5213047,2 NUM,16.2 mm,10 s,m3/h,mA,00:00:01 SAMPLES,Volume flow,[m3/h]/[m3],148,0.1883,0,0,1.47,0,288.3804,12,11,1615.5,11
260507_0739_47.11.3_43.csv,G 608ST-60802901,STORED,07.05.2026,07:39:44,,: B:47.11.3,43.5 mm,3.2 mm,0.0 mm,Stainless Steel,WITHOUT LINING,Water,20.0 C,CDM1N5213047,1 NUM,-34.8 mm,10 s,m3/h,mA,00:00:01 SAMPLES,Volume flow,[m3/h]/[m3],57,-0.0272,-0.06,-0.07,0.21,-0.19,872.6947,977.8,19,1532.5,14
260507_0754_4501_60.csv,G 608ST-60802901,STORED,07.05.2026,07:54:48,,: B:4501,60.5 mm,3.6 mm,0.1 mm,Carbon Steel,WITHOUT LINING,Water,20.0 C,CDM1N5213047,2 NUM,5.0 mm,10 s,m3/h,mA,00:00:01 SAMPLES,Volume flow,[m3/h]/[m3],142,8.1965,8.96,8.93,10.5,-8.9,1396.2852,1477.3,1489.6,1517.3,11
260507_0805_4601_76.csv,G 608ST-60802901,STORED,07.05.2026,08:05:47,,: B:4601,76.1 mm,3.6 mm,0.1 mm,Carbon Steel,WITHOUT LINING,Water,20.0 C,CDM1N5213047,2 NUM,5.9 mm,10 s,m3/h,mA,00:00:01 SAMPLES,Volume flow,[m3/h]/[m3],106,11.6642,11.95,9.69,12.68,9.47,1257.5066,1669.6,32,1795.5,11
260507_0808_4601_76.csv,G 608ST-60802901,STORED,07.05.2026,08:08:12,,: B:4601,76.1 mm,3.6 mm,0.1 mm,Carbon Steel,WITHOUT LINING,Water,20.0 C,CDM1N5213047,2 NUM,5.9 mm,10 s,m3/h,mA,00:00:01 SAMPLES,Volume flow,[m3/h]/[m3],24,9.0738,9.165,9.39,9.48,8.39,1479.6708,1479.6,1481.3,1488.8,1474
260507_0809_4602_76.csv,G 608ST-60802901,STORED,07.05.2026,08:09:24,,: B:4602,76.1 mm,3.6 mm,0.1 mm,Carbon Steel,WITHOUT LINING,Water,20.0 C,CDM1N5213047,2 NUM,5.9 mm,10 s,m3/h,mA,00:00:01 SAMPLES,Volume flow,[m3/h]/[m3],95,14.5421,15.665,0.13,18.85,0.13,1024.6937,1710.9,38,1947.8,13
260507_0812_4603_60.csv,G 608ST-60802901,STORED,07.05.2026,08:12:20,,: B:4603,60.3 mm,3.6 mm,0.1 mm,Carbon Steel,WITHOUT LINING,Water,20.0 C,CDM1N5213047,2 NUM,-6.3 mm,10 s,m3/h,mA,00:00:01 SAMPLES,Volume flow,[m3/h]/[m3],46,-0.0106,0.01,0.01,0.14,-0.24,2173.8714,3246.95,44,3876.1,38
260507_0819_4604_43.csv,G 608ST-60802901,STORED,07.05.2026,08:19:53,,: B:4604,43.0 mm,2.0 mm,0.0 mm,Stainless Steel,WITHOUT LINING,Water,20.0 C,CDM1N5213047,1 NUM,-36.8 mm,10 s,m3/h,mA,00:00:01 SAMPLES,Volume flow,[m3/h]/[m3],107,5.9901,6.1,5.74,6.7,3.94,1025.143,1372.1,19,1429.1,16
260507_0827_4605_22.csv,G 608ST-60802901,STORED,07.05.2026,08:27:23,,: B:4605,22.0 mm,1.0 mm,0.0 mm,Stainless Steel,WITHOUT LINING,Water,20.0 C,CDM1N5213047,1 NUM,-46.4 mm,10 s,m3/h,mA,00:00:01 SAMPLES,Volume flow,[m3/h]/[m3],45,0.0405,0.02,0.01,0.28,-0.11,2125.1333,2346,28,2527,24
260507_0833_4602_88.csv,G 608ST-60802901,STORED,07.05.2026,08:33:08,,: B:4602,88.9 mm,4.0 mm,0.1 mm,Carbon Steel,WITHOUT LINING,Water,20.0 C,CDM1N5213047,2 NUM,16.2 mm,10 s,m3/h,mA,00:00:01 SAMPLES,Volume flow,[m3/h]/[m3],71,,,,,,,,,,
260507_0842_4605_22.csv,G 608ST-60802901,STORED,07.05.2026,08:42:06,,: B:4605,22.0 mm,1.0 mm,0.0 mm,Stainless Steel,WITHOUT LINING,Water,20.0 C,CDM1N5213047,1 NUM,-46.4 mm,10 s,m3/h,mA,00:00:01 SAMPLES,Volume flow,[m3/h]/[m3],108,-8.2908,-4.34,-11.23,0.51,-44.09,1199.313,1782.9,19,2838.3,13
260507_0851_47.09_323.csv,G 608ST-60802901,STORED,07.05.2026,08:51:00,,: B:47.09,323.0 mm,6.5 mm,0.1 mm,Carbon Steel,WITHOUT LINING,Water,20.0 C,CDM1N5213047,2 NUM,199.3 mm,10 s,m3/h,mA,00:00:01 SAMPLES,Volume flow,[m3/h]/[m3],83,598.8232,595.39,614.99,658.95,563.27,1407.5614,1496.7,1492.8,1514.2,11
260507_0853_47.09_323.csv,G 608ST-60802901,STORED,07.05.2026,08:53:11,,: B:47.09,323.0 mm,6.5 mm,0.1 mm,Carbon Steel,WITHOUT LINING,Water,20.0 C,CDM1N5213047,2 NUM,199.3 mm,10 s,m3/h,mA,00:00:01 SAMPLES,Volume flow,[m3/h]/[m3],152,-580.3169,-576.4,-642.15,-559.48,-642.15,1492.7408,1490,1489.9,1516.3,1487.3
260507_0856_47.09_323.csv,G 608ST-60802901,STORED,07.05.2026,08:56:04,,: B:47.09,323.0 mm,6.5 mm,0.1 mm,Carbon Steel,WITHOUT LINING,Water,20.0 C,CDM1N5213047,2 NUM,199.3 mm,10 s,m3/h,mA,00:00:01 SAMPLES,Volume flow,[m3/h]/[m3],133,610.6868,611.15,615.95,637.4,574.67,1451.1353,1496.1,1494.4,1500.6,19
260507_0858_47.09_323.csv,G 608ST-60802901,STORED,07.05.2026,08:58:34,,: B:47.09,323.0 mm,6.5 mm,0.1 mm,Carbon Steel,WITHOUT LINING,Water,20.0 C,CDM1N5213047,2 NUM,199.3 mm,10 s,m3/h,mA,00:00:01 SAMPLES,Volume flow,[m3/h]/[m3],101,-570.4316,-569.31,-597.84,-551.18,-597.84,1491.1743,1489.1,1487.7,1517,1487.6
260507_0900_47.09_323.csv,G 608ST-60802901,STORED,07.05.2026,09:00:31,,: B:47.09,323.0 mm,6.5 mm,0.1 mm,Carbon Steel,WITHOUT LINING,Water,20.0 C,CDM1N5213047,2 NUM,199.3 mm,10 s,m3/h,mA,00:00:01 SAMPLES,Volume flow,[m3/h]/[m3],93,625.7909,629.94,632.67,643.64,600.88,1464.4215,1492.4,1489.8,1515.1,34
260507_0905_47.10_273.csv,G 608ST-60802901,STORED,07.05.2026,09:05:54,,: B:47.10,273.0 mm,6.0 mm,0.1 mm,Carbon Steel,WITHOUT LINING,Water,20.0 C,CDM1N5213047,2 NUM,160.3 mm,10 s,m3/h,mA,00:00:01 SAMPLES,Volume flow,[m3/h]/[m3],58,188.0528,188.015,201.66,201.66,182.49,1496.3414,1496.2,1495.2,1506.9,1483.3
260507_0907_47.10_273.csv,G 608ST-60802901,STORED,07.05.2026,09:07:37,,: B:47.10,273.0 mm,6.0 mm,0.1 mm,Carbon Steel,WITHOUT LINING,Water,20.0 C,CDM1N5213047,2 NUM,160.3 mm,10 s,m3/h,mA,00:00:01 SAMPLES,Volume flow,[m3/h]/[m3],120,-179.8218,-180.58,-181.47,-170.62,-190.72,1522.8075,1524.35,1526.2,1527,1516.4
260507_0913_47.19_220.csv,G 608ST-60802901,STORED,07.05.2026,09:13:42,,: B:47.19,220.0 mm,5.0 mm,0.1 mm,Carbon Steel,WITHOUT LINING,Water,20.0 C,CDM1N5213047,2 NUM,118.4 mm,10 s,m3/h,mA,00:00:01 SAMPLES,Volume flow,[m3/h]/[m3],192,-48.7153,-48.96,-45.43,-45.43,-51.13,648.6,13,11,1529.6,11
260507_0921_47.08_323.csv,G 608ST-60802901,STORED,07.05.2026,09:21:09,,: B:47.08,323.0 mm,5.0 mm,0.1 mm,Carbon Steel,WITHOUT LINING,Water,20.0 C,CDM1N5213047,2 NUM,197.9 mm,10 s,m3/h,mA,00:00:01 SAMPLES,Volume flow,[m3/h]/[m3],87,652.301,652.52,652.48,699.56,622.34,1503.7713,1502.7,1501.9,1528.8,1499
260507_0923_47.08_323.csv,G 608ST-60802901,STORED,07.05.2026,09:23:20,,: B:47.08,323.0 mm,5.0 mm,0.1 mm,Carbon Steel,WITHOUT LINING,Water,20.0 C,CDM1N5213047,2 NUM,197.9 mm,10 s,m3/h,mA,00:00:01 SAMPLES,Volume flow,[m3/h]/[m3],175,-658.5009,-661.6,-677.1,-623.7,-701.48,1461.3223,1502.9,1500.8,1511.6,33
260507_0926_47.08_323.csv,G 608ST-60802901,STORED,07.05.2026,09:26:38,,: B:47.08,323.0 mm,5.0 mm,0.1 mm,Carbon Steel,WITHOUT LINING,Water,20.0 C,CDM1N5213047,2 NUM,197.9 mm,10 s,m3/h,mA,00:00:01 SAMPLES,Volume flow,[m3/h]/[m3],76,659.8977,650.245,656.9,803.84,626.51,1333.5289,1507.5,1507.5,1516.4,13
260507_0928_47.08_323.csv,G 608ST-60802901,STORED,07.05.2026,09:28:05,,: B:47.08,323.0 mm,5.0 mm,0.1 mm,Carbon Steel,WITHOUT LINING,Water,20.0 C,CDM1N5213047,2 NUM,197.9 mm,10 s,m3/h,mA,00:00:01 SAMPLES,Volume flow,[m3/h]/[m3],100,-660.1445,-659.2,-681.44,-637.41,-686.17,1448.249,1508.15,1506,1510.7,13
260507_0929_47.08_323.csv,G 608ST-60802901,STORED,07.05.2026,09:29:55,,: B:47.08,323.0 mm,5.0 mm,0.1 mm,Carbon Steel,WITHOUT LINING,Water,20.0 C,CDM1N5213047,2 NUM,197.9 mm,10 s,m3/h,mA,00:00:01 SAMPLES,Volume flow,[m3/h]/[m3],111,669.4979,669.12,634.43,719.44,628.95,1333.1964,1505.4,1507.9,1516.4,11
260507_1034_4700_114.csv,G 608ST-60802901,STORED,07.05.2026,10:34:35,,: B:4700,114.0 mm,4.5 mm,0.1 mm,Carbon Steel,WITHOUT LINING,Water,20.0 C,CDM1N5213047,2 NUM,36.1 mm,10 s,m3/h,mA,00:00:01 SAMPLES,Volume flow,[m3/h]/[m3],71,-33.9916,-34.03,-25.33,-25.33,-39.39,1430.7493,1560.5,1560.5,1585.2,11
260507_1036_4700_114.csv,G 608ST-60802901,STORED,07.05.2026,10:36:06,,: B:4700,114.0 mm,4.5 mm,0.1 mm,Carbon Steel,WITHOUT LINING,Water,20.0 C,CDM1N5213047,2 NUM,36.1 mm,10 s,m3/h,mA,00:00:01 SAMPLES,Volume flow,[m3/h]/[m3],142,33.324,33.73,37.33,37.33,28.74,826.181,1476.4,13,1573.3,11
260507_1042_4811_76.csv,G 608ST-60802901,STORED,07.05.2026,10:42:43,,: B:4811,76.1 mm,3.6 mm,0.1 mm,Carbon Steel,WITHOUT LINING,Water,20.0 C,CDM1N5213047,2 NUM,5.9 mm,10 s,m3/h,mA,00:00:01 SAMPLES,Volume flow,[m3/h]/[m3],41,-21.1983,-21.11,-21.55,-19.92,-22.91,1335.1,1521.8,13,1552.5,13
260507_1044_4711_76.csv,G 608ST-60802901,STORED,07.05.2026,10:44:58,,: B:4711,76.1 mm,3.6 mm,0.1 mm,Carbon Steel,WITHOUT LINING,Water,20.0 C,CDM1N5213047,2 NUM,5.9 mm,10 s,m3/h,mA,00:00:01 SAMPLES,Volume flow,[m3/h]/[m3],99,-18.5994,-18.33,-22.49,-14.9,-22.49,1150.5727,1667.1,31,1854.8,12
260507_1046_4711_76.csv,G 608ST-60802901,STORED,07.05.2026,10:46:53,,: B:4711,76.1 mm,3.6 mm,0.1 mm,Carbon Steel,WITHOUT LINING,Water,20.0 C,CDM1N5213047,2 NUM,5.9 mm,10 s,m3/h,mA,00:00:01 SAMPLES,Volume flow,[m3/h]/[m3],70,18.9666,18.595,20.11,20.88,17.97,1587.3343,1584,1559.3,1665.1,1546.1
260507_1049_4711_73.csv,G 608ST-60802901,STORED,07.05.2026,10:49:45,,: B:4711,73.0 mm,2.0 mm,0.0 mm,Stainless Steel,WITHOUT LINING,Water,20.0 C,CDM1N5213047,2 NUM,1.4 mm,10 s,m3/h,mA,00:00:01 SAMPLES,Volume flow,[m3/h]/[m3],49,14.5214,14.53,14.53,14.79,14,1295.5163,1470.8,1470.1,1493.4,13
260507_1054_4741_33.csv,G 608ST-60802901,STORED,07.05.2026,10:54:25,,: B:4741,33.7 mm,3.2 mm,0.1 mm,Carbon Steel,WITHOUT LINING,Water,20.0 C,CDM1N5213047,1 NUM,-37.8 mm,10 s,m3/h,mA,00:00:01 SAMPLES,Volume flow,[m3/h]/[m3],49,1.6305,1.7,1.73,1.9,0.56,1350.0408,1588.3,15,1892.9,15
260507_1104_47.17_165.csv,G 608ST-60802901,STORED,07.05.2026,11:04:35,,: B:47.17,165.3 mm,5.0 mm,0.1 mm,Carbon Steel,WITHOUT LINING,Water,20.0 C,CDM1N5213047,2 NUM,76.2 mm,10 s,m3/h,mA,00:00:01 SAMPLES,Volume flow,[m3/h]/[m3],57,24.5969,25.06,21.22,26.9,21.22,1463.3789,1509.7,1539.9,1540.7,13
260507_1106_47.17_165.csv,G 608ST-60802901,STORED,07.05.2026,11:06:43,,: B:47.17,165.3 mm,5.0 mm,0.1 mm,Carbon Steel,WITHOUT LINING,Water,20.0 C,CDM1N5213047,2 NUM,76.2 mm,10 s,m3/h,mA,00:00:01 SAMPLES,Volume flow,[m3/h]/[m3],49,-22.46,-22.35,-20.57,-20.2,-25.66,1507.7837,1556.1,1629.8,1692.8,17
260507_1112_47.16_155.csv,G 608ST-60802901,STORED,07.05.2026,11:12:17,,: B:47.16,155.0 mm,2.0 mm,0.0 mm,Stainless Steel,WITHOUT LINING,Water,20.0 C,CDM1N5213047,2 NUM,64.7 mm,10 s,m3/h,mA,00:00:01 SAMPLES,Volume flow,[m3/h]/[m3],27,-19.4524,-20.19,-19.9,-14.14,-21.02,1416.0926,1415.7,1413.4,1419.2,1413.4
260507_1113_47.16_155.csv,G 608ST-60802901,STORED,07.05.2026,11:13:00,,: B:47.16,155.0 mm,2.0 mm,0.0 mm,Stainless Steel,WITHOUT LINING,Water,20.0 C,CDM1N5213047,2 NUM,64.7 mm,10 s,m3/h,mA,00:00:01 SAMPLES,Volume flow,[m3/h]/[m3],53,18.6258,19.34,17.42,20.02,14.87,1260.0698,1405.9,1405.4,1444.4,33
260507_1125_47.05_168.csv,G 608ST-60802901,STORED,07.05.2026,11:25:53,,: B:47.05,168.3 mm,5.0 mm,0.1 mm,Carbon Steel,WITHOUT LINING,Water,20.0 C,CDM1N5213047,2 NUM,78.5 mm,10 s,m3/h,mA,00:00:01 SAMPLES,Volume flow,[m3/h]/[m3],75,-0.4062,-0.39,0.17,0.85,-1.51,584.548,42,17,1522.5,12
260511_0902_47-1_168.csv,G 608ST-60802901,STORED,11.05.2026,09:02:12,,: B:47-1,168.0 mm,5.0 mm,0.1 mm,Carbon Steel,WITHOUT LINING,Water,20.0 C,CDM1N5213047,2 NUM,78.2 mm,10 s,m3/h,mA,00:00:01 SAMPLES,Volume flow,[m3/h]/[m3],331,129.8371,255.27,0,278.22,-260.58,1081.3284,1499.7,1501.2,1511.7,11
260511_0911_47-2_220.csv,G 608ST-60802901,STORED,11.05.2026,09:11:32,,: B:47-2,220.0 mm,5.0 mm,0.1 mm,Carbon Steel,WITHOUT LINING,Water,20.0 C,CDM1N5213047,2 NUM,118.4 mm,10 s,m3/h,mA,00:00:01 SAMPLES,Volume flow,[m3/h]/[m3],136,240.6311,238.33,246.84,258.72,231.61,1460.1449,1481.95,1481.5,1537.3,28
260511_0916_47-3_220.csv,G 608ST-60802901,STORED,11.05.2026,09:16:35,,: B:47-3,220.0 mm,5.0 mm,0.1 mm,Carbon Steel,WITHOUT LINING,Water,20.0 C,CDM1N5213047,2 NUM,118.4 mm,10 s,m3/h,mA,00:00:01 SAMPLES,Volume flow,[m3/h]/[m3],74,2.54,2.54,5.08,5.08,0,388.7608,26,23,1536.6,19
260511_0918_47-4_220.csv,G 608ST-60802901,STORED,11.05.2026,09:18:22,,: B:47-4,220.0 mm,5.0 mm,0.1 mm,Carbon Steel,WITHOUT LINING,Water,20.0 C,CDM1N5213047,2 NUM,118.4 mm,10 s,m3/h,mA,00:00:01 SAMPLES,Volume flow,[m3/h]/[m3],128,282.8684,280.68,272.7,303.3,266.04,1407.3602,1520.6,1538.2,1561.4,32
260511_0924_47-5_168.csv,G 608ST-60802901,STORED,11.05.2026,09:24:16,,: B:47-5,168.0 mm,4.5 mm,0.1 mm,Carbon Steel,WITHOUT LINING,Water,20.0 C,CDM1N5213047,2 NUM,77.7 mm,10 s,m3/h,mA,00:00:01 SAMPLES,Volume flow,[m3/h]/[m3],1402,,,,,,,,,,
260512_0840_4200.01_114.csv,G 608ST-60802901,STORED,12.05.2026,08:40:48,,: B:4200.01,114.0 mm,4.5 mm,0.1 mm,Carbon Steel,WITHOUT LINING,Water,20.0 C,CDM1N5213047,2 NUM,36.1 mm,10 s,m3/h,mA,00:00:01 SAMPLES,Volume flow,[m3/h]/[m3],92,-17.8116,-17.475,-20.44,-14.9,-21.52,1428.7391,1499.95,1491.7,1695,12
260512_0850_3806_139.csv,G 608ST-60802901,STORED,12.05.2026,08:50:58,,: B:3806,139.7 mm,2.0 mm,0.0 mm,Stainless Steel,WITHOUT LINING,Water,20.0 C,CDM1N5213047,2 NUM,52.9 mm,10 s,m3/h,mA,00:00:01 SAMPLES,Volume flow,[m3/h]/[m3],72,88.3404,88.6,88.56,89.16,83.37,1464.0486,1464,1464,1464.8,1463.4
260512_0854_3801_88.csv,G 608ST-60802901,STORED,12.05.2026,08:54:20,,: B:3801,88.9 mm,2.0 mm,0.0 mm,Stainless Steel,WITHOUT LINING,Water,20.0 C,CDM1N5213047,2 NUM,13.7 mm,10 s,m3/h,mA,00:00:01 SAMPLES,Volume flow,[m3/h]/[m3],72,30.7138,30.72,31.45,31.68,28.14,1328.3653,1470.55,1473.2,1473.8,13
260512_0901_3906_139.csv,G 608ST-60802901,STORED,12.05.2026,09:01:06,,: B:3906,139.7 mm,2.0 mm,0.0 mm,Stainless Steel,WITHOUT LINING,Water,20.0 C,CDM1N5213047,2 NUM,52.9 mm,10 s,m3/h,mA,00:00:01 SAMPLES,Volume flow,[m3/h]/[m3],253,134.8227,135.29,131.76,138.45,130.18,1001.6763,1460.3,21,1477.4,15
260512_0906_31006_139.csv,G 608ST-60802901,STORED,12.05.2026,09:06:14,,: B:31006,139.7 mm,2.0 mm,0.0 mm,Stainless Steel,WITHOUT LINING,Water,20.0 C,CDM1N5213047,2 NUM,52.9 mm,10 s,m3/h,mA,00:00:01 SAMPLES,Volume flow,[m3/h]/[m3],97,38.5158,38.71,38.81,41.01,33.93,1264.6928,1474.3,1475,1475.2,13
260512_0910_3900.03_154.csv,G 608ST-60802901,STORED,12.05.2026,09:10:32,,: B:3900.03,154.0 mm,2.0 mm,0.0 mm,Stainless Steel,WITHOUT LINING,Water,20.0 C,CDM1N5213047,2 NUM,64.0 mm,10 s,m3/h,mA,00:00:01 SAMPLES,Volume flow,[m3/h]/[m3],62,171.3126,171.47,166.19,173.5,166.19,1467.3452,1467.85,1468.3,1468.4,1464.1
260512_0915_31001_88.csv,G 608ST-60802901,STORED,12.05.2026,09:15:08,,: B:31001,88.9 mm,2.0 mm,0.0 mm,Stainless Steel,WITHOUT LINING,Water,20.0 C,CDM1N5213047,2 NUM,13.7 mm,10 s,m3/h,mA,00:00:01 SAMPLES,Volume flow,[m3/h]/[m3],66,41.6837,41.6,41.68,42.66,40.82,1116.6727,1440.65,1441.6,1446.6,13
260512_0918_3901_88.csv,G 608ST-60802901,STORED,12.05.2026,09:18:16,,: B:3901,88.9 mm,2.0 mm,0.0 mm,Stainless Steel,WITHOUT LINING,Water,20.0 C,CDM1N5213047,2 NUM,13.7 mm,10 s,m3/h,mA,00:00:01 SAMPLES,Volume flow,[m3/h]/[m3],57,49.7847,51.77,43.56,53.06,43.56,1407.3667,1457.7,1457.5,1462.5,19
260512_0921_3900.02_204.csv,G 608ST-60802901,STORED,12.05.2026,09:21:58,,: B:3900.02,204.0 mm,2.0 mm,0.0 mm,Stainless Steel,WITHOUT LINING,Water,20.0 C,CDM1N5213047,2 NUM,102.6 mm,10 s,m3/h,mA,00:00:01 SAMPLES,Volume flow,[m3/h]/[m3],50,-192.9759,-193.165,-192.95,-187.71,-195.37,1001.418,1379.4,1379.5,1379.7,26
260512_0923_3900.02_204.csv,G 608ST-60802901,STORED,12.05.2026,09:23:18,,: B:3900.02,204.0 mm,2.0 mm,0.0 mm,Stainless Steel,WITHOUT LINING,Water,20.0 C,CDM1N5213047,2 NUM,102.6 mm,10 s,m3/h,mA,00:00:01 SAMPLES,Volume flow,[m3/h]/[m3],80,190.6486,191.88,177.35,194.3,177.35,1059.3637,1380.95,27,1382.3,23
260512_0932_3900.01_204.csv,G 608ST-60802901,STORED,12.05.2026,09:32:44,,: B:3900.01,204.0 mm,2.0 mm,0.0 mm,Stainless Steel,WITHOUT LINING,Water,20.0 C,CDM1N5213047,2 NUM,102.6 mm,10 s,m3/h,mA,00:00:01 SAMPLES,Volume flow,[m3/h]/[m3],100,248.3088,247.69,233.53,262.36,233.52,1033.905,1467,1467.7,1467.9,13
260512_0937_4700.01_220.csv,G 608ST-60802901,STORED,12.05.2026,09:37:21,,: B:4700.01,220.0 mm,5.0 mm,0.1 mm,Carbon Steel,WITHOUT LINING,Water,20.0 C,CDM1N5213047,2 NUM,118.4 mm,10 s,m3/h,mA,00:00:01 SAMPLES,Volume flow,[m3/h]/[m3],96,-88.0576,-86.05,-82.55,-71.47,-111.37,1806.7375,1895.5,1911.4,1986.8,11
260512_0940_4700.01_168.csv,G 608ST-60802901,STORED,12.05.2026,09:40:12,,: B:4700.01,168.3 mm,5.0 mm,0.1 mm,Carbon Steel,WITHOUT LINING,Water,20.0 C,CDM1N5213047,2 NUM,78.5 mm,10 s,m3/h,mA,00:00:01 SAMPLES,Volume flow,[m3/h]/[m3],104,-43.0618,-43.54,-44.42,-37.74,-45.77,1477.7,1489.8,1488.4,1506.8,29
260512_0943_3700.01_220.csv,G 608ST-60802901,STORED,12.05.2026,09:43:13,,: B:3700.01,220.0 mm,5.0 mm,0.1 mm,Carbon Steel,WITHOUT LINING,Water,20.0 C,CDM1N5213047,2 NUM,118.4 mm,10 s,m3/h,mA,00:00:01 SAMPLES,Volume flow,[m3/h]/[m3],89,-97.0375,-95.39,-113.69,-83.38,-113.69,1395.2371,1509.4,1508.6,1530.7,25
260512_0950_5700.01_114.csv,G 608ST-60802901,STORED,12.05.2026,09:50:45,,: B:5700.01,114.0 mm,4.5 mm,0.1 mm,Carbon Steel,WITHOUT LINING,Water,20.0 C,CDM1N5213047,1 NUM,-4.5 mm,10 s,m3/h,mA,00:00:01 SAMPLES,Volume flow,[m3/h]/[m3],74,0.5087,0,0,2.81,-2.04,822.9473,1461.2,24,1625.3,11
260512_1000_47-6.22_114.csv,G 608ST-60802901,STORED,12.05.2026,10:00:14,,: B:47-6.22,114.0 mm,4.5 mm,0.1 mm,Carbon Steel,WITHOUT LINING,Water,20.0 C,CDM1N5213047,2 NUM,36.0 mm,10 s,m3/h,mA,00:00:01 SAMPLES,Volume flow,[m3/h]/[m3],177,17.8951,17.81,16.28,22.7,13.65,1254.3616,1550.6,30,1690.5,26
260512_1007_47-6.7_323.csv,G 608ST-60802901,STORED,12.05.2026,10:07:29,,: B:47-6.7,323.0 mm,5.0 mm,0.1 mm,Carbon Steel,WITHOUT LINING,Water,20.0 C,CDM1N5213047,2 NUM,197.9 mm,10 s,m3/h,mA,00:00:01 SAMPLES,Volume flow,[m3/h]/[m3],186,737.693,737.24,764,770.17,706.95,1457.4586,1505.3,1507.8,1514.1,32
260512_1010_47-6.7_323.csv,G 608ST-60802901,STORED,12.05.2026,10:10:55,,: B:47-6.7,323.0 mm,5.5 mm,0.1 mm,Carbon Steel,WITHOUT LINING,Water,20.0 C,CDM1N5213047,2 NUM,198.4 mm,10 s,m3/h,mA,00:00:01 SAMPLES,Volume flow,[m3/h]/[m3],68,742.2011,742.67,763.05,766.68,708.86,1305.3603,1499.1,1499.4,1505.2,29
260512_1014_47-5.6_323.csv,G 608ST-60802901,STORED,12.05.2026,10:14:17,,: B:47-5.6,323.0 mm,5.5 mm,0.1 mm,Carbon Steel,WITHOUT LINING,Water,20.0 C,CDM1N5213047,2 NUM,198.4 mm,10 s,m3/h,mA,00:00:01 SAMPLES,Volume flow,[m3/h]/[m3],134,777.4205,777.745,812.4,828.01,742.52,1460.5784,1492.6,1491.9,1500.5,28
260512_1023_47-10.11_273.csv,G 608ST-60802901,STORED,12.05.2026,10:23:16,,: B:47-10.11,273.1 mm,5.5 mm,0.1 mm,Carbon Steel,WITHOUT LINING,Water,20.0 C,CDM1N5213047,2 NUM,159.9 mm,10 s,m3/h,mA,00:00:01 SAMPLES,Volume flow,[m3/h]/[m3],135,224.3743,224.3,227.82,232.34,211.06,1497.1244,1518.5,1517.7,1580.7,29
260512_1028_47-11.12_220.csv,G 608ST-60802901,STORED,12.05.2026,10:28:55,,: B:47-11.12,220.0 mm,5.5 mm,0.1 mm,Carbon Steel,WITHOUT LINING,Water,20.0 C,CDM1N5213047,2 NUM,118.9 mm,10 s,m3/h,mA,00:00:01 SAMPLES,Volume flow,[m3/h]/[m3],249,-64.7599,-64.39,-61.8,-60.37,-70.16,644.5522,30,26,1549.3,21
260512_1038_3700.01_220.csv,G 608ST-60802901,STORED,12.05.2026,10:38:40,,: B:3700.01,220.0 mm,5.5 mm,0.1 mm,Carbon Steel,WITHOUT LINING,Water,20.0 C,CDM1N5213047,2 NUM,118.9 mm,10 s,m3/h,mA,00:00:01 SAMPLES,Volume flow,[m3/h]/[m3],88,-118.3052,-116.14,-127.83,-106.78,-130.48,1147.8341,1553.7,32,1617.4,23
260512_1041_3700.01_220.csv,G 608ST-60802901,STORED,12.05.2026,10:41:52,,: B:3700.01,220.0 mm,5.5 mm,0.1 mm,Carbon Steel,WITHOUT LINING,Water,20.0 C,CDM1N5213047,2 NUM,118.9 mm,10 s,m3/h,mA,00:00:01 SAMPLES,Volume flow,[m3/h]/[m3],85,124.3458,126.45,125.95,132.02,111.02,1540.5835,1542.3,1547.8,1562.3,1508.7
260512_1046_5800.01_114.csv,G 608ST-60802901,STORED,12.05.2026,10:46:24,,: B:5800.01,114.0 mm,4.5 mm,0.1 mm,Carbon Steel,WITHOUT LINING,Water,20.0 C,CDM1N5213047,2 NUM,36.1 mm,10 s,m3/h,mA,00:00:01 SAMPLES,Volume flow,[m3/h]/[m3],87,-36.307,-37.18,-28.16,-28.16,-41.3,1029.8931,1659,34,1700.6,19
260512_1048_5800.01_114.csv,G 608ST-60802901,STORED,12.05.2026,10:48:11,,: B:5800.01,114.0 mm,4.5 mm,0.1 mm,Carbon Steel,WITHOUT LINING,Water,20.0 C,CDM1N5213047,2 NUM,36.1 mm,10 s,m3/h,mA,00:00:01 SAMPLES,Volume flow,[m3/h]/[m3],149,32.8577,33.055,29.68,37.29,27.9,1488.4779,1561.1,30,1590.8,20
260512_1057_8107_220.csv,G 608ST-60802901,STORED,12.05.2026,10:57:05,,: B:8107,220.0 mm,5.0 mm,0.1 mm,Carbon Steel,WITHOUT LINING,Water,20.0 C,CDM1N5213047,2 NUM,118.4 mm,10 s,m3/h,mA,00:00:01 SAMPLES,Volume flow,[m3/h]/[m3],98,249.0416,250.48,245.41,261.13,230.8,1542.3122,1544,1546.6,1584.4,1524.6
260512_1111_8105_168.csv,G 608ST-60802901,STORED,12.05.2026,11:11:17,,: B:8105,168.3 mm,5.0 mm,0.1 mm,Carbon Steel,WITHOUT LINING,Water,20.0 C,CDM1N5213047,2 NUM,78.5 mm,10 s,m3/h,mA,00:00:01 SAMPLES,Volume flow,[m3/h]/[m3],173,,,,,,,,,,
260512_1124_8105_168.csv,G 608ST-60802901,STORED,12.05.2026,11:24:19,,: B:8105,168.3 mm,5.0 mm,0.1 mm,Carbon Steel,WITHOUT LINING,Water,20.0 C,CDM1N5213047,2 NUM,78.5 mm,10 s,m3/h,mA,00:00:01 SAMPLES,Volume flow,[m3/h]/[m3],35,,,,,,,,,,
260512_1139_1181_76.csv,G 608ST-60802901,STORED,12.05.2026,11:39:47,,: B:1181,76.1 mm,3.6 mm,0.1 mm,Carbon Steel,WITHOUT LINING,Water,20.0 C,CDM1N5213047,2 NUM,5.9 mm,10 s,m3/h,mA,00:00:01 SAMPLES,Volume flow,[m3/h]/[m3],41,,,,,,597.0098,42,28,1746.6,12
260512_1141_1181_76.csv,G 608ST-60802901,STORED,12.05.2026,11:41:10,,: B:1181,76.1 mm,3.6 mm,0.1 mm,Carbon Steel,WITHOUT LINING,Water,20.0 C,CDM1N5213047,2 NUM,5.9 mm,10 s,m3/h,mA,00:00:01 SAMPLES,Volume flow,[m3/h]/[m3],70,-16.7583,-15.445,-20.28,-14.19,-20.28,534.8486,48,48,1857.2,23
260512_1143_1181_76.csv,G 608ST-60802901,STORED,12.05.2026,11:43:11,,: B:1181,76.1 mm,3.6 mm,0.1 mm,Carbon Steel,WITHOUT LINING,Water,20.0 C,CDM1N5213047,2 NUM,5.9 mm,10 s,m3/h,mA,00:00:01 SAMPLES,Volume flow,[m3/h]/[m3],95,14.542,14.435,15.74,19.28,9.62,1548.9421,1625.6,1553.2,1722.4,42
260512_1145_1182_76.csv,G 608ST-60802901,STORED,12.05.2026,11:45:54,,: B:1182,76.1 mm,3.6 mm,0.1 mm,Carbon Steel,WITHOUT LINING,Water,20.0 C,CDM1N5213047,2 NUM,5.9 mm,10 s,m3/h,mA,00:00:01 SAMPLES,Volume flow,[m3/h]/[m3],9,0,0,0,0,0,1519.8889,1512.9,1506.9,1571.8,1506.9
260512_1146_1191_76.csv,G 608ST-60802901,STORED,12.05.2026,11:46:46,,: B:1191,76.1 mm,3.6 mm,0.1 mm,Carbon Steel,WITHOUT LINING,Water,20.0 C,CDM1N5213047,2 NUM,5.9 mm,10 s,m3/h,mA,00:00:01 SAMPLES,Volume flow,[m3/h]/[m3],30,-4.2946,-4.445,-3.57,-3.31,-5.36,1497.5033,1578.7,1564.2,1644.5,31
260512_1147_1191_76.csv,G 608ST-60802901,STORED,12.05.2026,11:47:41,,: B:1191,76.1 mm,3.6 mm,0.1 mm,Carbon Steel,WITHOUT LINING,Water,20.0 C,CDM1N5213047,2 NUM,5.9 mm,10 s,m3/h,mA,00:00:01 SAMPLES,Volume flow,[m3/h]/[m3],28,-10.6648,-10.69,-9.67,-9.62,-11.72,1587.55,1592.9,1603,1608.7,1553.2
260512_1148_1191_76.csv,G 608ST-60802901,STORED,12.05.2026,11:48:21,,: B:1191,76.1 mm,3.6 mm,0.1 mm,Carbon Steel,WITHOUT LINING,Water,20.0 C,CDM1N5213047,2 NUM,5.9 mm,10 s,m3/h,mA,00:00:01 SAMPLES,Volume flow,[m3/h]/[m3],67,5.6464,8.765,8.75,10.04,-9.67,1717.2792,1772.9,1724.4,1886,23
260512_1150_1192_76.csv,G 608ST-60802901,STORED,12.05.2026,11:50:37,,: B:1192,76.1 mm,3.6 mm,0.1 mm,Carbon Steel,WITHOUT LINING,Water,20.0 C,CDM1N5213047,2 NUM,5.9 mm,10 s,m3/h,mA,00:00:01 SAMPLES,Volume flow,[m3/h]/[m3],16,-9.9873,-10.06,-10.39,-8.78,-10.85,1588.6125,1549.9,1645.5,1645.5,1547.2
260512_1151_1192_76.csv,G 608ST-60802901,STORED,12.05.2026,11:51:59,,: B:1192,76.1 mm,3.6 mm,0.1 mm,Carbon Steel,WITHOUT LINING,Water,20.0 C,CDM1N5213047,2 NUM,5.9 mm,10 s,m3/h,mA,00:00:01 SAMPLES,Volume flow,[m3/h]/[m3],8,0.655,0.64,0.83,0.9,0.36,1508.275,1508.6,1508.6,1510,1505.8
260512_1152_1192_76.csv,G 608ST-60802901,STORED,12.05.2026,11:52:22,,: B:1192,76.1 mm,3.6 mm,0.1 mm,Carbon Steel,WITHOUT LINING,Water,20.0 C,CDM1N5213047,2 NUM,5.9 mm,10 s,m3/h,mA,00:00:01 SAMPLES,Volume flow,[m3/h]/[m3],3,0.47,0.47,0.47,0.47,0.47,1721.5,1721.5,1721.5,1721.5,1721.5
260512_1157_1120_114.csv,G 608ST-60802901,STORED,12.05.2026,11:57:09,,: B:1120,114.0 mm,4.5 mm,0.1 mm,Carbon Steel,WITHOUT LINING,Water,20.0 C,CDM1N5213047,2 NUM,36.1 mm,10 s,m3/h,mA,00:00:01 SAMPLES,Volume flow,[m3/h]/[m3],19,68.1647,67.78,70.9,71.69,64.7,1246.2789,1246.5,1251.5,1251.6,1232.7
