source,target,cabal,planta,tag,DN,OD_mm,WT_mm,d_m,area_m2,vel_ms,cabal_m3s,cabal_kgs,cabal_m3h,cabal_teo-real,vel_real,vel_teo-real,error
8105.0,0.0,200.0,torres,8105.0,150.0,168.3,4.8,0.1587,0.019780794669897482,1,0.019780794669897482,19.78079466989748,71.21086081163094,-128.78913918836906,2.8085603476841245,-1.8085603476841245,0.6439456959418453
8107.0,0.0,200.0,torres,8107.0,150.0,168.3,4.8,0.1587,0.019780794669897482,1,0.019780794669897482,19.78079466989748,71.21086081163094,-128.78913918836906,2.8085603476841245,-1.8085603476841245,0.6439456959418453
8106.0,0.0,200.0,torres,8106.0,150.0,168.3,4.8,0.1587,0.019780794669897482,1,0.019780794669897482,19.78079466989748,71.21086081163094,-128.78913918836906,2.8085603476841245,-1.8085603476841245,0.6439456959418453
8108.0,0.0,200.0,torres,8108.0,150.0,168.3,4.8,0.1587,0.019780794669897482,1,0.019780794669897482,19.78079466989748,71.21086081163094,-128.78913918836906,2.8085603476841245,-1.8085603476841245,0.6439456959418453
8104.0,0.0,200.0,torres,8104.0,150.0,168.3,4.8,0.1587,0.019780794669897482,1,0.019780794669897482,19.78079466989748,71.21086081163094,-128.78913918836906,2.8085603476841245,-1.8085603476841245,0.6439456959418453
0.0,1.0,1000.0,distribució,0.01,350.0,355.0,5.0,0.34500000000000003,0.0934820163983813,1,0.0934820163983813,93.4820163983813,336.53525903417267,-663.4647409658273,2.971456847849804,-1.971456847849804,0.6634647409658273
1.0,2.0,900.0,distribució,1.02,350.0,355.0,5.0,0.34500000000000003,0.0934820163983813,1,0.0934820163983813,93.4820163983813,336.53525903417267,-563.4647409658273,2.6743111630648233,-1.6743111630648233,0.6260719344064748
2.0,3.0,890.0,distribució,2.03,350.0,355.0,5.0,0.34500000000000003,0.0934820163983813,1,0.0934820163983813,93.4820163983813,336.53525903417267,-553.4647409658273,2.6445965945863255,-1.6445965945863255,0.6218704954672217
3.0,4.0,880.0,distribució,3.04,350.0,355.0,5.0,0.34500000000000003,0.0934820163983813,1,0.0934820163983813,93.4820163983813,336.53525903417267,-543.4647409658273,2.614882026107827,-1.6148820261078272,0.6175735692793491
4.0,5.0,880.0,distribució,4.05,350.0,355.0,5.0,0.34500000000000003,0.0934820163983813,1,0.0934820163983813,93.4820163983813,336.53525903417267,-543.4647409658273,2.614882026107827,-1.6148820261078272,0.6175735692793491
4.0,22.0,0.0,distribució,4.22,80.0,88.9,4.0,0.08090000000000001,0.005140281753785256,1,0.005140281753785256,5.140281753785255,18.50501431362692,18.50501431362692,0.0,1.0,0.0
5.0,6.0,780.0,distribució,5.06,300.0,323.0,5.0,0.313,0.07694467266988461,1,0.07694467266988461,76.94467266988461,277.0008216115846,-502.9991783884154,2.8158761243449657,-1.8158761243449657,0.6448707415236096
6.0,22.0,20.0,distribució,6.22,100.0,114.0,4.5,0.105,0.008659014751456867,1,0.008659014751456867,8.659014751456867,31.17245310524472,11.17245310524472,0.6415921112296109,0.3584078887703891,0.558622655262236
6.0,7.0,760.0,distribució,6.07,300.0,323.0,5.0,0.313,0.07694467266988461,1,0.07694467266988461,76.94467266988461,277.0008216115846,-482.9991783884154,2.743674172438684,-1.7436741724386842,0.6355252347215992
7.0,8.0,660.0,distribució,7.08,300.0,323.0,5.0,0.313,0.07694467266988461,1,0.07694467266988461,76.94467266988461,277.0008216115846,-382.9991783884154,2.3826644129072783,-1.3826644129072783,0.580301785436993
8.0,9.0,650.0,distribució,8.09,300.0,323.0,5.0,0.313,0.07694467266988461,1,0.07694467266988461,76.94467266988461,277.0008216115846,-372.9991783884154,2.346563436954138,-1.346563436954138,0.5738448898283314
9.0,10.0,600.0,distribució,9.1,300.0,323.0,5.0,0.313,0.07694467266988461,1,0.07694467266988461,76.94467266988461,277.0008216115846,-322.9991783884154,2.166058557188435,-1.166058557188435,0.5383319639806924
10.0,11.0,300.0,distribució,10.11,250.0,273.0,5.0,0.263,0.05432520556403811,1,0.05432520556403811,54.32520556403811,195.5707400305372,-104.4292599694628,1.533971799427444,-0.533971799427444,0.3480975332315427
11.0,12.0,150.0,distribució,11.12,200.0,220.0,5.0,0.21,0.03463605900582747,1,0.03463605900582747,34.63605900582747,124.68981242097888,-25.310187579021118,1.2029852085555204,-0.20298520855552038,0.16873458386014076
12.0,13.0,125.0,distribució,12.13,200.0,220.0,5.0,0.21,0.03463605900582747,1,0.03463605900582747,34.63605900582747,124.68981242097888,-0.31018757902111815,1.0024876737962671,-0.0024876737962671314,0.0024815006321690643
13.0,14.0,25.0,distribució,13.14,150.0,165.3,5.0,0.15530000000000002,0.018942303590654366,1,0.018942303590654366,18.942303590654365,68.19229292635572,43.19229292635572,0.3666103444710204,0.6333896555289795,1.7276917170542287
14.0,15.0,25.0,distribució,14.15,150.0,165.3,5.0,0.15530000000000002,0.018942303590654366,1,0.018942303590654366,18.942303590654365,68.19229292635572,43.19229292635572,0.3666103444710204,0.6333896555289795,1.7276917170542287
15.0,16.0,25.0,distribució,15.16,150.0,165.3,5.0,0.15530000000000002,0.018942303590654366,1,0.018942303590654366,18.942303590654365,68.19229292635572,43.19229292635572,0.3666103444710204,0.6333896555289795,1.7276917170542287
16.0,17.0,10.0,distribució,16.17,80.0,88.9,4.0,0.08090000000000001,0.005140281753785256,1,0.005140281753785256,5.140281753785255,18.50501431362692,8.50501431362692,0.5403940699811345,0.4596059300188655,0.8505014313626917
17.0,18.0,0.0,distribució,17.18,80.0,88.9,4.0,0.08090000000000001,0.005140281753785256,1,0.005140281753785256,5.140281753785255,18.50501431362692,18.50501431362692,0.0,1.0,0.0
18.0,21.0,0.0,distribució,18.21,80.0,88.9,4.0,0.08090000000000001,0.005140281753785256,1,0.005140281753785256,5.140281753785255,18.50501431362692,18.50501431362692,0.0,1.0,0.0
11.0,19.0,150.0,distribució,11.19,250.0,273.0,5.0,0.263,0.05432520556403811,1,0.05432520556403811,54.32520556403811,195.5707400305372,45.570740030537195,0.766985899713722,0.233014100286278,0.3038049335369147
19.0,20.0,41.0,distribució,19.2,200.0,220.0,5.0,0.21,0.03463605900582747,1,0.03463605900582747,34.63605900582747,124.68981242097888,83.68981242097888,0.3288159570051756,0.6711840429948244,2.041214937097046
20.0,21.0,10.0,distribució,20.21,200.0,220.0,5.0,0.21,0.03463605900582747,1,0.03463605900582747,34.63605900582747,124.68981242097888,114.68981242097888,0.08019901390370136,0.9198009860962987,0.0
22.0,23.0,20.0,distribució,22.23,100.0,114.0,4.5,0.105,0.008659014751456867,1,0.008659014751456867,8.659014751456867,31.17245310524472,11.17245310524472,0.6415921112296109,0.3584078887703891,0.558622655262236
23.0,24.0,10.0,distribució,23.24,100.0,114.0,4.5,0.105,0.008659014751456867,1,0.008659014751456867,8.659014751456867,31.17245310524472,21.17245310524472,0.32079605561480545,0.6792039443851945,2.117245310524472
3.0,51000.0,10.0,SS-1000,51000.0,50.0,60.3,3.6,0.053099999999999994,0.0022145165154970788,1,0.0022145165154970788,2.214516515497079,7.972259455789484,-2.0277405442105163,1.254349542366934,-0.25434954236693397,0.2027740544210517
2.0,53000.0,10.0,SS-3000,53000.0,50.0,60.3,3.6,0.053099999999999994,0.0022145165154970788,1,0.0022145165154970788,2.214516515497079,7.972259455789484,-2.0277405442105163,1.254349542366934,-0.25434954236693397,0.2027740544210517
1.0,1180.01,100.0,grups fred assecat,1180.01,100.0,114.0,4.5,0.105,0.008659014751456867,1,0.008659014751456867,8.659014751456867,31.17245310524472,-68.82754689475527,3.207960556148054,-2.207960556148054,0.6882754689475528
1180.01,1181.0,0.0,grups fred assecat,1181.0,65.0,76.1,3.6,0.06889999999999999,0.003728450015261999,1,0.003728450015261999,3.728450015261999,13.422420054943197,13.422420054943197,0.0,1.0,
1180.01,1180.02,100.0,grups fred assecat,1180.02,100.0,114.0,4.5,0.105,0.008659014751456867,1,0.008659014751456867,8.659014751456867,31.17245310524472,-68.82754689475527,3.207960556148054,-2.207960556148054,0.6882754689475528
1180.02,1182.0,50.0,grups fred assecat,1182.0,65.0,76.1,3.6,0.06889999999999999,0.003728450015261999,1,0.003728450015261999,3.728450015261999,13.422420054943197,-36.577579945056804,3.725110657789766,-2.725110657789766,0.7315515989011361
1180.02,1180.03,50.0,grups fred assecat,1180.03,100.0,114.0,4.5,0.105,0.008659014751456867,1,0.008659014751456867,8.659014751456867,31.17245310524472,-18.82754689475528,1.603980278074027,-0.6039802780740271,0.3765509378951055
1180.03,1191.0,0.0,grups fred assecat,1191.0,65.0,76.1,3.6,0.06889999999999999,0.003728450015261999,1,0.003728450015261999,3.728450015261999,13.422420054943197,13.422420054943197,0.0,1.0,
1180.03,1192.0,50.0,grups fred assecat,1192.0,65.0,76.1,3.6,0.06889999999999999,0.003728450015261999,1,0.003728450015261999,3.728450015261999,13.422420054943197,-36.577579945056804,3.725110657789766,-2.725110657789766,0.7315515989011361
8109.0,1160.01,100.0,grups fred extracció,1160.01,204.0,204.0,2.0,0.2,0.031415926535897934,1,0.031415926535897934,31.415926535897935,113.09733552923257,13.097335529232566,0.8841941282883073,0.11580587171169265,0.13097335529232565
1160.01,1160.0,50.0,grups fred extracció,1160.0,129.0,129.0,2.0,0.125,0.01227184630308513,1,0.01227184630308513,12.271846303085129,44.178646691106465,-5.821353308893535,1.1317684842090334,-0.13176848420903342,0.11642706617787059
1160.01,1170.0,50.0,grups fred extracció,1170.0,100.0,114.0,2.0,0.11,0.009503317777109124,1,0.009503317777109124,9.503317777109125,34.21194399759285,-15.788056002407153,1.4614778979972023,-0.4614778979972023,0.315761120048143
5.0,3100.01,100.0,PEC,3100.01,200.0,220.0,5.0,0.21,0.03463605900582747,1,0.03463605900582747,34.63605900582747,124.68981242097888,24.689812420978882,0.8019901390370135,0.19800986096298645,0.2468981242097889
3100.01,3100.02,20.0,PEC,3100.02,200.0,220.0,5.0,0.21,0.03463605900582747,1,0.03463605900582747,34.63605900582747,124.68981242097888,104.68981242097888,0.16039802780740273,0.8396019721925972,5.234490621048944
3100.01,3100.03,80.0,PEC,3100.03,125.0,141.0,5.0,0.131,0.013478217882063612,1,0.013478217882063612,13.478217882063612,48.521584375429,-31.478415624571,1.6487507782312123,-0.6487507782312123,0.39348019530713746
3100.02,3150.0,20.0,PEC,3150.0,50.0,60.3,3.6,0.053099999999999994,0.0022145165154970788,1,0.0022145165154970788,2.214516515497079,7.972259455789484,-12.027740544210516,2.508699084733868,-1.508699084733868,0.6013870272105258
3100.03,3101.0,40.0,PEC,3101.0,80.0,88.9,4.0,0.08090000000000001,0.005140281753785256,1,0.005140281753785256,5.140281753785255,18.50501431362692,-21.49498568637308,2.161576279924538,-1.161576279924538,0.5373746421593271
3100.03,3102.0,40.0,PEC,3102.0,80.0,88.9,4.0,0.08090000000000001,0.005140281753785256,1,0.005140281753785256,5.140281753785255,18.50501431362692,-21.49498568637308,2.161576279924538,-1.161576279924538,0.5373746421593271
23.0,5600.01,10.0,SS-600,5600.01,80.0,88.9,4.0,0.08090000000000001,0.005140281753785256,1,0.005140281753785256,5.140281753785255,18.50501431362692,8.50501431362692,0.5403940699811345,0.4596059300188655,0.8505014313626917
5600.01,5603.0,8.0,SS-600,5603.0,50.0,60.3,3.6,0.053099999999999994,0.0022145165154970788,1,0.0022145165154970788,2.214516515497079,7.972259455789484,-0.027740544210516305,1.003479633893547,-0.003479633893546996,0.0034675680263144527
5600.01,5601.0,2.0,SS-600,5601.0,50.0,60.3,3.6,0.053099999999999994,0.0022145165154970788,1,0.0022145165154970788,2.214516515497079,7.972259455789484,5.972259455789484,0.25086990847338675,0.7491300915266133,2.9861297278947423
24.0,56000.01,5.0,SS-6000,56000.01,100.0,114.0,4.5,0.105,0.008659014751456867,1,0.008659014751456867,8.659014751456867,31.17245310524472,26.17245310524472,0.16039802780740273,0.8396019721925972,5.234490621048944
56000.01,56002.0,5.0,SS-6000,56002.0,50.0,60.3,3.6,0.053099999999999994,0.0022145165154970788,1,0.0022145165154970788,2.214516515497079,7.972259455789484,2.9722594557894837,0.627174771183467,0.372825228816533,0.5944518911578965
24.0,52100.01,,SS-2100/SS-2200,52100.01,80.0,88.9,4.0,0.08090000000000001,0.005140281753785256,1,0.005140281753785256,5.140281753785255,18.50501431362692,18.50501431362692,0.0,1.0,0.0
52100.01,52100.02,,SS-2100/SS-2200,52100.02,80.0,88.9,4.0,0.08090000000000001,0.005140281753785256,1,0.005140281753785256,5.140281753785255,18.50501431362692,18.50501431362692,0.0,1.0,0.0
52100.01,52100.03,,SS-2100/SS-2200,52100.03,50.0,60.3,3.6,0.053099999999999994,0.0022145165154970788,1,0.0022145165154970788,2.214516515497079,7.972259455789484,7.972259455789484,0.0,1.0,0.0
52100.02,52107.0,,SS-2100/SS-2200,52107.0,65.0,76.1,3.6,0.06889999999999999,0.003728450015261999,1,0.003728450015261999,3.728450015261999,13.422420054943197,13.422420054943197,0.0,1.0,0.0
52100.02,52207.0,,SS-2100/SS-2200,52207.0,50.0,60.3,3.6,0.053099999999999994,0.0022145165154970788,1,0.0022145165154970788,2.214516515497079,7.972259455789484,7.972259455789484,0.0,1.0,0.0
52100.03,52100.0,,SS-2100/SS-2200,52100.0,50.0,60.3,3.6,0.053099999999999994,0.0022145165154970788,1,0.0022145165154970788,2.214516515497079,7.972259455789484,7.972259455789484,0.0,1.0,0.0
52100.03,52200.0,,SS-2100/SS-2200,52200.0,50.0,60.3,3.6,0.053099999999999994,0.0022145165154970788,1,0.0022145165154970788,2.214516515497079,7.972259455789484,7.972259455789484,0.0,1.0,0.0
7.0,3700.01,100.0,E-700,3700.01,200.0,220.0,5.0,0.21,0.03463605900582747,1,0.03463605900582747,34.63605900582747,124.68981242097888,24.689812420978882,0.8019901390370135,0.19800986096298645,0.2468981242097889
3700.01,1120.0,100.0,E-700,1120.0,125.0,141.0,5.0,0.131,0.013478217882063612,1,0.013478217882063612,13.478217882063612,48.521584375429,-51.478415624571,2.060938472789015,-1.0609384727890152,0.51478415624571
13.0,5800.01,100.0,SS-800,5800.01,100.0,114.0,4.5,0.105,0.008659014751456867,1,0.008659014751456867,8.659014751456867,31.17245310524472,-68.82754689475527,3.207960556148054,-2.207960556148054,0.6882754689475528
5800.01,5802.0,50.0,SS-800,5802.0,50.0,60.3,3.6,0.053099999999999994,0.0022145165154970788,1,0.0022145165154970788,2.214516515497079,7.972259455789484,-42.027740544210516,6.271747711834669,-5.271747711834669,0.8405548108842104
5800.01,5801.0,50.0,SS-800,5801.0,80.0,88.9,4.0,0.08090000000000001,0.005140281753785256,1,0.005140281753785256,5.140281753785255,18.50501431362692,-31.49498568637308,2.7019703499056718,-1.7019703499056718,0.6298997137274616
8.0,5700.01,10.0,SS-700B,5700.01,100.0,114.0,4.5,0.105,0.008659014751456867,1,0.008659014751456867,8.659014751456867,31.17245310524472,21.17245310524472,0.32079605561480545,0.6792039443851945,2.117245310524472
5700.01,5701.0,10.0,SS-700B,5701.0,80.0,88.9,4.0,0.08090000000000001,0.005140281753785256,1,0.005140281753785256,5.140281753785255,18.50501431362692,8.50501431362692,0.5403940699811345,0.4596059300188655,0.8505014313626917
12.0,4600.01,15.0,LIQ-LIQ,4600.01,65.0,76.1,3.6,0.06889999999999999,0.003728450015261999,1,0.003728450015261999,3.728450015261999,13.422420054943197,-1.5775799450568027,1.1175331973369298,-0.1175331973369298,0.1051719963371202
4600.01,4671.0,15.0,LIQ-LIQ,4671.0,32.0,43.0,3.2,0.0366,0.0010520879637606858,1,0.0010520879637606858,1.0520879637606857,3.7875166695384688,-11.21248333046153,3.9603786091924547,-2.9603786091924547,0.7474988886974354
4600.01,4670.0,0.0,LIQ-LIQ,4670.0,100.0,114.0,4.5,0.105,0.008659014751456867,1,0.008659014751456867,8.659014751456867,31.17245310524472,31.17245310524472,0.0,1.0,0.0
16.0,4600.02,25.0,LIQ-LIQ,4600.02,125.0,139.7,5.0,0.12969999999999998,0.013212038590506577,1,0.013212038590506577,13.212038590506577,47.56333892582368,22.56333892582368,0.5256149077126016,0.47438509228739845,0.902533557032947
4600.02,4651.0,25.0,LIQ-LIQ,4651.0,50.0,60.3,3.6,0.053099999999999994,0.0022145165154970788,1,0.0022145165154970788,2.214516515497079,7.972259455789484,-17.027740544210516,3.1358738559173345,-2.1358738559173345,0.6811096217684206
17.0,4501.0,10.0,P-600,4501.0,50.0,60.3,3.6,0.053099999999999994,0.0022145165154970788,1,0.0022145165154970788,2.214516515497079,7.972259455789484,-2.0277405442105163,1.254349542366934,-0.25434954236693397,0.2027740544210517
9.0,4700.01,50.0,V-700/V-800,4700.01,150.0,168.3,5.0,0.15830000000000002,0.019681206182778688,1,0.019681206182778688,19.681206182778688,70.85234225800328,20.852342258003276,0.7056929722651779,0.2943070277348221,0.41704684516006557
4700.01,4700.02,40.0,V-700/V-800,4700.02,100.0,114.0,4.5,0.105,0.008659014751456867,1,0.008659014751456867,8.659014751456867,31.17245310524472,-8.82754689475528,1.2831842224592218,-0.2831842224592218,0.220688672368882
4700.02,4810.0,20.0,V-700/V-800,4810.0,65.0,76.1,3.6,0.06889999999999999,0.003728450015261999,1,0.003728450015261999,3.728450015261999,13.422420054943197,-6.577579945056803,1.4900442631159065,-0.49004426311590654,0.3288789972528402
4700.02,4710.0,20.0,V-700/V-800,4710.0,65.0,76.1,3.6,0.06889999999999999,0.003728450015261999,1,0.003728450015261999,3.728450015261999,13.422420054943197,-6.577579945056803,1.4900442631159065,-0.49004426311590654,0.3288789972528402
4700.01,4740.0,10.0,V-700/V-800,4740.0,25.0,33.7,3.2,0.027300000000000005,0.0005853493971984844,1,0.0005853493971984844,0.5853493971984843,2.107257829914544,-7.892742170085456,4.7455037812841026,-3.7455037812841026,0.7892742170085456
4700.02,4711.0,0.0,V-700/V-800,4711.0,50.0,60.3,3.6,0.053099999999999994,0.0022145165154970788,1,0.0022145165154970788,2.214516515497079,7.972259455789484,7.972259455789484,0.0,1.0,0.0
4700.02,4811.0,0.0,V-700/V-800,4811.0,50.0,60.3,3.6,0.053099999999999994,0.0022145165154970788,1,0.0022145165154970788,2.214516515497079,7.972259455789484,7.972259455789484,0.0,1.0,0.0
10.0,3900.01,300.0,E-900/E-1000,3900.01,204.0,204.0,2.0,0.2,0.031415926535897934,1,0.031415926535897934,31.415926535897935,113.09733552923257,-186.90266447076743,2.652582384864922,-1.652582384864922,0.6230088815692247
3900.01,3900.02,200.0,E-900/E-1000,3900.02,204.0,204.0,2.0,0.2,0.031415926535897934,1,0.031415926535897934,31.415926535897935,113.09733552923257,-86.90266447076743,1.7683882565766147,-0.7683882565766147,0.43451332235383716
3900.02,3900.03,100.0,E-900/E-1000,3900.03,155.0,155.0,2.0,0.151,0.017907863523625216,1,0.017907863523625216,17.907863523625217,64.46830868505077,-35.53169131494923,1.5511497360436954,-0.5511497360436954,0.35531691314949215
3900.01,31001.0,100.0,E-900/E-1000,31001.0,88.9,88.9,2.0,0.0849,0.005661157815750442,1,0.005661157815750442,5.661157815750442,20.38016813670159,-79.6198318632984,4.906730863516046,-3.906730863516046,0.7961983186329841
3900.02,3901.0,100.0,E-900/E-1000,3901.0,88.9,88.9,2.0,0.0849,0.005661157815750442,1,0.005661157815750442,5.661157815750442,20.38016813670159,-79.6198318632984,4.906730863516046,-3.906730863516046,0.7961983186329841
3900.03,31006.0,50.0,E-900/E-1000,31006.0,139.7,139.7,2.0,0.1357,0.014462706625900674,1,0.014462706625900674,14.462706625900674,52.065743853242424,2.0657438532424237,0.9603243188253464,0.03967568117465359,0.04131487706484852
3900.03,3906.0,50.0,E-900/E-1000,3906.0,139.7,139.7,2.0,0.1357,0.014462706625900674,1,0.014462706625900674,14.462706625900674,52.065743853242424,2.0657438532424237,0.9603243188253464,0.03967568117465359,0.04131487706484852
19.0,3800.01,120.0,E-800,3800.01,155.0,155.0,2.0,0.151,0.017907863523625216,1,0.017907863523625216,17.907863523625217,64.46830868505077,-55.53169131494923,1.8613796832524347,-0.8613796832524347,0.46276409429124354
3800.01,3801.0,90.0,E-800,3801.0,88.9,88.9,2.0,0.0849,0.005661157815750442,1,0.005661157815750442,5.661157815750442,20.38016813670159,-69.6198318632984,4.416057777164442,-3.4160577771644416,0.7735536873699823
3800.01,3806.0,30.0,E-800,3806.0,139.7,139.7,2.0,0.1357,0.014462706625900674,1,0.014462706625900674,14.462706625900674,52.065743853242424,22.065743853242424,0.5761945912952079,0.4238054087047921,0.7355247951080808
20.0,4200.01,20.0,SIL-PEL,4200.01,100.0,114.0,4.5,0.105,0.008659014751456867,1,0.008659014751456867,8.659014751456867,31.17245310524472,11.17245310524472,0.6415921112296109,0.3584078887703891,0.558622655262236
4200.01,4202.0,10.0,SIL-PEL,4202.0,65.0,76.1,3.6,0.06889999999999999,0.003728450015261999,1,0.003728450015261999,3.728450015261999,13.422420054943197,3.4224200549431973,0.7450221315579533,0.25497786844204673,0.3422420054943196
4200.01,4201.0,10.0,SIL-PEL,4201.0,65.0,76.1,3.6,0.06889999999999999,0.003728450015261999,1,0.003728450015261999,3.728450015261999,13.422420054943197,3.4224200549431973,0.7450221315579533,0.25497786844204673,0.3422420054943196
21.0,4300.01,10.0,SIL-PEL,4300.01,65.0,76.1,3.6,0.06889999999999999,0.003728450015261999,1,0.003728450015261999,3.728450015261999,13.422420054943197,3.4224200549431973,0.7450221315579533,0.25497786844204673,0.3422420054943196
4300.01,4303.0,5.0,SIL-PEL,4303.0,50.0,60.3,3.6,0.053099999999999994,0.0022145165154970788,1,0.0022145165154970788,2.214516515497079,7.972259455789484,2.9722594557894837,0.627174771183467,0.372825228816533,0.5944518911578965
4300.01,4304.0,5.0,SIL-PEL,4304.0,50.0,60.3,3.6,0.053099999999999994,0.0022145165154970788,1,0.0022145165154970788,2.214516515497079,7.972259455789484,2.9722594557894837,0.627174771183467,0.372825228816533,0.5944518911578965
